hhid,pid,at_risk,age,sex,province,district,urban_rural,ever_attended,highest_class,years_completed,class_2022,repeated_prior,consumption_quintile,household_education_expenditure
300004.0,2.0,0,17,2,1,11.0,1,1,5.0,1.0,8.0,1,5,13.430379
300004.0,3.0,0,14,2,1,11.0,1,1,5.0,2.0,8.0,0,5,13.430379
300005.0,3.0,1,13,2,1,11.0,1,1,3.0,5.0,5.0,0,3,12.068826
300005.0,4.0,1,12,2,1,11.0,1,1,3.0,3.0,3.0,0,3,12.068826
300006.0,5.0,0,16,2,1,11.0,1,1,6.0,0.0,9.0,0,4,13.601922
300008.0,2.0,0,17,1,1,11.0,1,1,5.0,0.0,6.0,0,4,12.495233
300010.0,3.0,1,17,2,1,11.0,1,1,3.0,4.0,0.0,0,5,0.0
300023.0,6.0,0,17,2,1,11.0,1,1,5.0,1.0,7.0,0,5,14.088481
300023.0,7.0,1,14,1,1,11.0,1,1,5.0,0.0,6.0,0,5,14.088481
300023.0,8.0,1,12,2,1,11.0,1,1,3.0,5.0,5.0,0,5,14.088481
300028.0,5.0,0,17,1,1,11.0,2,1,5.0,0.0,6.0,0,1,11.150175
300028.0,6.0,1,13,1,1,11.0,2,1,3.0,2.0,3.0,0,1,11.150175
300029.0,3.0,1,12,1,1,11.0,2,1,3.0,4.0,4.0,0,4,12.095286
300033.0,3.0,1,12,2,1,11.0,2,1,3.0,2.0,2.0,0,5,10.6914
300035.0,3.0,1,14,1,1,11.0,2,1,3.0,1.0,0.0,0,5,0.0
300037.0,4.0,0,15,2,1,11.0,1,1,5.0,2.0,8.0,0,4,12.787509
300037.0,5.0,0,15,2,1,11.0,1,1,5.0,2.0,8.0,0,4,12.787509
300041.0,4.0,1,13,1,1,11.0,1,1,3.0,3.0,3.0,0,5,12.584599
300041.0,5.0,1,14,2,1,11.0,1,1,3.0,4.0,4.0,0,5,12.584599
300043.0,2.0,1,16,1,1,11.0,1,1,3.0,6.0,6.0,0,1,8.993551
300049.0,5.0,1,17,2,1,11.0,1,1,5.0,0.0,0.0,0,5,13.322854
300051.0,6.0,1,12,2,1,11.0,1,1,3.0,3.0,3.0,0,5,15.406581
300054.0,3.0,1,12,1,1,11.0,1,1,3.0,5.0,5.0,0,5,11.878616
300054.0,5.0,1,12,2,1,11.0,1,1,3.0,5.0,5.0,0,5,11.878616
300056.0,2.0,0,16,2,1,11.0,1,1,6.0,0.0,9.0,0,5,13.082501
300057.0,3.0,1,13,1,1,11.0,1,1,3.0,5.0,5.0,0,5,12.052198
300058.0,3.0,1,17,1,1,11.0,1,1,3.0,6.0,0.0,0,2,11.455836
300058.0,4.0,1,15,1,1,11.0,1,1,3.0,4.0,4.0,0,2,11.455836
300058.0,5.0,1,12,1,1,11.0,1,1,3.0,5.0,5.0,0,2,11.455836
300061.0,3.0,0,16,1,1,11.0,1,1,6.0,1.0,10.0,0,5,13.700881
300065.0,5.0,0,15,2,1,11.0,1,1,5.0,2.0,8.0,0,5,15.048456
300065.0,6.0,1,13,1,1,11.0,1,0,,,,0,5,15.048456
300067.0,4.0,1,12,1,1,11.0,1,1,3.0,5.0,5.0,0,5,14.7185135
300071.0,6.0,0,14,1,1,11.0,1,1,5.0,2.0,8.0,0,5,15.446711
300072.0,4.0,1,16,1,1,11.0,1,1,3.0,6.0,0.0,0,5,11.002116
300076.0,5.0,1,17,1,1,11.0,1,1,3.0,5.0,0.0,0,3,13.070071
300076.0,6.0,1,15,1,1,11.0,1,1,3.0,3.0,4.0,1,3,13.070071
300076.0,7.0,1,13,2,1,11.0,1,1,3.0,4.0,4.0,0,3,13.070071
300077.0,2.0,1,12,2,1,11.0,1,1,3.0,5.0,5.0,0,2,12.104046
300078.0,2.0,1,15,2,1,11.0,1,1,3.0,2.0,2.0,0,1,10.406563
300079.0,3.0,0,17,1,1,11.0,1,1,5.0,2.0,8.0,0,3,12.117847
300079.0,4.0,1,14,1,1,11.0,1,1,3.0,4.0,4.0,0,3,12.117847
300080.0,7.0,1,16,1,1,11.0,1,1,3.0,2.0,0.0,0,5,15.049062
300084.0,5.0,1,17,2,1,11.0,1,1,3.0,5.0,0.0,0,4,11.743649
300088.0,3.0,1,12,1,1,11.0,1,1,3.0,4.0,4.0,0,3,11.617744
300091.0,5.0,0,17,1,1,11.0,1,1,5.0,1.0,8.0,0,3,12.411911
300093.0,2.0,1,17,1,1,11.0,1,1,3.0,3.0,0.0,0,1,11.126542
300093.0,3.0,1,13,1,1,11.0,1,1,3.0,2.0,3.0,1,1,11.126542
300094.0,3.0,1,14,1,1,11.0,1,1,3.0,2.0,3.0,1,4,11.673777
300094.0,4.0,1,12,1,1,11.0,1,1,3.0,3.0,3.0,0,4,11.673777
300096.0,4.0,1,14,2,1,11.0,1,1,3.0,2.0,3.0,1,1,10.308152
300100.0,3.0,0,17,1,1,11.0,1,1,6.0,0.0,9.0,0,5,13.09635
300101.0,3.0,0,16,1,1,11.0,1,1,6.0,0.0,9.0,0,5,15.089196
300102.0,5.0,0,15,2,1,11.0,1,1,5.0,2.0,8.0,0,3,13.148579
300103.0,3.0,1,16,2,1,11.0,1,1,3.0,6.0,0.0,0,5,0.0
300110.0,2.0,1,17,1,1,11.0,1,1,3.0,6.0,0.0,0,4,0.0
300111.0,3.0,1,17,1,1,11.0,1,1,3.0,5.0,0.0,0,5,0.0
300114.0,3.0,0,16,2,1,11.0,1,1,5.0,1.0,7.0,0,5,13.420571
300114.0,4.0,0,12,2,1,11.0,1,1,5.0,0.0,6.0,0,5,13.420571
300115.0,6.0,0,17,2,1,11.0,1,1,6.0,0.0,9.0,0,5,13.968447
300115.0,7.0,1,12,2,1,11.0,1,1,3.0,4.0,4.0,0,5,13.968447
300118.0,2.0,0,15,2,1,11.0,1,1,6.0,0.0,9.0,0,5,13.975979
300118.0,3.0,0,13,1,1,11.0,1,1,5.0,1.0,7.0,0,5,13.975979
300118.0,5.0,1,17,2,1,11.0,1,1,3.0,6.0,0.0,0,5,13.975979
300119.0,7.0,0,17,1,1,11.0,1,1,6.0,0.0,9.0,0,5,14.389312
300119.0,8.0,0,15,2,1,11.0,1,1,5.0,1.0,8.0,1,5,14.389312
300127.0,4.0,0,14,2,1,11.0,2,1,5.0,1.0,7.0,0,5,13.26553
300131.0,3.0,1,12,2,1,11.0,2,1,3.0,5.0,5.0,0,3,11.58572
300137.0,2.0,0,16,2,1,11.0,1,1,6.0,1.0,10.0,0,5,13.340697
300146.0,3.0,1,16,1,1,11.0,1,1,3.0,4.0,4.0,0,3,11.080233
300148.0,3.0,0,16,2,1,11.0,1,1,5.0,2.0,8.0,0,5,13.259271
300148.0,4.0,0,14,2,1,11.0,1,1,5.0,1.0,7.0,0,5,13.259271
300151.0,6.0,1,12,1,1,11.0,1,1,3.0,5.0,5.0,0,5,14.870859
300152.0,3.0,0,17,1,1,11.0,1,1,6.0,0.0,9.0,0,5,12.793793
300170.0,3.0,1,13,2,1,11.0,1,1,3.0,4.0,5.0,0,4,0.0
300170.0,6.0,1,14,1,1,11.0,1,1,3.0,2.0,0.0,0,4,0.0
300171.0,4.0,0,16,1,1,11.0,1,1,5.0,0.0,6.0,0,5,11.74848
300172.0,4.0,1,15,2,1,11.0,1,1,3.0,5.0,5.0,0,5,10.331236
300174.0,3.0,0,17,1,1,11.0,1,1,5.0,1.0,7.0,0,3,12.883525
300174.0,4.0,0,14,2,1,11.0,1,1,5.0,0.0,6.0,0,3,12.883525
300177.0,3.0,1,13,1,1,11.0,1,1,3.0,4.0,4.0,0,2,11.639127
300180.0,3.0,0,15,1,1,11.0,1,1,5.0,2.0,8.0,0,5,11.040695
300188.0,3.0,1,12,2,1,11.0,1,1,3.0,1.0,2.0,1,5,11.212847
300189.0,3.0,1,17,1,1,11.0,2,1,3.0,6.0,0.0,0,4,12.004024
300189.0,4.0,0,15,1,1,11.0,2,1,5.0,0.0,6.0,0,4,12.004024
300191.0,3.0,0,13,1,1,11.0,2,1,5.0,0.0,6.0,0,3,12.6969385
300196.0,3.0,1,13,2,1,11.0,2,1,3.0,2.0,2.0,0,2,11.256109
300197.0,5.0,1,15,1,1,11.0,2,1,3.0,4.0,5.0,1,4,11.850297
300197.0,6.0,1,12,1,1,11.0,2,1,3.0,2.0,2.0,0,4,11.850297
300208.0,2.0,1,16,1,1,11.0,1,1,3.0,2.0,0.0,0,2,0.0
300208.0,3.0,1,15,2,1,11.0,1,1,3.0,3.0,0.0,0,2,0.0
300209.0,3.0,1,13,2,1,11.0,1,1,3.0,5.0,5.0,0,2,11.471593
300213.0,4.0,0,14,1,1,11.0,1,1,5.0,1.0,7.0,0,5,11.400439
300218.0,3.0,1,15,1,1,11.0,1,1,3.0,2.0,2.0,0,3,10.625611
300222.0,4.0,0,16,2,1,11.0,1,1,5.0,1.0,7.0,0,3,12.715991
300222.0,5.0,0,15,1,1,11.0,1,1,5.0,0.0,6.0,0,3,12.715991
300222.0,6.0,1,13,1,1,11.0,1,1,3.0,4.0,4.0,0,3,12.715991
300223.0,3.0,1,12,2,1,11.0,1,1,3.0,0.0,1.0,1,1,10.462418
300229.0,2.0,0,17,1,1,11.0,1,1,5.0,2.0,8.0,0,5,12.284472
300229.0,3.0,1,15,2,1,11.0,1,1,3.0,5.0,6.0,0,5,12.284472
300231.0,3.0,0,13,2,1,11.0,1,1,5.0,0.0,6.0,0,5,13.019967
300235.0,3.0,0,17,1,1,11.0,1,1,5.0,2.0,8.0,0,4,11.954633
300238.0,3.0,0,15,1,1,11.0,1,1,5.0,1.0,7.0,0,3,12.131543
300238.0,4.0,1,12,2,1,11.0,1,1,3.0,5.0,5.0,0,3,12.131543
300241.0,5.0,1,17,1,1,11.0,1,1,3.0,4.0,0.0,0,4,11.519911
300242.0,4.0,0,15,1,1,11.0,1,1,5.0,0.0,6.0,0,5,13.819404
300242.0,9.0,1,12,2,1,11.0,1,1,3.0,3.0,4.0,1,5,13.819404
300243.0,5.0,1,15,1,1,11.0,2,1,3.0,2.0,0.0,0,1,11.141151
300243.0,6.0,1,12,2,1,11.0,2,1,3.0,3.0,3.0,0,1,11.141151
300248.0,3.0,0,16,1,1,11.0,2,1,5.0,1.0,7.0,0,4,11.455836
300248.0,4.0,1,12,1,1,11.0,2,1,3.0,3.0,3.0,0,4,11.455836
300253.0,2.0,1,12,1,1,11.0,1,1,3.0,4.0,4.0,0,4,12.113606
300257.0,2.0,1,17,2,1,11.0,1,1,3.0,6.0,6.0,0,5,11.189077
300261.0,3.0,0,15,2,1,11.0,1,1,5.0,1.0,7.0,0,4,12.893506
300262.0,3.0,1,13,2,1,11.0,1,1,3.0,4.0,4.0,0,4,11.322382
300264.0,3.0,1,13,2,1,11.0,1,1,3.0,4.0,4.0,0,1,11.250924
300266.0,3.0,1,12,2,1,11.0,1,1,3.0,4.0,4.0,0,4,11.770285
300267.0,5.0,1,17,1,1,11.0,1,1,3.0,6.0,0.0,0,5,13.463114
300278.0,3.0,0,17,1,1,11.0,1,1,6.0,0.0,9.0,0,4,12.775019
300278.0,4.0,0,14,2,1,11.0,1,1,5.0,1.0,7.0,0,4,12.775019
300281.0,3.0,0,15,2,1,11.0,1,1,5.0,1.0,7.0,0,4,12.807203
300288.0,3.0,0,12,1,1,11.0,1,1,5.0,0.0,6.0,0,5,13.730346
300289.0,3.0,1,12,2,1,11.0,1,1,3.0,5.0,5.0,0,4,12.829336
300292.0,4.0,0,17,1,1,11.0,1,1,6.0,0.0,9.0,0,5,13.9135
300292.0,5.0,1,12,2,1,11.0,1,1,3.0,5.0,5.0,0,5,13.9135
300293.0,5.0,1,15,2,1,11.0,1,1,3.0,6.0,0.0,0,4,12.025755
300294.0,7.0,1,12,1,1,11.0,1,1,3.0,5.0,5.0,0,5,14.546876
300298.0,4.0,1,16,1,1,11.0,2,1,3.0,2.0,2.0,0,3,11.081388
300299.0,3.0,1,15,1,1,11.0,2,1,3.0,5.0,5.0,0,1,11.532983
300299.0,4.0,1,13,1,1,11.0,2,1,3.0,4.0,4.0,0,1,11.532983
300303.0,4.0,0,15,2,1,11.0,2,1,5.0,1.0,7.0,0,5,11.9914
300305.0,3.0,0,17,2,1,11.0,2,1,5.0,1.0,7.0,0,2,11.776143
300305.0,4.0,1,14,1,1,11.0,2,1,3.0,3.0,4.0,1,2,11.776143
300307.0,2.0,1,14,1,1,11.0,2,1,3.0,3.0,4.0,1,3,11.61932
300308.0,2.0,0,16,1,1,11.0,2,1,5.0,2.0,8.0,0,4,11.776796
300308.0,3.0,1,13,1,1,11.0,2,1,3.0,3.0,4.0,1,4,11.776796
300310.0,4.0,1,13,1,1,11.0,2,1,3.0,2.0,3.0,1,5,11.673564
300310.0,5.0,1,12,2,1,11.0,2,1,3.0,2.0,2.0,0,5,11.673564
300315.0,5.0,1,12,2,1,11.0,1,1,3.0,5.0,5.0,0,5,15.160462
300316.0,6.0,0,16,2,1,11.0,1,1,5.0,1.0,7.0,0,5,13.821355
300326.0,3.0,1,12,2,1,11.0,1,1,3.0,3.0,3.0,0,3,11.200281
300328.0,4.0,1,15,2,1,11.0,1,1,3.0,5.0,5.0,0,5,13.439981
300333.0,4.0,1,12,2,1,11.0,1,1,3.0,3.0,3.0,0,3,10.462418
300336.0,3.0,0,15,2,1,11.0,1,1,5.0,1.0,7.0,0,3,11.576239
300340.0,3.0,0,16,1,1,11.0,1,1,5.0,2.0,8.0,0,3,12.992702
300340.0,4.0,0,12,2,1,11.0,1,1,5.0,0.0,6.0,0,3,12.992702
300353.0,5.0,0,13,2,1,11.0,1,1,5.0,0.0,6.0,0,4,13.507437
300355.0,4.0,0,14,1,1,11.0,1,1,5.0,2.0,8.0,0,4,13.381994
300355.0,5.0,1,12,1,1,11.0,1,1,3.0,4.0,5.0,1,4,13.381994
300356.0,3.0,0,13,2,1,11.0,1,1,5.0,0.0,6.0,0,5,11.746898
300359.0,7.0,1,17,2,1,11.0,1,1,5.0,1.0,8.0,0,4,12.506181
300361.0,2.0,1,16,1,1,11.0,1,1,3.0,6.0,0.0,0,1,11.307756
300361.0,3.0,1,13,2,1,11.0,1,1,3.0,2.0,2.0,0,1,11.307756
300362.0,3.0,0,15,1,1,11.0,1,1,5.0,2.0,8.0,0,3,12.963077
300363.0,4.0,0,17,2,1,11.0,1,1,5.0,2.0,8.0,0,4,13.940531
300363.0,5.0,1,14,1,1,11.0,1,1,3.0,4.0,5.0,1,4,13.940531
300363.0,6.0,1,12,2,1,11.0,1,1,3.0,3.0,4.0,1,4,13.940531
300364.0,3.0,1,14,2,1,11.0,1,1,3.0,4.0,5.0,1,2,11.145493
300364.0,4.0,1,12,2,1,11.0,1,1,3.0,1.0,2.0,1,2,11.145493
300367.0,4.0,1,14,1,1,11.0,1,1,3.0,0.0,0.0,0,3,10.3664665
300368.0,2.0,0,17,2,1,11.0,1,1,5.0,1.0,7.0,0,3,12.36167
300368.0,3.0,0,16,1,1,11.0,1,1,5.0,1.0,7.0,0,3,12.36167
300368.0,5.0,1,12,2,1,11.0,1,1,3.0,5.0,5.0,0,3,12.36167
300376.0,5.0,0,17,1,1,11.0,1,1,5.0,1.0,7.0,0,2,11.030379
300376.0,6.0,0,17,1,1,11.0,1,1,5.0,1.0,7.0,0,2,11.030379
300380.0,3.0,1,12,1,1,11.0,1,1,3.0,5.0,5.0,0,5,13.01478
300388.0,3.0,0,14,2,1,11.0,1,1,5.0,1.0,7.0,0,5,14.031799
300388.0,4.0,1,12,2,1,11.0,1,1,3.0,5.0,5.0,0,5,14.031799
300390.0,3.0,1,15,2,1,11.0,1,1,3.0,4.0,4.0,0,1,11.537871
300390.0,5.0,1,14,1,1,11.0,1,1,3.0,4.0,5.0,1,1,11.537871
300398.0,4.0,1,17,2,1,11.0,1,1,3.0,6.0,0.0,0,5,11.305606
300400.0,7.0,1,12,1,1,11.0,1,1,3.0,3.0,4.0,0,4,11.545886
300403.0,3.0,0,14,1,1,11.0,1,1,5.0,0.0,6.0,0,3,12.124732
300405.0,3.0,0,12,2,1,11.0,1,1,5.0,0.0,6.0,0,5,14.040453
300407.0,5.0,0,14,1,1,11.0,1,1,5.0,0.0,6.0,0,5,13.721723
300408.0,5.0,1,15,2,1,11.0,1,1,3.0,4.0,5.0,1,5,11.55958
300410.0,4.0,0,16,2,1,11.0,1,1,6.0,1.0,10.0,0,5,14.073218
300416.0,5.0,1,15,1,1,11.0,2,1,3.0,4.0,0.0,0,2,0.0
300418.0,2.0,1,12,2,1,11.0,2,1,3.0,4.0,5.0,1,1,11.719948
300420.0,2.0,1,16,2,1,11.0,2,1,3.0,6.0,0.0,0,3,0.0
300425.0,3.0,1,13,1,1,11.0,1,1,3.0,4.0,4.0,0,5,12.138468
300427.0,2.0,1,14,2,1,11.0,1,1,3.0,5.0,5.0,0,5,12.099328
300428.0,2.0,0,17,2,1,11.0,1,1,5.0,2.0,8.0,0,5,11.791776
300436.0,3.0,1,12,2,1,11.0,1,1,3.0,3.0,3.0,0,4,11.197543
300438.0,3.0,1,14,1,1,11.0,1,1,3.0,2.0,0.0,0,3,11.384535
300445.0,8.0,1,15,2,1,11.0,1,1,3.0,3.0,0.0,0,2,11.556234
300449.0,5.0,0,16,2,1,11.0,1,1,5.0,2.0,8.0,0,5,14.291559
300451.0,2.0,0,17,1,1,11.0,1,1,6.0,0.0,9.0,0,5,13.357137
300451.0,3.0,1,12,2,1,11.0,1,1,3.0,4.0,4.0,0,5,13.357137
300455.0,4.0,1,14,1,1,11.0,1,1,3.0,5.0,5.0,0,5,13.606178
300455.0,5.0,1,12,2,1,11.0,1,1,3.0,4.0,4.0,0,5,13.606178
300461.0,2.0,1,12,2,1,11.0,2,1,3.0,2.0,2.0,0,3,11.034099
300462.0,3.0,1,14,2,1,11.0,2,1,3.0,3.0,4.0,1,3,10.952139
300463.0,5.0,1,17,2,1,11.0,2,1,3.0,4.0,0.0,0,5,8.779712
300469.0,6.0,0,13,1,1,11.0,1,1,5.0,0.0,6.0,0,5,12.991619
300472.0,2.0,0,17,2,1,11.0,1,1,5.0,1.0,7.0,0,4,13.019247
300472.0,3.0,1,15,1,1,11.0,1,1,3.0,4.0,4.0,0,4,13.019247
300476.0,3.0,0,16,2,1,11.0,1,1,5.0,2.0,8.0,0,5,13.81751
300476.0,4.0,1,14,2,1,11.0,1,1,3.0,4.0,4.0,0,5,13.81751
300477.0,4.0,0,14,1,1,11.0,1,1,5.0,0.0,6.0,0,4,12.580033
300489.0,2.0,1,15,2,1,11.0,1,1,3.0,4.0,0.0,0,2,0.0
300489.0,3.0,1,12,2,1,11.0,1,1,3.0,2.0,3.0,0,2,0.0
300490.0,2.0,1,12,2,1,11.0,1,1,3.0,3.0,3.0,0,3,11.254815
300498.0,6.0,1,17,1,1,11.0,1,1,3.0,6.0,0.0,0,5,0.0
300500.0,3.0,0,17,1,1,11.0,1,1,6.0,1.0,10.0,0,5,12.842652
300502.0,3.0,0,15,2,1,11.0,1,1,5.0,1.0,7.0,0,5,14.852595
300502.0,6.0,1,15,2,1,11.0,1,1,3.0,5.0,5.0,0,5,14.852595
300504.0,8.0,0,17,1,1,11.0,1,1,5.0,2.0,8.0,0,5,13.780289
300504.0,9.0,0,16,1,1,11.0,1,1,5.0,2.0,8.0,0,5,13.780289
300504.0,10.0,0,15,1,1,11.0,1,1,5.0,0.0,6.0,0,5,13.780289
300504.0,12.0,1,12,2,1,11.0,1,1,3.0,0.0,0.0,0,5,13.780289
300508.0,3.0,0,15,2,1,11.0,1,1,5.0,1.0,7.0,0,5,13.9557085
300509.0,2.0,0,15,2,1,11.0,1,1,5.0,1.0,7.0,0,5,12.329665
300509.0,3.0,1,12,2,1,11.0,1,1,3.0,5.0,5.0,0,5,12.329665
300514.0,3.0,0,17,2,1,11.0,1,1,5.0,2.0,8.0,0,4,11.917463
300514.0,4.0,0,15,2,1,11.0,1,1,5.0,0.0,6.0,0,4,11.917463
300517.0,5.0,1,17,2,1,11.0,1,1,3.0,6.0,0.0,0,4,11.026402
300518.0,2.0,1,15,1,1,11.0,1,1,3.0,4.0,4.0,0,4,11.341556
300525.0,4.0,1,17,1,1,11.0,2,1,3.0,2.0,2.0,0,1,11.658116
300525.0,5.0,1,12,1,1,11.0,2,1,3.0,3.0,3.0,0,1,11.658116
300529.0,2.0,1,13,2,1,11.0,2,1,3.0,1.0,1.0,0,5,12.850426
300531.0,3.0,1,14,1,1,11.0,1,1,3.0,4.0,4.0,0,5,13.595252
300532.0,3.0,1,14,1,1,11.0,1,1,3.0,1.0,1.0,0,1,11.817472
300532.0,4.0,1,12,2,1,11.0,1,1,3.0,3.0,3.0,0,1,11.817472
300533.0,3.0,0,16,2,1,11.0,1,1,5.0,0.0,6.0,0,4,12.689535
300534.0,4.0,1,15,2,1,11.0,1,1,5.0,2.0,0.0,0,3,0.0
300539.0,2.0,0,15,1,1,11.0,1,1,5.0,0.0,6.0,0,5,13.378092
300539.0,3.0,1,12,1,1,11.0,1,1,3.0,4.0,4.0,0,5,13.378092
300540.0,3.0,1,12,1,1,11.0,1,1,3.0,5.0,5.0,0,5,14.537535
300540.0,6.0,0,16,2,1,11.0,1,1,5.0,2.0,8.0,0,5,14.537535
300540.0,7.0,0,15,2,1,11.0,1,1,5.0,1.0,7.0,0,5,14.537535
300540.0,8.0,1,14,1,1,11.0,1,1,3.0,5.0,5.0,0,5,14.537535
300540.0,10.0,1,13,2,1,11.0,1,1,3.0,4.0,4.0,0,5,14.537535
300541.0,5.0,0,17,1,1,11.0,1,1,5.0,1.0,7.0,0,5,14.225632
300541.0,6.0,0,15,2,1,11.0,1,1,5.0,1.0,7.0,0,5,14.225632
300542.0,5.0,1,12,1,1,11.0,1,1,3.0,5.0,5.0,0,5,13.4268675
300545.0,6.0,0,13,1,1,11.0,1,1,5.0,1.0,7.0,0,5,14.047068
300546.0,6.0,0,17,2,1,11.0,1,1,5.0,0.0,6.0,0,4,12.144202
300550.0,3.0,0,16,1,1,11.0,1,1,5.0,1.0,7.0,0,3,13.131791
300550.0,4.0,1,15,2,1,11.0,1,1,3.0,5.0,5.0,0,3,13.131791
300550.0,5.0,1,14,2,1,11.0,1,1,3.0,4.0,4.0,0,3,13.131791
300550.0,6.0,1,12,2,1,11.0,1,1,3.0,2.0,2.0,0,3,13.131791
300554.0,4.0,1,14,1,1,11.0,1,1,3.0,2.0,0.0,0,5,0.0
300558.0,5.0,0,16,2,1,11.0,1,1,5.0,0.0,6.0,0,4,13.238583
300558.0,6.0,1,13,2,1,11.0,1,1,3.0,4.0,4.0,0,4,13.238583
300564.0,6.0,1,17,1,1,11.0,1,1,3.0,1.0,0.0,0,5,12.915833
300575.0,3.0,1,17,2,1,11.0,1,1,3.0,6.0,0.0,0,5,10.126671
300575.0,4.0,1,12,1,1,11.0,1,1,3.0,2.0,2.0,0,5,10.126671
300577.0,4.0,1,16,2,1,11.0,1,1,5.0,3.0,,0,5,0.0
300588.0,4.0,1,15,2,1,11.0,1,1,3.0,6.0,,0,5,0.0
300590.0,3.0,1,12,2,1,11.0,1,1,3.0,5.0,,0,4,12.25451
300591.0,3.0,0,13,1,1,11.0,1,1,5.0,1.0,,0,4,12.003717
300593.0,7.0,1,15,2,1,11.0,1,1,3.0,6.0,,0,5,14.114875
300606.0,3.0,1,12,2,1,11.0,2,1,3.0,4.0,,0,2,11.15555
300607.0,3.0,0,14,2,1,11.0,2,1,5.0,2.0,,0,3,11.7019825
300609.0,4.0,1,17,1,1,11.0,2,1,3.0,6.0,,0,2,10.868112
300610.0,2.0,1,15,1,1,11.0,2,1,3.0,3.0,,0,4,10.914652
300612.0,4.0,0,13,1,1,11.0,1,1,5.0,0.0,,0,5,13.284373
300623.0,4.0,1,16,2,1,11.0,1,1,5.0,1.0,,0,5,10.491302
300625.0,3.0,0,16,2,1,11.0,1,1,5.0,1.0,,0,2,12.2055025
300634.0,4.0,1,15,2,1,11.0,2,1,3.0,4.0,,0,3,10.324695
300635.0,3.0,0,13,2,1,11.0,2,1,5.0,0.0,,0,4,11.903859
300642.0,5.0,1,12,1,1,11.0,1,1,3.0,5.0,,0,5,14.014772
300645.0,3.0,0,14,2,1,11.0,1,1,5.0,2.0,,0,3,11.599433
300653.0,5.0,1,13,1,1,12.0,1,1,5.0,0.0,6.0,0,5,15.749381
300654.0,6.0,1,15,2,1,12.0,1,1,3.0,5.0,0.0,0,5,12.585745
300660.0,3.0,0,15,1,1,12.0,1,1,5.0,2.0,8.0,0,5,13.567512
300661.0,5.0,0,14,1,1,12.0,1,1,5.0,1.0,7.0,0,5,14.663497
300661.0,6.0,0,13,1,1,12.0,1,1,5.0,0.0,6.0,0,5,14.663497
300674.0,3.0,1,17,1,1,12.0,2,1,3.0,4.0,5.0,0,2,11.11693
300674.0,4.0,1,12,2,1,12.0,2,1,3.0,2.0,2.0,0,2,11.11693
300678.0,4.0,1,17,2,1,12.0,2,1,3.0,4.0,4.0,0,1,11.299126
300678.0,5.0,1,14,1,1,12.0,2,1,3.0,0.0,1.0,0,1,11.299126
300681.0,3.0,1,16,1,1,12.0,1,1,3.0,3.0,0.0,0,1,11.16904
300681.0,4.0,1,13,1,1,12.0,1,1,3.0,3.0,3.0,0,1,11.16904
300682.0,3.0,1,12,2,1,12.0,1,1,3.0,4.0,4.0,0,4,12.105152
300687.0,3.0,0,12,1,1,12.0,1,1,5.0,0.0,6.0,0,4,12.800466
300694.0,6.0,0,15,2,1,12.0,1,1,6.0,0.0,9.0,0,5,14.038719
300694.0,7.0,0,13,2,1,12.0,1,1,5.0,1.0,7.0,0,5,14.038719
300694.0,9.0,1,14,2,1,12.0,1,1,3.0,4.0,0.0,0,5,14.038719
300696.0,3.0,0,12,1,1,12.0,1,1,5.0,0.0,6.0,0,5,13.154174
300699.0,2.0,1,17,2,1,12.0,1,1,3.0,5.0,5.0,0,3,10.164928
300700.0,6.0,0,17,1,1,12.0,1,1,5.0,1.0,7.0,0,1,12.276746
300700.0,7.0,1,13,1,1,12.0,1,1,3.0,2.0,3.0,1,1,12.276746
300703.0,2.0,1,12,2,1,12.0,1,1,3.0,4.0,4.0,0,5,10.894904
300706.0,4.0,0,16,1,1,12.0,1,1,5.0,0.0,6.0,0,5,14.914124
300709.0,3.0,1,17,1,1,12.0,1,1,3.0,3.0,0.0,0,2,0.0
300713.0,3.0,1,14,1,1,12.0,1,1,3.0,4.0,4.0,0,2,12.977629
300713.0,4.0,1,13,2,1,12.0,1,1,3.0,3.0,3.0,0,2,12.977629
300717.0,6.0,1,12,1,1,12.0,1,1,3.0,5.0,5.0,0,5,14.366726
300720.0,6.0,1,17,2,1,12.0,1,1,3.0,6.0,0.0,0,5,15.201805
300721.0,3.0,0,12,2,1,12.0,1,1,5.0,0.0,6.0,0,5,13.660914
300722.0,6.0,1,17,2,1,12.0,1,1,3.0,5.0,5.0,0,5,14.3471
300723.0,3.0,0,13,2,1,12.0,1,1,5.0,1.0,7.0,0,5,14.397816
300738.0,2.0,0,16,2,1,12.0,1,1,5.0,2.0,8.0,0,5,11.90098
300742.0,5.0,1,15,1,1,12.0,1,1,3.0,4.0,5.0,1,5,12.472184
300747.0,2.0,1,16,2,1,12.0,1,1,3.0,6.0,0.0,0,5,12.921167
300749.0,3.0,1,14,1,1,12.0,1,1,3.0,6.0,6.0,0,5,10.391331
300752.0,4.0,1,13,1,1,12.0,1,1,3.0,3.0,3.0,0,3,10.518024
300753.0,2.0,1,16,2,1,12.0,2,1,3.0,2.0,0.0,0,1,0.0
300756.0,3.0,1,16,2,1,12.0,2,1,3.0,4.0,5.0,0,3,11.357452
300756.0,4.0,1,12,2,1,12.0,2,1,3.0,3.0,3.0,0,3,11.357452
300757.0,5.0,0,16,1,1,12.0,2,1,5.0,0.0,6.0,0,2,11.338703
300757.0,6.0,1,14,1,1,12.0,2,1,3.0,5.0,5.0,0,2,11.338703
300760.0,3.0,1,12,1,1,12.0,2,1,3.0,3.0,4.0,1,3,11.471071
300762.0,2.0,1,12,2,1,12.0,1,1,3.0,5.0,5.0,0,4,10.766398
300766.0,4.0,0,17,1,1,12.0,1,1,6.0,1.0,10.0,0,5,13.914705
300766.0,5.0,0,16,1,1,12.0,1,1,5.0,2.0,8.0,0,5,13.914705
300768.0,4.0,1,17,2,1,12.0,1,1,5.0,2.0,0.0,0,4,12.939308
300768.0,5.0,0,13,2,1,12.0,1,1,5.0,0.0,6.0,0,4,12.939308
300768.0,6.0,1,12,2,1,12.0,1,1,3.0,2.0,3.0,1,4,12.939308
300769.0,5.0,0,16,2,1,12.0,1,1,6.0,0.0,9.0,0,5,14.799221
300771.0,3.0,1,15,1,1,12.0,1,1,5.0,0.0,6.0,0,5,14.041032
300774.0,3.0,1,17,2,1,12.0,1,1,3.0,0.0,0.0,0,4,11.29042
300774.0,4.0,1,15,1,1,12.0,1,1,3.0,3.0,4.0,1,4,11.29042
300776.0,5.0,1,14,2,1,12.0,1,1,3.0,5.0,5.0,0,2,10.402777
300779.0,2.0,0,16,2,1,12.0,1,1,5.0,0.0,6.0,0,3,11.763458
300779.0,3.0,1,12,2,1,12.0,1,1,3.0,3.0,3.0,0,3,11.763458
300780.0,3.0,0,17,2,1,12.0,1,1,6.0,0.0,9.0,0,1,11.878652
300780.0,4.0,0,14,1,1,12.0,1,1,5.0,1.0,7.0,0,1,11.878652
300787.0,2.0,1,15,2,1,12.0,1,1,3.0,5.0,5.0,0,5,11.670365
300788.0,3.0,0,17,1,1,12.0,1,1,5.0,2.0,8.0,0,5,11.8419485
300789.0,3.0,1,16,1,1,12.0,2,1,3.0,0.0,0.0,0,1,10.43341
300789.0,4.0,1,14,1,1,12.0,2,0,,,,0,1,10.43341
300791.0,5.0,0,16,2,1,12.0,2,1,5.0,2.0,8.0,0,5,12.447374
300794.0,3.0,1,12,1,1,12.0,2,1,3.0,3.0,4.0,1,4,11.911373
300795.0,5.0,1,17,2,1,12.0,2,1,3.0,3.0,3.0,0,1,13.33796
300795.0,6.0,1,14,2,1,12.0,2,1,3.0,3.0,3.0,0,1,13.33796
300797.0,2.0,1,17,2,1,12.0,2,1,3.0,5.0,0.0,0,2,11.04709
300797.0,3.0,1,15,1,1,12.0,2,1,3.0,2.0,2.0,0,2,11.04709
300797.0,4.0,1,12,1,1,12.0,2,1,3.0,2.0,2.0,0,2,11.04709
300798.0,3.0,0,12,1,1,12.0,1,1,5.0,0.0,6.0,0,5,13.979635
300804.0,3.0,0,16,1,1,12.0,1,1,5.0,2.0,8.0,0,5,14.524148
300804.0,4.0,0,16,1,1,12.0,1,1,5.0,2.0,8.0,0,5,14.524148
300806.0,6.0,0,17,1,1,12.0,1,1,5.0,2.0,8.0,0,4,13.995397
300813.0,3.0,1,16,1,1,12.0,1,1,3.0,5.0,5.0,0,1,12.212929
300813.0,4.0,1,14,1,1,12.0,1,1,3.0,3.0,3.0,0,1,12.212929
300813.0,5.0,1,12,2,1,12.0,1,1,3.0,4.0,5.0,1,1,12.212929
300814.0,5.0,1,17,1,1,12.0,1,1,5.0,1.0,0.0,0,5,0.0
300820.0,2.0,1,13,1,1,12.0,1,1,3.0,3.0,3.0,0,5,14.797964
300821.0,3.0,0,17,1,1,12.0,1,1,6.0,1.0,10.0,0,5,13.974339
300821.0,4.0,0,13,2,1,12.0,1,1,5.0,0.0,6.0,0,5,13.974339
300829.0,6.0,1,17,1,1,12.0,2,1,3.0,5.0,0.0,0,2,0.0
300829.0,7.0,1,15,1,1,12.0,2,1,3.0,2.0,0.0,0,2,0.0
300830.0,3.0,1,15,1,1,12.0,2,1,3.0,6.0,0.0,0,4,11.313877
300832.0,3.0,1,13,2,1,12.0,2,1,3.0,4.0,5.0,1,5,11.751556
300833.0,4.0,0,16,1,1,12.0,2,1,5.0,2.0,8.0,0,5,13.587073
300833.0,5.0,0,13,2,1,12.0,2,1,5.0,0.0,6.0,0,5,13.587073
300835.0,4.0,1,14,1,1,12.0,1,1,3.0,5.0,6.0,1,1,12.107969
300837.0,5.0,1,17,2,1,12.0,1,1,3.0,6.0,0.0,0,4,12.994533
300841.0,4.0,0,17,1,1,12.0,1,1,6.0,0.0,9.0,0,4,14.184164
300841.0,5.0,0,15,2,1,12.0,1,1,5.0,2.0,8.0,0,4,14.184164
300841.0,6.0,1,13,1,1,12.0,1,1,3.0,5.0,5.0,0,4,14.184164
300844.0,4.0,1,13,2,1,12.0,1,1,3.0,4.0,5.0,1,1,11.74345
300846.0,2.0,0,14,2,1,12.0,1,1,5.0,0.0,6.0,0,4,12.432355
300846.0,3.0,1,12,2,1,12.0,1,1,3.0,3.0,3.0,0,4,12.432355
300846.0,4.0,1,12,2,1,12.0,1,1,3.0,3.0,3.0,0,4,12.432355
300847.0,4.0,0,16,2,1,12.0,1,1,5.0,2.0,8.0,0,5,15.250595
300850.0,3.0,0,14,1,1,12.0,1,1,5.0,1.0,7.0,0,4,12.105346
300851.0,3.0,0,15,2,1,12.0,1,1,5.0,1.0,7.0,0,2,12.313967
300851.0,4.0,1,13,1,1,12.0,1,1,3.0,3.0,3.0,0,2,12.313967
300859.0,3.0,1,13,2,1,12.0,1,1,3.0,5.0,5.0,0,3,11.774913
300860.0,3.0,1,12,1,1,12.0,1,1,3.0,3.0,3.0,0,4,11.563152
300865.0,3.0,0,12,1,1,12.0,1,1,5.0,0.0,6.0,0,3,11.802126
300867.0,4.0,1,13,1,1,12.0,1,0,,,,0,1,0.0
300867.0,5.0,1,13,2,1,12.0,1,0,,,,0,1,0.0
300867.0,6.0,1,12,1,1,12.0,1,0,,,,0,1,0.0
300868.0,4.0,0,17,1,1,12.0,1,1,5.0,1.0,8.0,1,4,13.349413
300868.0,5.0,1,14,1,1,12.0,1,1,3.0,4.0,5.0,1,4,13.349413
300879.0,2.0,1,12,2,1,12.0,2,1,3.0,4.0,4.0,0,3,10.55779
300881.0,3.0,0,16,2,1,12.0,2,1,5.0,0.0,6.0,0,3,11.575065
300881.0,4.0,1,13,1,1,12.0,2,1,3.0,2.0,3.0,1,3,11.575065
300882.0,5.0,1,13,2,1,12.0,2,1,3.0,3.0,4.0,1,3,11.024122
300883.0,3.0,0,16,2,1,12.0,2,1,5.0,0.0,6.0,0,3,12.115442
300883.0,4.0,1,14,1,1,12.0,2,1,3.0,3.0,4.0,1,3,12.115442
300883.0,5.0,0,14,2,1,12.0,2,1,5.0,0.0,6.0,0,3,12.115442
300884.0,3.0,1,16,1,1,12.0,2,1,3.0,4.0,0.0,0,3,10.462418
300885.0,6.0,1,16,1,1,12.0,2,1,3.0,2.0,3.0,1,4,12.273619
300885.0,7.0,1,15,2,1,12.0,2,1,3.0,4.0,5.0,1,4,12.273619
300888.0,4.0,1,16,2,1,12.0,1,1,3.0,6.0,0.0,0,3,0.0
300889.0,5.0,0,16,2,1,12.0,1,1,5.0,2.0,8.0,0,5,14.081895
300890.0,4.0,1,13,1,1,12.0,1,1,3.0,5.0,5.0,0,2,10.765026
300892.0,3.0,1,12,1,1,12.0,1,1,3.0,4.0,5.0,1,5,12.211314
300899.0,3.0,1,13,1,1,12.0,1,1,3.0,4.0,4.0,0,5,13.258599
300902.0,5.0,0,14,2,1,12.0,1,1,5.0,2.0,8.0,0,5,14.891195
300907.0,4.0,1,14,1,1,12.0,2,1,3.0,2.0,2.0,0,4,10.644854
300910.0,3.0,1,12,1,1,12.0,2,1,3.0,1.0,2.0,1,2,11.686256
300912.0,3.0,1,16,1,1,12.0,2,1,3.0,5.0,5.0,0,5,10.301458
300913.0,5.0,1,17,2,1,12.0,2,1,3.0,6.0,0.0,0,3,11.324497
300915.0,2.0,0,17,2,1,12.0,1,1,6.0,0.0,9.0,0,4,11.738554
300915.0,3.0,1,13,1,1,12.0,1,1,3.0,3.0,4.0,1,4,11.738554
300919.0,3.0,1,13,1,1,12.0,1,1,3.0,5.0,5.0,0,3,12.719947
300919.0,4.0,1,12,1,1,12.0,1,1,3.0,2.0,2.0,0,3,12.719947
300921.0,2.0,0,14,2,1,12.0,1,1,5.0,1.0,7.0,0,4,10.956684
300932.0,6.0,0,17,1,1,12.0,1,1,5.0,1.0,8.0,1,3,12.901756
300932.0,7.0,0,15,1,1,12.0,1,1,5.0,2.0,8.0,0,3,12.901756
300934.0,4.0,1,15,1,1,12.0,1,1,3.0,4.0,4.0,0,1,10.852749
300936.0,3.0,1,12,1,1,12.0,1,1,3.0,3.0,3.0,0,5,12.70062
300954.0,4.0,1,13,1,1,12.0,1,1,3.0,3.0,3.0,0,2,12.586052
300955.0,2.0,0,15,2,1,12.0,1,1,5.0,2.0,8.0,0,5,12.406402
300956.0,3.0,1,16,1,1,12.0,1,1,3.0,4.0,0.0,0,3,10.490607
300957.0,3.0,1,15,1,1,12.0,1,1,3.0,4.0,5.0,0,3,0.0
300958.0,4.0,1,16,1,1,12.0,1,1,3.0,4.0,5.0,1,3,11.664152
300958.0,5.0,1,14,2,1,12.0,1,1,3.0,4.0,5.0,1,3,11.664152
300959.0,4.0,0,16,2,1,12.0,1,1,5.0,1.0,7.0,0,4,12.592936
300959.0,5.0,0,14,2,1,12.0,1,1,5.0,1.0,7.0,0,4,12.592936
300959.0,6.0,1,12,1,1,12.0,1,1,3.0,4.0,4.0,0,4,12.592936
300960.0,4.0,1,15,1,1,12.0,2,1,3.0,2.0,0.0,0,2,0.0
300962.0,3.0,0,17,2,1,12.0,2,1,5.0,1.0,7.0,0,3,12.13705
300962.0,4.0,1,13,2,1,12.0,2,1,3.0,4.0,4.0,0,3,12.13705
300964.0,6.0,1,13,1,1,12.0,2,1,3.0,5.0,5.0,0,3,12.627825
300966.0,2.0,1,16,1,1,12.0,2,1,3.0,6.0,0.0,0,3,11.256432
300966.0,3.0,1,13,2,1,12.0,2,1,3.0,4.0,4.0,0,3,11.256432
300967.0,5.0,1,16,2,1,12.0,2,1,3.0,4.0,5.0,1,1,11.872772
300967.0,8.0,1,17,2,1,12.0,2,1,3.0,6.0,0.0,0,1,11.872772
300968.0,5.0,1,16,2,1,12.0,2,1,3.0,4.0,5.0,1,2,10.731515
300969.0,4.0,1,14,1,1,12.0,1,0,,,,0,5,12.154784
300982.0,2.0,0,17,2,1,12.0,1,1,5.0,2.0,8.0,0,5,13.416526
300989.0,6.0,0,17,1,1,12.0,1,1,6.0,2.0,11.0,0,5,14.231824
300990.0,5.0,1,15,2,1,12.0,1,1,3.0,5.0,5.0,0,5,13.661498
300991.0,5.0,0,16,1,1,12.0,1,1,5.0,0.0,6.0,0,5,14.998268
300991.0,6.0,0,14,2,1,12.0,1,1,5.0,1.0,7.0,0,5,14.998268
300999.0,6.0,1,17,2,1,12.0,2,1,3.0,2.0,0.0,0,2,0.0
301002.0,6.0,1,12,1,1,12.0,2,1,3.0,3.0,3.0,0,5,13.684263
301004.0,4.0,0,16,1,1,12.0,2,1,5.0,2.0,8.0,0,2,13.645518
301005.0,5.0,1,17,1,1,12.0,1,1,3.0,5.0,0.0,0,5,13.641158
301006.0,5.0,1,16,1,1,12.0,1,1,3.0,4.0,4.0,0,5,10.644854
301011.0,4.0,1,17,1,1,12.0,1,1,3.0,6.0,0.0,0,4,0.0
301014.0,6.0,1,17,2,1,12.0,1,1,5.0,2.0,0.0,0,5,14.8125925
301015.0,3.0,0,16,2,1,12.0,1,1,6.0,0.0,9.0,0,5,14.808763
301017.0,3.0,0,16,2,1,12.0,1,1,5.0,1.0,7.0,0,5,14.830785
301017.0,4.0,0,14,1,1,12.0,1,1,5.0,0.0,6.0,0,5,14.830785
301018.0,5.0,0,17,2,1,12.0,1,1,6.0,0.0,9.0,0,5,13.886641
301018.0,6.0,0,16,1,1,12.0,1,1,5.0,0.0,6.0,0,5,13.886641
301020.0,3.0,0,13,1,1,12.0,1,1,5.0,0.0,6.0,0,5,15.056682
301022.0,2.0,1,13,1,1,12.0,1,1,3.0,3.0,3.0,0,5,10.850812
301024.0,2.0,0,17,1,1,12.0,1,1,5.0,1.0,7.0,0,2,11.99109
301024.0,3.0,1,12,2,1,12.0,1,1,3.0,2.0,3.0,1,2,11.99109
301028.0,3.0,1,13,2,1,12.0,1,1,3.0,3.0,3.0,0,4,12.33403
301030.0,5.0,1,15,2,1,12.0,1,1,3.0,4.0,4.0,0,1,11.740666
301032.0,3.0,1,17,1,1,12.0,1,1,3.0,4.0,4.0,0,5,11.0409355
301038.0,2.0,0,17,2,1,12.0,1,1,5.0,2.0,8.0,0,1,11.350124
301038.0,3.0,1,16,1,1,12.0,1,1,3.0,5.0,5.0,0,1,11.350124
301039.0,3.0,0,17,2,1,12.0,1,1,6.0,1.0,10.0,0,3,13.234569
301039.0,4.0,0,14,2,1,12.0,1,1,5.0,0.0,6.0,0,3,13.234569
301041.0,6.0,1,12,1,1,12.0,2,1,3.0,3.0,4.0,1,3,11.516429
301044.0,5.0,1,15,2,1,12.0,2,1,3.0,4.0,5.0,1,5,13.170984
301046.0,4.0,0,17,1,1,12.0,2,1,6.0,0.0,10.0,1,3,11.950057
301046.0,5.0,1,14,2,1,12.0,2,1,3.0,5.0,5.0,0,3,11.950057
301049.0,3.0,1,12,2,1,12.0,2,1,3.0,2.0,2.0,0,5,11.9524765
301051.0,7.0,0,17,1,1,12.0,1,1,5.0,1.0,7.0,0,5,13.481241
301063.0,6.0,1,15,1,1,12.0,1,1,3.0,5.0,5.0,0,1,12.319227
301063.0,7.0,1,13,2,1,12.0,1,1,3.0,4.0,4.0,0,1,12.319227
301073.0,2.0,0,13,1,1,12.0,1,1,5.0,0.0,6.0,0,5,14.911285
301075.0,10.0,1,16,2,1,12.0,1,1,3.0,6.0,0.0,0,5,14.969356
301077.0,3.0,0,15,1,1,12.0,1,1,5.0,2.0,8.0,0,5,14.771023
301077.0,4.0,0,14,2,1,12.0,1,1,5.0,1.0,7.0,0,5,14.771023
301086.0,4.0,1,17,2,1,12.0,1,1,3.0,3.0,0.0,0,5,0.0
301088.0,3.0,0,16,2,1,12.0,1,1,5.0,0.0,7.0,1,2,12.561948
301088.0,4.0,1,13,1,1,12.0,1,1,3.0,4.0,4.0,0,2,12.561948
301088.0,6.0,1,12,2,1,12.0,1,1,3.0,3.0,3.0,0,2,12.561948
301091.0,3.0,0,16,2,1,12.0,1,1,5.0,1.0,7.0,0,2,13.426949
301097.0,5.0,1,13,2,1,12.0,1,1,3.0,2.0,0.0,0,3,11.828473
301098.0,3.0,0,16,1,1,12.0,1,1,5.0,0.0,7.0,1,5,12.631784
301101.0,4.0,1,12,2,1,12.0,1,1,3.0,2.0,0.0,0,4,13.997833
301107.0,5.0,1,16,2,1,12.0,1,1,3.0,6.0,0.0,0,5,12.264346
301113.0,4.0,0,17,1,1,12.0,2,1,5.0,1.0,7.0,0,3,13.26144
301113.0,5.0,0,15,2,1,12.0,2,1,5.0,1.0,7.0,0,3,13.26144
301113.0,6.0,1,12,2,1,12.0,2,1,3.0,3.0,3.0,0,3,13.26144
301115.0,2.0,1,12,2,1,12.0,2,1,3.0,4.0,4.0,0,4,10.981489
301116.0,3.0,0,16,2,1,12.0,2,1,5.0,2.0,8.0,0,2,11.569646
301116.0,4.0,1,14,1,1,12.0,2,1,3.0,4.0,4.0,0,2,11.569646
301124.0,5.0,1,14,1,1,12.0,1,1,3.0,3.0,3.0,1,1,11.72744
301124.0,6.0,1,12,2,1,12.0,1,1,3.0,2.0,3.0,1,1,11.72744
301125.0,2.0,1,14,2,1,12.0,1,1,3.0,6.0,6.0,0,3,11.424651
301128.0,3.0,1,15,2,1,12.0,1,1,3.0,4.0,4.0,1,1,12.205578
301133.0,5.0,1,17,2,1,12.0,1,1,3.0,6.0,6.0,0,4,11.224923
301134.0,5.0,0,16,1,1,12.0,1,1,5.0,2.0,8.0,0,5,14.216724
301134.0,6.0,0,15,1,1,12.0,1,1,5.0,1.0,7.0,0,5,14.216724
301134.0,9.0,1,17,1,1,12.0,1,1,5.0,1.0,0.0,0,5,14.216724
301138.0,3.0,1,14,1,1,12.0,1,1,3.0,1.0,2.0,1,3,11.612101
301138.0,4.0,1,12,2,1,12.0,1,1,3.0,3.0,3.0,0,3,11.612101
301147.0,3.0,1,13,2,1,12.0,1,1,3.0,4.0,5.0,1,5,11.03046
301152.0,3.0,1,14,2,1,12.0,1,1,3.0,5.0,5.0,0,4,11.881388
301153.0,3.0,0,16,2,1,12.0,1,1,5.0,1.0,8.0,1,5,14.357812
301153.0,4.0,1,12,2,1,12.0,1,1,3.0,5.0,5.0,0,5,14.357812
301155.0,3.0,0,14,2,1,12.0,1,1,5.0,0.0,6.0,0,5,13.9270525
301162.0,3.0,0,14,2,1,12.0,2,1,5.0,0.0,7.0,1,4,11.4633255
301163.0,9.0,1,16,1,1,12.0,2,1,3.0,4.0,5.0,1,5,14.79687
301163.0,10.0,1,14,2,1,12.0,2,1,3.0,3.0,3.0,0,5,14.79687
301164.0,3.0,0,17,1,1,12.0,2,1,5.0,1.0,7.0,0,4,12.158646
301166.0,3.0,1,12,2,1,12.0,2,1,3.0,4.0,4.0,0,4,11.975408
301166.0,5.0,1,13,2,1,12.0,2,1,3.0,3.0,4.0,1,4,11.975408
301174.0,3.0,1,12,2,1,12.0,1,1,3.0,3.0,3.0,0,5,11.461116
301175.0,3.0,1,15,2,1,12.0,1,1,3.0,3.0,3.0,0,3,11.982467
301175.0,4.0,1,13,2,1,12.0,1,1,3.0,3.0,3.0,0,3,11.982467
301176.0,4.0,1,12,1,1,12.0,1,1,3.0,5.0,5.0,0,5,14.44641
301176.0,7.0,1,17,2,1,12.0,1,1,3.0,5.0,0.0,0,5,14.44641
301177.0,3.0,1,14,1,1,12.0,1,1,3.0,5.0,5.0,0,5,11.617069
301180.0,6.0,0,14,1,1,12.0,1,1,5.0,0.0,6.0,0,5,14.036348
301181.0,4.0,1,14,2,1,12.0,1,1,3.0,3.0,3.0,0,4,0.0
301183.0,3.0,1,13,2,1,12.0,1,1,3.0,3.0,4.0,1,3,12.033658
301184.0,3.0,0,13,2,1,12.0,2,1,5.0,0.0,6.0,0,5,14.109673
301184.0,4.0,1,12,1,1,12.0,2,1,3.0,3.0,3.0,0,5,14.109673
301184.0,5.0,1,12,1,1,12.0,2,1,3.0,4.0,4.0,0,5,14.109673
301186.0,6.0,1,13,2,1,12.0,2,1,3.0,5.0,5.0,0,4,13.3460045
301189.0,3.0,1,16,1,1,12.0,2,1,3.0,4.0,0.0,0,3,10.340968
301190.0,3.0,0,15,2,1,12.0,2,1,5.0,0.0,6.0,0,4,11.372065
301191.0,4.0,1,15,1,1,12.0,2,1,3.0,4.0,4.0,0,4,13.370864
301193.0,2.0,0,14,1,1,12.0,1,1,5.0,0.0,6.0,0,5,13.209157
301193.0,4.0,1,12,1,1,12.0,1,1,3.0,5.0,5.0,0,5,13.209157
301195.0,3.0,0,15,2,1,12.0,1,1,5.0,1.0,7.0,0,5,13.474232
301201.0,2.0,1,13,1,1,12.0,1,1,3.0,2.0,2.0,0,3,10.340968
301203.0,4.0,0,17,1,1,12.0,1,1,5.0,1.0,7.0,0,3,11.581154
301205.0,3.0,0,14,2,1,12.0,1,1,5.0,0.0,6.0,0,5,13.3852825
301206.0,2.0,1,12,1,1,12.0,1,1,3.0,3.0,3.0,0,5,11.700243
301212.0,3.0,0,17,1,1,12.0,1,1,6.0,1.0,10.0,0,5,13.7640705
301212.0,6.0,1,16,2,1,12.0,1,1,3.0,6.0,6.0,0,5,13.7640705
301214.0,3.0,1,17,2,1,12.0,1,1,3.0,6.0,0.0,0,4,13.127402
301214.0,4.0,1,15,1,1,12.0,1,1,3.0,5.0,5.0,0,4,13.127402
301214.0,5.0,1,13,1,1,12.0,1,1,3.0,3.0,3.0,0,4,13.127402
301214.0,6.0,1,12,1,1,12.0,1,1,3.0,3.0,3.0,0,4,13.127402
301216.0,2.0,0,14,2,1,12.0,1,1,5.0,0.0,6.0,0,5,13.290858
301218.0,3.0,1,12,2,1,12.0,1,1,3.0,4.0,4.0,0,5,11.849405
301218.0,6.0,1,16,2,1,12.0,1,1,3.0,6.0,0.0,0,5,11.849405
301219.0,2.0,1,12,2,1,12.0,1,1,3.0,4.0,4.0,0,5,13.499889
301222.0,4.0,0,14,1,1,12.0,1,1,5.0,1.0,,0,1,10.8749485
301222.0,5.0,1,12,1,1,12.0,1,1,3.0,5.0,,0,1,10.8749485
301226.0,6.0,1,12,2,1,12.0,1,1,3.0,4.0,,0,4,11.771637
301235.0,3.0,0,16,2,1,12.0,1,1,5.0,2.0,,0,5,12.031576
301236.0,3.0,1,15,2,1,12.0,1,1,5.0,0.0,,0,5,12.847929
301236.0,4.0,1,12,2,1,12.0,1,1,3.0,5.0,,0,5,12.847929
301238.0,3.0,1,15,2,1,12.0,2,1,3.0,6.0,,0,4,11.271503
301238.0,4.0,1,12,1,1,12.0,2,1,3.0,2.0,,0,4,11.271503
301239.0,3.0,0,14,1,1,12.0,2,1,5.0,2.0,,0,3,12.706123
301240.0,4.0,0,15,2,1,12.0,2,1,6.0,0.0,,0,4,12.645862
301242.0,2.0,1,15,2,1,12.0,2,1,3.0,5.0,,1,3,12.296946
301247.0,5.0,1,17,2,1,12.0,1,1,5.0,1.0,,0,5,0.0
301254.0,3.0,1,12,1,1,12.0,1,1,3.0,4.0,,0,5,11.373387
301256.0,3.0,0,15,2,1,12.0,1,1,5.0,2.0,,0,5,13.39807
301256.0,4.0,1,12,1,1,12.0,1,1,3.0,5.0,,0,5,13.39807
301256.0,9.0,1,15,2,1,12.0,1,1,3.0,6.0,,0,5,13.39807
301258.0,3.0,1,13,1,1,12.0,1,1,3.0,4.0,,1,5,12.255106
301259.0,3.0,1,17,2,1,12.0,1,1,3.0,6.0,,0,5,0.0
301263.0,6.0,0,14,2,1,12.0,1,1,5.0,2.0,,0,5,13.226969
301271.0,3.0,1,16,2,1,12.0,1,1,3.0,6.0,,0,4,0.0
301274.0,4.0,0,16,2,1,12.0,2,1,6.0,0.0,,0,4,13.558967
301274.0,5.0,0,14,1,1,12.0,2,1,5.0,1.0,,0,4,13.558967
301275.0,2.0,0,15,2,1,12.0,2,1,5.0,2.0,,0,4,11.942504
301278.0,3.0,1,17,1,1,12.0,2,1,3.0,5.0,,0,1,12.021615
301278.0,4.0,0,15,2,1,12.0,2,1,5.0,1.0,,0,1,12.021615
301280.0,5.0,0,17,2,1,12.0,2,1,6.0,1.0,,0,2,13.19686
301280.0,6.0,1,15,1,1,12.0,2,1,3.0,0.0,,1,2,13.19686
301280.0,7.0,1,13,1,1,12.0,2,1,3.0,6.0,,1,2,13.19686
301283.0,3.0,0,17,2,1,12.0,1,1,5.0,1.0,,0,3,12.065867
301284.0,3.0,0,14,2,1,12.0,1,1,5.0,1.0,,0,5,14.7156725
301287.0,3.0,1,12,1,1,12.0,1,1,3.0,4.0,,1,5,13.284416
301287.0,6.0,0,17,2,1,12.0,1,1,5.0,0.0,,0,5,13.284416
301290.0,4.0,1,13,2,1,12.0,1,1,3.0,3.0,,1,5,12.199934
301293.0,4.0,1,17,1,1,13.0,1,1,3.0,5.0,0.0,0,5,12.565759
301293.0,5.0,1,12,2,1,13.0,1,1,3.0,5.0,5.0,0,5,12.565759
301294.0,3.0,0,16,2,1,13.0,1,1,5.0,2.0,8.0,0,5,13.558747
301294.0,4.0,1,14,1,1,13.0,1,1,3.0,4.0,4.0,0,5,13.558747
301294.0,6.0,1,17,2,1,13.0,1,1,5.0,1.0,0.0,0,5,13.558747
301301.0,2.0,0,14,2,1,13.0,1,1,5.0,2.0,8.0,0,5,16.233297
301302.0,2.0,1,13,1,1,13.0,1,1,3.0,5.0,5.0,0,4,12.556997
301302.0,4.0,1,15,1,1,13.0,1,1,3.0,3.0,0.0,0,4,12.556997
301303.0,3.0,0,17,1,1,13.0,1,1,6.0,1.0,10.0,0,5,13.767843
301307.0,2.0,0,16,1,1,13.0,1,1,5.0,2.0,8.0,0,5,14.633968
301307.0,6.0,1,17,2,1,13.0,1,1,3.0,6.0,0.0,0,5,14.633968
301312.0,5.0,1,16,1,1,13.0,1,1,3.0,4.0,0.0,0,3,10.110542
301315.0,2.0,0,14,1,1,13.0,1,1,5.0,1.0,7.0,0,5,13.0273075
301316.0,2.0,0,12,2,1,13.0,1,1,5.0,0.0,6.0,0,4,13.466458
301316.0,4.0,0,16,2,1,13.0,1,1,6.0,2.0,11.0,0,4,13.466458
301316.0,5.0,0,12,1,1,13.0,1,1,5.0,0.0,6.0,0,4,13.466458
301316.0,8.0,1,15,2,1,13.0,1,1,3.0,1.0,2.0,1,4,13.466458
301317.0,3.0,1,13,1,1,13.0,1,1,3.0,3.0,4.0,1,5,11.697336
301319.0,3.0,0,15,2,1,13.0,1,1,5.0,2.0,8.0,0,3,12.209995
301323.0,3.0,1,13,1,1,13.0,1,1,3.0,3.0,3.0,0,1,11.759989
301326.0,3.0,1,13,2,1,13.0,1,1,3.0,3.0,3.0,0,1,12.261323
301326.0,4.0,1,13,2,1,13.0,1,1,3.0,3.0,3.0,0,1,12.261323
301326.0,5.0,1,12,2,1,13.0,1,1,3.0,3.0,3.0,0,1,12.261323
301329.0,3.0,1,17,2,1,13.0,1,1,5.0,1.0,0.0,0,4,0.0
301331.0,5.0,0,16,1,1,13.0,1,1,5.0,0.0,6.0,0,5,14.075735
301333.0,6.0,1,17,1,1,13.0,1,1,5.0,1.0,7.0,0,5,13.588549
301346.0,3.0,0,17,1,1,13.0,1,1,6.0,1.0,10.0,0,5,13.706478
301346.0,4.0,0,14,1,1,13.0,1,1,5.0,0.0,6.0,0,5,13.706478
301346.0,8.0,1,17,1,1,13.0,1,1,3.0,2.0,0.0,0,5,13.706478
301356.0,4.0,0,17,2,1,13.0,1,1,5.0,2.0,8.0,0,5,13.67321
301357.0,6.0,1,12,1,1,13.0,1,1,3.0,5.0,5.0,0,5,15.010645
301361.0,2.0,1,12,1,1,13.0,1,1,3.0,5.0,5.0,0,5,13.284484
301363.0,3.0,0,17,2,1,13.0,1,1,6.0,1.0,10.0,0,5,15.035456
301364.0,2.0,1,15,2,1,13.0,1,1,3.0,4.0,5.0,1,3,11.450529
301366.0,2.0,1,15,2,1,13.0,1,1,3.0,5.0,6.0,0,5,10.983189
301375.0,3.0,0,13,2,1,13.0,1,1,5.0,0.0,6.0,0,5,14.782495
301377.0,2.0,0,14,1,1,13.0,1,1,5.0,2.0,8.0,0,5,13.279984
301378.0,3.0,1,12,1,1,13.0,1,1,3.0,5.0,5.0,0,3,11.296956
301383.0,3.0,0,16,1,1,13.0,1,1,5.0,2.0,8.0,0,5,14.328634
301383.0,4.0,0,14,1,1,13.0,1,1,5.0,2.0,8.0,0,5,14.328634
301386.0,5.0,0,16,1,1,13.0,1,1,6.0,0.0,9.0,0,5,14.603741
301387.0,5.0,0,15,1,1,13.0,1,1,5.0,2.0,8.0,0,5,14.5284605
301388.0,3.0,0,14,2,1,13.0,1,1,5.0,2.0,8.0,0,5,13.300946
301388.0,4.0,1,12,1,1,13.0,1,1,3.0,4.0,4.0,0,5,13.300946
301389.0,7.0,0,14,1,1,13.0,1,1,5.0,1.0,8.0,1,5,14.360338
301392.0,4.0,0,12,2,1,13.0,1,1,5.0,0.0,6.0,0,5,15.355598
301395.0,3.0,1,13,1,1,13.0,1,1,3.0,5.0,5.0,0,5,12.800989
301398.0,3.0,0,15,1,1,13.0,1,1,5.0,2.0,8.0,0,5,14.429602
301398.0,7.0,1,17,2,1,13.0,1,1,5.0,1.0,0.0,0,5,14.429602
301399.0,3.0,0,17,1,1,13.0,1,1,5.0,1.0,7.0,0,2,12.621029
301399.0,4.0,1,13,1,1,13.0,1,1,3.0,4.0,4.0,0,2,12.621029
301399.0,5.0,1,12,2,1,13.0,1,1,3.0,3.0,3.0,0,2,12.621029
301400.0,5.0,0,17,1,1,13.0,1,1,6.0,2.0,11.0,0,5,13.634631
301400.0,6.0,0,14,2,1,13.0,1,1,5.0,2.0,8.0,0,5,13.634631
301402.0,3.0,0,13,1,1,13.0,1,1,5.0,0.0,6.0,0,5,14.39493
301410.0,4.0,1,17,2,1,13.0,1,1,3.0,5.0,0.0,0,5,0.0
301411.0,3.0,0,15,2,1,13.0,1,1,5.0,1.0,7.0,0,2,11.697003
301411.0,4.0,1,15,1,1,13.0,1,1,3.0,5.0,5.0,0,2,11.697003
301411.0,5.0,1,12,1,1,13.0,1,1,3.0,1.0,1.0,0,2,11.697003
301416.0,3.0,1,15,2,1,13.0,1,1,3.0,3.0,3.0,0,1,11.259658
301416.0,4.0,1,12,1,1,13.0,1,1,3.0,1.0,1.0,0,1,11.259658
301418.0,2.0,0,17,1,1,13.0,1,1,6.0,0.0,9.0,0,5,13.349197
301418.0,3.0,0,13,2,1,13.0,1,1,5.0,0.0,6.0,0,5,13.349197
301418.0,4.0,1,16,2,1,13.0,1,1,3.0,5.0,0.0,0,5,13.349197
301421.0,7.0,1,14,1,1,13.0,1,1,3.0,4.0,5.0,1,5,13.919714
301424.0,4.0,1,16,2,1,13.0,1,1,3.0,6.0,6.0,0,5,12.957432
301434.0,6.0,1,17,2,1,13.0,1,1,3.0,3.0,0.0,0,5,14.686805
301437.0,3.0,1,15,1,1,13.0,1,1,3.0,5.0,5.0,0,5,13.490571
301437.0,4.0,1,13,1,1,13.0,1,1,3.0,4.0,4.0,0,5,13.490571
301438.0,5.0,0,17,2,1,13.0,1,1,6.0,3.0,12.0,0,5,13.776771
301438.0,6.0,0,16,2,1,13.0,1,1,6.0,1.0,10.0,0,5,13.776771
301438.0,7.0,0,15,1,1,13.0,1,1,5.0,2.0,8.0,0,5,13.776771
301441.0,3.0,0,16,2,1,13.0,1,1,5.0,1.0,8.0,1,3,11.754388
301441.0,4.0,1,12,2,1,13.0,1,1,3.0,5.0,5.0,0,3,11.754388
301444.0,4.0,1,17,2,1,13.0,1,1,3.0,4.0,4.0,0,2,12.576121
301444.0,5.0,1,13,1,1,13.0,1,1,3.0,2.0,3.0,1,2,12.576121
301445.0,3.0,0,15,2,1,13.0,1,1,5.0,1.0,7.0,0,5,13.683123
301447.0,4.0,0,16,2,1,13.0,1,1,5.0,2.0,8.0,0,5,12.360342
301450.0,4.0,0,15,2,1,13.0,1,1,5.0,1.0,7.0,0,5,13.472402
301452.0,3.0,0,15,2,1,13.0,1,1,5.0,1.0,8.0,1,2,12.269451
301452.0,4.0,1,13,1,1,13.0,1,1,3.0,4.0,5.0,1,2,12.269451
301457.0,2.0,1,12,2,1,13.0,1,1,3.0,5.0,5.0,0,5,13.582318
301458.0,5.0,0,16,1,1,13.0,1,1,5.0,2.0,8.0,0,5,13.872836
301458.0,6.0,1,14,2,1,13.0,1,1,3.0,3.0,3.0,0,5,13.872836
301460.0,9.0,1,14,2,1,13.0,1,1,3.0,4.0,5.0,1,3,11.894617
301463.0,3.0,0,16,1,1,13.0,1,1,5.0,1.0,7.0,0,5,14.283638
301464.0,3.0,0,16,2,1,13.0,1,1,6.0,1.0,10.0,0,5,14.172486
301464.0,4.0,0,15,2,1,13.0,1,1,5.0,2.0,8.0,0,5,14.172486
301465.0,6.0,0,17,1,1,13.0,1,1,6.0,1.0,10.0,0,5,13.100518
301465.0,7.0,0,15,1,1,13.0,1,1,5.0,2.0,8.0,0,5,13.100518
301472.0,2.0,1,15,1,1,13.0,1,1,3.0,2.0,0.0,0,4,10.821297
301472.0,3.0,1,13,1,1,13.0,1,1,3.0,5.0,0.0,0,4,10.821297
301476.0,8.0,1,14,2,1,13.0,1,1,3.0,3.0,3.0,0,4,10.834194
301479.0,2.0,1,16,2,1,13.0,1,0,,,,0,5,13.424246
301479.0,8.0,1,17,2,1,13.0,1,1,5.0,1.0,0.0,0,5,13.424246
301482.0,3.0,1,14,2,1,13.0,1,1,3.0,5.0,5.0,0,4,11.244406
301485.0,3.0,1,17,1,1,13.0,1,1,3.0,5.0,0.0,0,3,11.506264
301485.0,4.0,0,15,1,1,13.0,1,1,5.0,0.0,6.0,0,3,11.506264
301488.0,2.0,1,12,1,1,13.0,1,1,3.0,2.0,0.0,0,4,10.314802
301489.0,5.0,0,17,2,1,13.0,1,1,5.0,2.0,8.0,0,3,11.428032
301498.0,7.0,0,14,1,1,13.0,1,1,5.0,1.0,7.0,0,5,13.764976
301499.0,3.0,0,16,1,1,13.0,1,1,5.0,2.0,8.0,0,4,12.575983
301499.0,4.0,0,14,2,1,13.0,1,1,5.0,1.0,7.0,0,4,12.575983
301508.0,3.0,0,15,1,1,13.0,1,1,5.0,0.0,6.0,0,4,12.880295
301516.0,6.0,1,16,1,1,13.0,1,1,3.0,3.0,3.0,0,5,14.678612
301516.0,7.0,0,14,1,1,13.0,1,1,5.0,2.0,8.0,0,5,14.678612
301528.0,6.0,1,17,1,1,13.0,1,1,3.0,4.0,4.0,0,1,11.702934
301528.0,7.0,1,14,2,1,13.0,1,1,3.0,3.0,3.0,0,1,11.702934
301528.0,8.0,1,13,1,1,13.0,1,1,3.0,2.0,2.0,0,1,11.702934
301531.0,3.0,1,13,2,1,13.0,1,1,3.0,4.0,4.0,0,1,11.156979
301532.0,3.0,0,17,1,1,13.0,1,1,6.0,0.0,9.0,0,2,13.135282
301538.0,2.0,0,15,1,1,13.0,1,1,5.0,1.0,7.0,0,3,11.9712105
301540.0,4.0,1,13,1,1,13.0,1,1,3.0,5.0,5.0,0,5,14.919972
301557.0,3.0,0,17,1,1,13.0,1,1,6.0,1.0,10.0,0,5,15.279917
301557.0,4.0,0,16,1,1,13.0,1,1,6.0,1.0,10.0,0,5,15.279917
301557.0,5.0,0,15,1,1,13.0,1,1,5.0,2.0,8.0,0,5,15.279917
301558.0,4.0,0,16,2,1,13.0,1,1,6.0,0.0,9.0,0,5,14.521728
301558.0,6.0,1,13,1,1,13.0,1,1,3.0,4.0,4.0,0,5,14.521728
301563.0,2.0,0,17,1,1,13.0,1,1,6.0,2.0,11.0,0,5,13.448635
301563.0,3.0,0,16,1,1,13.0,1,1,6.0,2.0,11.0,0,5,13.448635
301563.0,4.0,1,15,1,1,13.0,1,1,3.0,6.0,6.0,0,5,13.448635
301570.0,3.0,1,14,1,1,13.0,1,1,3.0,3.0,3.0,0,2,12.228328
301570.0,4.0,1,12,1,1,13.0,1,1,3.0,2.0,2.0,0,2,12.228328
301572.0,2.0,1,15,2,1,13.0,1,1,3.0,5.0,0.0,0,3,10.788824
301575.0,4.0,0,16,2,1,13.0,1,1,5.0,0.0,6.0,0,1,11.918397
301576.0,3.0,1,16,2,1,13.0,1,1,3.0,5.0,6.0,0,5,13.690742
301579.0,3.0,0,13,2,1,13.0,1,1,5.0,0.0,6.0,0,5,12.899222
301580.0,3.0,0,16,1,1,13.0,1,1,5.0,1.0,7.0,0,5,11.846257
301585.0,4.0,0,13,1,1,13.0,1,1,5.0,0.0,6.0,0,5,14.762913
301585.0,5.0,1,12,2,1,13.0,1,1,3.0,4.0,4.0,0,5,14.762913
301587.0,7.0,0,15,1,1,13.0,1,1,6.0,0.0,9.0,0,5,15.888682
301606.0,3.0,0,16,2,1,13.0,1,1,6.0,0.0,9.0,0,5,15.319588
301610.0,2.0,0,16,2,1,13.0,1,1,5.0,2.0,8.0,0,1,12.093525
301610.0,3.0,1,15,1,1,13.0,1,1,3.0,4.0,4.0,0,1,12.093525
301618.0,3.0,1,13,2,1,13.0,2,1,3.0,2.0,3.0,1,5,11.813963
301619.0,2.0,1,17,1,1,13.0,2,1,3.0,4.0,5.0,0,4,0.0
301623.0,3.0,0,16,1,1,13.0,2,1,5.0,2.0,8.0,0,3,11.112985
301623.0,4.0,1,15,1,1,13.0,2,1,3.0,5.0,6.0,1,3,11.112985
301627.0,2.0,1,16,1,1,13.0,1,1,3.0,2.0,2.0,0,4,10.43341
301633.0,3.0,1,15,1,1,13.0,1,1,3.0,3.0,4.0,1,5,11.880003
301633.0,4.0,1,12,1,1,13.0,1,1,3.0,2.0,3.0,1,5,11.880003
301635.0,4.0,0,15,1,1,13.0,1,1,6.0,0.0,9.0,0,5,13.937729
301641.0,5.0,0,16,2,1,13.0,1,1,5.0,2.0,8.0,0,1,12.494858
301643.0,2.0,0,16,2,1,13.0,1,1,5.0,1.0,7.0,0,5,14.40183
301643.0,7.0,0,15,2,1,13.0,1,1,6.0,0.0,9.0,0,5,14.40183
301644.0,2.0,1,17,1,1,13.0,1,1,3.0,4.0,4.0,0,2,13.320757
301644.0,3.0,1,16,1,1,13.0,1,1,3.0,1.0,1.0,0,2,13.320757
301644.0,7.0,0,17,1,1,13.0,1,1,5.0,2.0,8.0,0,2,13.320757
301644.0,8.0,1,13,2,1,13.0,1,1,3.0,5.0,5.0,0,2,13.320757
301648.0,2.0,1,15,1,1,13.0,1,1,3.0,5.0,5.0,0,5,13.332585
301649.0,2.0,1,13,1,1,13.0,1,1,3.0,4.0,5.0,1,2,11.017825
301651.0,4.0,1,12,1,1,13.0,1,1,3.0,4.0,5.0,1,3,12.127089
301654.0,8.0,0,16,2,1,13.0,1,1,5.0,2.0,8.0,0,4,13.105127
301654.0,9.0,1,12,2,1,13.0,1,1,3.0,4.0,4.0,0,4,13.105127
301655.0,3.0,1,16,1,1,13.0,1,1,3.0,3.0,3.0,0,1,11.123594
301659.0,2.0,0,16,1,1,13.0,1,1,5.0,1.0,7.0,0,2,13.274717
301659.0,3.0,1,13,2,1,13.0,1,1,3.0,2.0,2.0,0,2,13.274717
301662.0,3.0,0,17,2,1,13.0,1,1,5.0,2.0,8.0,0,3,11.878512
301666.0,3.0,1,12,2,1,13.0,1,1,3.0,4.0,4.0,0,5,12.263402
301669.0,4.0,0,17,1,1,13.0,1,1,5.0,1.0,7.0,0,5,14.583791
301669.0,5.0,0,13,1,1,13.0,1,1,5.0,0.0,6.0,0,5,14.583791
301673.0,4.0,1,16,2,1,13.0,1,1,3.0,3.0,3.0,0,5,12.913433
301673.0,5.0,1,14,1,1,13.0,1,1,3.0,3.0,3.0,0,5,12.913433
301673.0,6.0,1,12,1,1,13.0,1,1,3.0,2.0,2.0,0,5,12.913433
301674.0,3.0,1,17,2,1,13.0,1,1,5.0,0.0,7.0,0,3,0.0
301677.0,3.0,0,13,1,1,13.0,1,1,5.0,1.0,7.0,0,5,14.215199
301677.0,6.0,1,17,2,1,13.0,1,1,3.0,3.0,0.0,0,5,14.215199
301679.0,5.0,1,13,1,1,13.0,1,1,3.0,4.0,5.0,1,4,11.481032
301680.0,3.0,1,12,1,1,13.0,1,1,3.0,3.0,3.0,0,5,12.10266
301683.0,2.0,1,17,1,1,13.0,1,1,3.0,6.0,0.0,0,2,0.0
301689.0,3.0,1,16,2,1,13.0,1,1,3.0,6.0,6.0,0,3,10.485032
301690.0,3.0,1,16,2,1,13.0,1,1,3.0,5.0,0.0,0,1,11.690243
301690.0,4.0,0,13,2,1,13.0,1,1,5.0,0.0,6.0,0,1,11.690243
301695.0,2.0,1,13,2,1,13.0,1,1,3.0,5.0,5.0,0,3,10.596035
301696.0,3.0,0,14,2,1,13.0,1,1,5.0,0.0,6.0,0,4,13.224579
301704.0,4.0,0,14,1,1,13.0,1,1,5.0,0.0,6.0,0,5,12.321635
301709.0,3.0,0,13,2,1,13.0,1,1,5.0,0.0,6.0,0,5,15.317364
301723.0,2.0,1,13,2,1,13.0,1,1,3.0,5.0,5.0,0,5,14.115616
301723.0,3.0,1,12,2,1,13.0,1,1,3.0,3.0,3.0,0,5,14.115616
301724.0,4.0,0,17,1,1,13.0,1,1,6.0,0.0,9.0,0,5,11.512936
301739.0,5.0,0,17,2,1,13.0,1,1,6.0,0.0,9.0,0,5,14.9663105
301739.0,6.0,1,12,2,1,13.0,1,1,3.0,5.0,5.0,0,5,14.9663105
301743.0,2.0,0,16,1,1,13.0,1,1,5.0,0.0,6.0,0,4,12.270975
301747.0,4.0,1,17,2,1,13.0,1,1,5.0,3.0,0.0,0,2,0.0
301750.0,5.0,0,15,1,1,13.0,1,1,5.0,2.0,8.0,0,5,13.626528
301750.0,6.0,0,13,2,1,13.0,1,1,5.0,0.0,6.0,0,5,13.626528
301754.0,3.0,0,14,1,1,13.0,1,1,5.0,0.0,6.0,0,5,13.937729
301755.0,8.0,0,15,1,1,13.0,1,1,5.0,2.0,8.0,0,3,12.42906
301766.0,4.0,0,14,1,1,13.0,1,1,5.0,0.0,6.0,0,3,11.34877
301775.0,4.0,0,15,2,1,13.0,1,1,5.0,2.0,8.0,0,5,12.79586
301778.0,3.0,0,14,1,1,13.0,1,1,5.0,0.0,6.0,0,4,12.840228
301781.0,3.0,0,16,2,1,13.0,1,1,5.0,1.0,7.0,0,3,11.980025
301787.0,5.0,1,14,2,1,13.0,1,1,3.0,4.0,4.0,0,5,11.44546
301794.0,3.0,1,13,1,1,13.0,1,1,3.0,6.0,12.0,0,4,10.043293
301796.0,2.0,1,14,1,1,13.0,1,1,3.0,5.0,5.0,0,4,12.031279
301796.0,3.0,1,12,2,1,13.0,1,1,3.0,3.0,4.0,1,4,12.031279
301802.0,3.0,1,13,1,1,13.0,1,1,3.0,4.0,4.0,0,4,11.807913
301804.0,3.0,0,16,2,1,13.0,1,1,5.0,2.0,8.0,0,5,15.193773
301804.0,4.0,0,14,1,1,13.0,1,1,5.0,1.0,7.0,0,5,15.193773
301805.0,5.0,1,13,1,1,13.0,1,1,3.0,5.0,6.0,1,5,12.793793
301806.0,3.0,1,12,2,1,13.0,1,1,3.0,5.0,5.0,0,5,15.696158
301813.0,4.0,1,15,1,1,13.0,1,1,3.0,5.0,0.0,0,4,0.0
301815.0,7.0,0,17,2,1,13.0,1,1,5.0,0.0,7.0,1,5,14.071688
301815.0,8.0,0,15,1,1,13.0,1,1,5.0,0.0,6.0,0,5,14.071688
301817.0,3.0,0,14,2,1,13.0,1,1,5.0,0.0,6.0,0,5,14.325967
301817.0,4.0,0,13,2,1,13.0,1,1,5.0,0.0,6.0,0,5,14.325967
301817.0,5.0,1,12,2,1,13.0,1,1,3.0,5.0,5.0,0,5,14.325967
301823.0,3.0,1,12,1,1,13.0,1,1,3.0,1.0,2.0,1,3,10.385173
301824.0,2.0,0,17,2,1,13.0,1,1,5.0,2.0,8.0,0,5,13.717038
301824.0,3.0,0,14,2,1,13.0,1,1,5.0,1.0,7.0,0,5,13.717038
301824.0,6.0,1,12,2,1,13.0,1,1,3.0,4.0,4.0,0,5,13.717038
301826.0,2.0,1,15,2,1,13.0,1,1,3.0,4.0,0.0,0,3,12.461009
301834.0,3.0,0,15,1,1,13.0,1,1,6.0,1.0,10.0,0,5,15.66302
301838.0,3.0,0,16,1,1,13.0,1,1,6.0,0.0,9.0,0,5,14.936537
301838.0,5.0,0,14,2,1,13.0,1,1,5.0,0.0,6.0,0,5,14.936537
301841.0,3.0,0,17,1,1,13.0,1,1,5.0,0.0,6.0,0,3,12.362268
301841.0,4.0,1,15,1,1,13.0,1,1,3.0,5.0,5.0,0,3,12.362268
301841.0,5.0,1,13,1,1,13.0,1,1,3.0,4.0,4.0,0,3,12.362268
301842.0,4.0,0,17,1,1,13.0,1,1,5.0,1.0,7.0,0,5,13.954904
301842.0,5.0,1,13,1,1,13.0,1,1,3.0,1.0,2.0,1,5,13.954904
301849.0,6.0,1,12,1,1,13.0,1,1,3.0,5.0,5.0,0,4,13.644219
301854.0,3.0,1,13,2,1,13.0,1,1,3.0,5.0,5.0,0,5,15.174306
301858.0,2.0,1,14,1,1,13.0,1,1,3.0,3.0,3.0,0,5,11.707472
301867.0,4.0,0,16,2,1,13.0,1,1,5.0,3.0,,0,3,11.757721
301867.0,5.0,0,16,2,1,13.0,1,1,5.0,3.0,,0,3,11.757721
301871.0,2.0,1,14,2,1,13.0,1,1,3.0,5.0,,0,5,11.034502
301872.0,4.0,1,12,2,1,13.0,1,1,3.0,3.0,,0,4,11.218232
301877.0,4.0,1,13,1,1,13.0,2,1,3.0,5.0,,0,3,11.377689
301879.0,5.0,1,14,2,1,13.0,2,1,3.0,5.0,,0,1,12.343706
301880.0,4.0,1,15,2,1,13.0,2,1,3.0,3.0,,0,1,10.681114
301880.0,5.0,1,12,1,1,13.0,2,1,3.0,2.0,,0,1,10.681114
301881.0,2.0,1,17,1,1,13.0,2,1,5.0,1.0,,0,3,11.238502
301881.0,3.0,1,13,1,1,13.0,2,1,3.0,5.0,,0,3,11.238502
301885.0,2.0,1,12,2,1,13.0,1,1,5.0,0.0,,0,5,14.190421
301885.0,8.0,0,14,2,1,13.0,1,1,5.0,1.0,,0,5,14.190421
301886.0,3.0,1,12,1,1,13.0,1,1,3.0,4.0,,0,3,12.502284
301891.0,3.0,0,13,1,1,13.0,1,1,5.0,1.0,,0,5,14.013715
301892.0,8.0,1,17,2,1,13.0,1,1,3.0,6.0,,0,5,13.808487
301893.0,3.0,1,17,1,1,13.0,1,1,3.0,6.0,,0,2,10.788824
301902.0,3.0,0,12,1,1,13.0,1,1,5.0,0.0,,0,4,13.116347
301909.0,3.0,0,13,1,1,13.0,1,1,5.0,2.0,,0,5,13.565767
301912.0,4.0,0,14,1,1,13.0,1,1,5.0,2.0,,0,5,14.69098
301913.0,2.0,0,14,2,1,13.0,1,1,5.0,2.0,,0,5,13.982296
301916.0,3.0,0,16,1,1,13.0,1,1,6.0,2.0,,0,5,16.083853
301918.0,5.0,1,16,1,1,13.0,1,1,3.0,5.0,,0,5,15.225034
301918.0,6.0,0,14,1,1,13.0,1,1,5.0,2.0,,0,5,15.225034
301925.0,4.0,0,14,1,1,13.0,1,1,5.0,2.0,,0,4,11.7492695
301926.0,3.0,0,17,1,1,13.0,1,1,6.0,4.0,,0,1,11.986024
301926.0,4.0,0,15,1,1,13.0,1,1,5.0,0.0,,1,1,11.986024
301926.0,5.0,1,12,1,1,13.0,1,1,3.0,4.0,,0,1,11.986024
301937.0,6.0,0,16,1,1,13.0,1,1,6.0,2.0,,0,5,14.574951
301937.0,7.0,0,12,2,1,13.0,1,1,5.0,1.0,,0,5,14.574951
301940.0,4.0,0,16,2,2,21.0,2,1,5.0,2.0,8.0,0,2,11.557143
301942.0,6.0,1,17,1,2,21.0,2,1,3.0,2.0,2.0,0,1,12.677204
301942.0,7.0,1,15,1,2,21.0,2,1,3.0,5.0,5.0,0,1,12.677204
301942.0,8.0,1,12,2,2,21.0,2,1,3.0,4.0,4.0,0,1,12.677204
301943.0,2.0,1,14,1,2,21.0,2,1,3.0,3.0,4.0,1,3,10.637681
301945.0,4.0,1,17,2,2,21.0,2,1,5.0,1.0,0.0,0,2,0.0
301947.0,3.0,0,17,1,2,21.0,2,1,5.0,2.0,8.0,0,3,11.955532
301947.0,4.0,0,15,1,2,21.0,2,1,5.0,1.0,7.0,0,3,11.955532
301947.0,5.0,0,14,2,2,21.0,2,1,5.0,1.0,7.0,0,3,11.955532
301952.0,4.0,0,16,1,2,21.0,2,1,6.0,0.0,9.0,0,1,12.929376
301954.0,3.0,1,13,2,2,21.0,2,1,3.0,5.0,5.0,0,2,11.511435
301956.0,3.0,1,12,1,2,21.0,2,1,3.0,4.0,5.0,1,4,11.446262
301958.0,3.0,1,15,2,2,21.0,2,1,3.0,4.0,0.0,0,1,10.534121
301959.0,3.0,1,16,1,2,21.0,2,1,3.0,2.0,3.0,0,1,10.870015
301959.0,4.0,1,12,2,2,21.0,2,1,3.0,3.0,3.0,0,1,10.870015
301961.0,3.0,1,17,1,2,21.0,2,1,3.0,2.0,0.0,0,4,0.0
301962.0,3.0,1,17,1,2,21.0,2,1,3.0,5.0,0.0,0,5,0.0
301963.0,3.0,1,13,2,2,21.0,2,1,3.0,4.0,4.0,0,2,11.694213
301966.0,3.0,1,16,2,2,21.0,2,1,3.0,5.0,0.0,0,1,10.442201
301966.0,4.0,1,14,1,2,21.0,2,1,3.0,4.0,0.0,0,1,10.442201
301970.0,5.0,1,13,1,2,21.0,2,1,3.0,4.0,4.0,0,1,11.261267
301972.0,3.0,1,16,1,2,21.0,2,1,3.0,5.0,0.0,0,1,11.457687
301972.0,4.0,1,14,1,2,21.0,2,1,3.0,2.0,3.0,0,1,11.457687
301972.0,5.0,1,13,1,2,21.0,2,1,3.0,2.0,2.0,0,1,11.457687
301979.0,3.0,1,16,1,2,21.0,2,1,5.0,1.0,0.0,0,4,10.825283
301979.0,4.0,1,12,1,2,21.0,2,1,3.0,3.0,3.0,0,4,10.825283
301981.0,4.0,1,16,2,2,21.0,2,1,3.0,3.0,4.0,1,1,11.456101
301981.0,5.0,1,14,2,2,21.0,2,1,3.0,2.0,3.0,1,1,11.456101
301982.0,2.0,0,17,2,2,21.0,2,1,5.0,1.0,7.0,0,1,11.395672
301982.0,3.0,1,13,2,2,21.0,2,1,3.0,4.0,5.0,1,1,11.395672
301984.0,4.0,0,14,2,2,21.0,1,1,5.0,0.0,6.0,0,5,13.559793
301984.0,5.0,1,14,2,2,21.0,1,1,3.0,6.0,0.0,0,5,13.559793
301985.0,5.0,1,17,1,2,21.0,1,1,3.0,5.0,6.0,0,5,13.211246
301987.0,4.0,0,15,2,2,21.0,1,1,5.0,1.0,7.0,0,5,14.2471285
301987.0,9.0,1,16,2,2,21.0,1,1,3.0,4.0,5.0,0,5,14.2471285
301988.0,5.0,1,17,2,2,21.0,1,1,3.0,6.0,0.0,0,1,11.737157
301988.0,6.0,1,14,2,2,21.0,1,1,3.0,4.0,4.0,0,1,11.737157
301989.0,3.0,0,17,2,2,21.0,1,1,6.0,0.0,9.0,0,3,12.669291
301989.0,6.0,1,14,1,2,21.0,1,1,3.0,5.0,6.0,0,3,12.669291
301994.0,4.0,1,14,2,2,21.0,2,1,3.0,4.0,5.0,1,1,11.455572
301998.0,2.0,1,15,1,2,21.0,2,1,3.0,2.0,2.0,0,2,10.274223
301999.0,3.0,0,16,2,2,21.0,2,1,5.0,0.0,6.0,0,2,11.244209
302000.0,3.0,1,15,1,2,21.0,2,1,3.0,0.0,1.0,1,3,11.216553
302000.0,4.0,1,12,2,2,21.0,2,1,3.0,2.0,3.0,1,3,11.216553
302001.0,2.0,1,15,1,2,21.0,2,1,3.0,2.0,0.0,0,2,0.0
302002.0,3.0,1,14,1,2,21.0,2,1,3.0,2.0,0.0,0,1,11.156979
302007.0,2.0,1,13,1,2,21.0,2,1,3.0,0.0,0.0,0,1,0.0
302010.0,4.0,1,15,1,2,21.0,2,0,,,,0,1,10.987849
302012.0,3.0,1,13,1,2,21.0,2,1,3.0,4.0,4.0,0,5,13.173011
302014.0,4.0,0,17,1,2,21.0,2,1,6.0,0.0,9.0,0,4,13.043495
302014.0,5.0,0,16,2,2,21.0,2,1,5.0,2.0,8.0,0,4,13.043495
302016.0,3.0,1,12,2,2,21.0,2,1,3.0,3.0,3.0,0,4,11.124332
302017.0,5.0,0,15,2,2,21.0,2,1,5.0,2.0,8.0,0,2,11.1496
302021.0,2.0,0,17,2,2,21.0,1,1,5.0,1.0,7.0,0,1,11.950606
302021.0,3.0,1,14,2,2,21.0,1,1,3.0,3.0,3.0,0,1,11.950606
302024.0,6.0,0,17,1,2,21.0,1,1,6.0,0.0,9.0,0,5,14.753457
302024.0,7.0,0,14,2,2,21.0,1,1,5.0,2.0,8.0,0,5,14.753457
302028.0,5.0,0,17,1,2,21.0,1,1,6.0,1.0,10.0,0,3,12.9340105
302029.0,3.0,1,13,2,2,21.0,2,1,3.0,4.0,4.0,0,1,11.6030035
302030.0,3.0,1,12,2,2,21.0,2,1,3.0,3.0,3.0,0,1,11.135333
302031.0,4.0,0,17,1,2,21.0,2,1,5.0,1.0,7.0,0,1,11.782922
302031.0,5.0,0,14,1,2,21.0,2,1,5.0,0.0,6.0,0,1,11.782922
302031.0,6.0,1,13,1,2,21.0,2,1,3.0,3.0,0.0,0,1,11.782922
302031.0,7.0,1,12,2,2,21.0,2,1,3.0,3.0,3.0,0,1,11.782922
302035.0,4.0,1,17,2,2,21.0,2,1,3.0,5.0,0.0,0,2,0.0
302036.0,3.0,1,14,1,2,21.0,2,1,3.0,4.0,4.0,0,3,11.557191
302037.0,3.0,1,12,2,2,21.0,2,1,3.0,1.0,1.0,0,2,10.374304
302039.0,2.0,1,12,1,2,21.0,2,1,3.0,4.0,4.0,0,1,11.116187
302040.0,2.0,1,14,1,2,21.0,2,1,3.0,3.0,3.0,0,2,11.921725
302040.0,6.0,1,14,1,2,21.0,2,1,3.0,4.0,4.0,0,2,11.921725
302041.0,3.0,1,13,1,2,21.0,2,1,3.0,3.0,3.0,0,2,11.179563
302043.0,4.0,0,17,1,2,21.0,2,1,6.0,0.0,9.0,0,5,13.716244
302045.0,5.0,1,15,1,2,21.0,2,1,3.0,5.0,0.0,0,2,10.459554
302048.0,3.0,1,15,1,2,21.0,2,1,3.0,4.0,4.0,0,2,11.782578
302048.0,4.0,1,13,1,2,21.0,2,1,3.0,3.0,3.0,0,2,11.782578
302050.0,3.0,1,17,1,2,21.0,2,1,3.0,5.0,0.0,0,2,0.0
302052.0,5.0,1,14,1,2,21.0,2,1,3.0,3.0,3.0,0,1,11.272776
302052.0,6.0,1,12,1,2,21.0,2,1,3.0,2.0,3.0,1,1,11.272776
302053.0,6.0,1,12,2,2,21.0,2,1,3.0,0.0,0.0,0,1,10.301458
302054.0,3.0,1,12,2,2,21.0,2,1,3.0,3.0,3.0,0,5,10.473789
302055.0,3.0,0,17,1,2,21.0,2,1,6.0,0.0,9.0,0,2,11.620981
302055.0,4.0,1,14,1,2,21.0,2,1,3.0,3.0,3.0,0,2,11.620981
302056.0,2.0,0,15,2,2,21.0,2,1,5.0,0.0,6.0,0,4,11.402676
302057.0,3.0,0,13,2,2,21.0,2,1,5.0,0.0,6.0,0,5,10.071584
302060.0,3.0,1,14,1,2,21.0,2,1,3.0,4.0,4.0,0,3,10.970368
302061.0,3.0,1,14,1,2,21.0,2,1,3.0,5.0,5.0,0,2,11.74345
302063.0,2.0,0,15,2,2,21.0,2,1,5.0,2.0,8.0,0,4,11.203148
302065.0,3.0,1,16,1,2,21.0,2,1,3.0,2.0,0.0,0,1,8.243019
302067.0,3.0,1,17,2,2,21.0,2,1,3.0,4.0,0.0,0,1,11.813963
302067.0,4.0,1,15,1,2,21.0,2,1,3.0,5.0,6.0,1,1,11.813963
302067.0,5.0,1,13,1,2,21.0,2,1,3.0,3.0,3.0,0,1,11.813963
302068.0,3.0,1,15,2,2,21.0,2,1,3.0,5.0,0.0,0,1,11.10098
302068.0,4.0,0,12,2,2,21.0,2,1,5.0,0.0,6.0,0,1,11.10098
302074.0,3.0,1,12,2,2,21.0,2,1,3.0,5.0,5.0,0,5,12.068539
302075.0,3.0,1,14,1,2,21.0,2,1,3.0,4.0,4.0,0,1,12.611791
302078.0,5.0,1,13,1,2,21.0,2,1,3.0,2.0,0.0,0,3,11.050509
302081.0,5.0,1,13,1,2,21.0,2,1,3.0,4.0,4.0,0,2,11.789314
302086.0,4.0,1,12,1,2,21.0,1,1,3.0,1.0,1.0,0,3,10.765871
302089.0,4.0,1,16,1,2,21.0,1,1,3.0,3.0,0.0,0,1,0.0
302090.0,5.0,1,13,1,2,21.0,1,1,3.0,2.0,3.0,1,1,13.1909485
302091.0,6.0,1,13,1,2,21.0,1,1,3.0,1.0,0.0,0,3,12.356219
302092.0,4.0,0,14,2,2,21.0,2,1,5.0,1.0,7.0,0,4,13.43181
302092.0,5.0,1,13,2,2,21.0,2,1,3.0,4.0,4.0,0,4,13.43181
302097.0,2.0,1,17,2,2,21.0,2,1,5.0,1.0,0.0,0,1,10.700116
302097.0,3.0,0,14,2,2,21.0,2,1,5.0,0.0,6.0,0,1,10.700116
302097.0,4.0,1,14,1,2,21.0,2,1,3.0,5.0,6.0,0,1,10.700116
302099.0,5.0,0,16,2,2,21.0,2,1,5.0,1.0,7.0,0,2,10.037188
302101.0,4.0,0,17,1,2,21.0,2,1,5.0,1.0,8.0,1,1,10.444677
302104.0,2.0,0,14,2,2,21.0,2,1,5.0,1.0,7.0,0,1,10.677316
302111.0,3.0,1,17,1,2,21.0,2,1,3.0,5.0,0.0,0,3,11.045733
302111.0,4.0,1,13,2,2,21.0,2,1,3.0,5.0,5.0,0,3,11.045733
302112.0,3.0,1,16,2,2,21.0,2,0,,,,0,2,11.482735
302112.0,4.0,1,13,1,2,21.0,2,1,3.0,3.0,3.0,0,2,11.482735
302115.0,4.0,0,17,1,2,21.0,2,1,5.0,1.0,7.0,0,1,13.042489
302115.0,5.0,0,17,1,2,21.0,2,1,5.0,1.0,7.0,0,1,13.042489
302115.0,6.0,0,14,2,2,21.0,2,1,5.0,0.0,6.0,0,1,13.042489
302116.0,2.0,1,13,1,2,21.0,2,1,3.0,3.0,3.0,0,2,11.296646
302120.0,4.0,0,16,1,2,21.0,2,1,5.0,0.0,6.0,0,1,11.494109
302124.0,2.0,1,16,2,2,21.0,2,1,3.0,4.0,4.0,0,3,11.553597
302126.0,4.0,1,14,2,2,21.0,2,1,3.0,4.0,5.0,1,1,10.601025
302128.0,3.0,1,17,2,2,21.0,2,1,3.0,6.0,0.0,0,3,11.217896
302128.0,4.0,1,14,2,2,21.0,2,1,3.0,4.0,4.0,0,3,11.217896
302130.0,2.0,1,17,1,2,21.0,2,1,3.0,1.0,0.0,0,3,0.0
302131.0,2.0,1,16,1,2,21.0,2,1,3.0,5.0,5.0,0,2,7.650169
302132.0,4.0,1,12,2,2,21.0,2,1,3.0,5.0,5.0,0,2,11.4157095
302134.0,3.0,1,12,1,2,21.0,2,1,3.0,2.0,3.0,1,1,11.495027
302139.0,5.0,0,16,2,2,21.0,2,1,5.0,1.0,8.0,1,5,11.203148
302139.0,6.0,1,17,2,2,21.0,2,1,5.0,0.0,0.0,0,5,11.203148
302140.0,3.0,1,15,2,2,21.0,2,1,3.0,4.0,4.0,0,2,10.462418
302141.0,3.0,1,12,1,2,21.0,2,1,3.0,4.0,4.0,0,1,11.501217
302142.0,3.0,1,13,1,2,21.0,2,1,3.0,2.0,0.0,0,1,0.0
302143.0,3.0,1,15,2,2,21.0,2,1,3.0,5.0,5.0,0,1,11.017825
302144.0,4.0,0,17,2,2,21.0,2,1,5.0,2.0,8.0,0,2,11.697212
302144.0,5.0,1,12,1,2,21.0,2,1,3.0,2.0,2.0,1,2,11.697212
302145.0,4.0,0,14,2,2,21.0,2,1,5.0,0.0,6.0,0,1,11.022899
302148.0,2.0,1,13,1,2,21.0,2,1,3.0,1.0,1.0,0,3,12.482192
302150.0,3.0,1,15,1,2,21.0,2,1,3.0,4.0,5.0,1,3,11.353355
302165.0,2.0,1,15,1,2,21.0,2,1,3.0,4.0,0.0,0,1,10.423055
302167.0,3.0,1,13,1,2,21.0,2,1,3.0,1.0,1.0,0,1,10.418584
302179.0,4.0,0,17,2,2,21.0,2,1,6.0,0.0,9.0,0,4,12.732932
302180.0,3.0,0,17,1,2,21.0,2,1,6.0,0.0,9.0,0,5,12.988514
302180.0,4.0,1,15,1,2,21.0,2,1,3.0,3.0,0.0,0,5,12.988514
302183.0,4.0,1,16,1,2,21.0,2,1,3.0,2.0,3.0,1,1,11.384535
302183.0,5.0,1,14,2,2,21.0,2,1,3.0,5.0,5.0,0,1,11.384535
302185.0,3.0,1,12,2,2,21.0,2,1,3.0,1.0,1.0,0,3,11.232563
302186.0,5.0,1,17,2,2,21.0,2,1,3.0,3.0,0.0,0,2,11.089821
302186.0,6.0,1,14,2,2,21.0,2,1,3.0,2.0,3.0,1,2,11.089821
302189.0,3.0,1,13,2,2,21.0,2,1,3.0,4.0,4.0,1,4,11.31996
302190.0,3.0,0,17,2,2,21.0,2,1,5.0,2.0,8.0,0,4,12.384097
302190.0,4.0,0,15,1,2,21.0,2,1,5.0,0.0,6.0,0,4,12.384097
302192.0,2.0,1,17,1,2,21.0,2,1,3.0,5.0,6.0,0,2,10.765871
302192.0,3.0,1,15,1,2,21.0,2,1,3.0,3.0,4.0,1,2,10.765871
302193.0,4.0,1,15,1,2,21.0,2,1,3.0,2.0,2.0,0,2,11.799689
302197.0,5.0,1,12,1,2,21.0,2,1,3.0,2.0,0.0,0,1,9.409273
302198.0,3.0,0,14,1,2,21.0,2,1,5.0,1.0,7.0,0,1,11.283337
302201.0,3.0,1,12,1,2,21.0,2,1,3.0,3.0,3.0,0,4,10.878537
302203.0,3.0,1,12,1,2,21.0,2,1,3.0,5.0,5.0,0,5,11.910365
302209.0,5.0,0,16,1,2,21.0,2,1,5.0,1.0,7.0,0,1,11.453133
302209.0,6.0,0,14,1,2,21.0,2,1,5.0,1.0,7.0,0,1,11.453133
302210.0,3.0,0,16,1,2,21.0,2,1,5.0,2.0,8.0,0,2,10.943075
302210.0,4.0,0,14,2,2,21.0,2,1,5.0,0.0,6.0,0,2,10.943075
302211.0,3.0,1,15,1,2,21.0,2,1,3.0,5.0,5.0,0,1,10.284523
302211.0,4.0,1,13,1,2,21.0,2,1,3.0,2.0,2.0,0,1,10.284523
302216.0,5.0,1,15,2,2,21.0,2,1,3.0,5.0,5.0,0,2,10.677662
302219.0,4.0,1,15,1,2,21.0,2,1,3.0,0.0,0.0,0,5,10.782617
302221.0,3.0,1,15,2,2,21.0,2,1,3.0,5.0,5.0,0,1,11.235207
302222.0,3.0,1,14,1,2,21.0,2,1,3.0,3.0,3.0,0,5,11.6030035
302222.0,4.0,1,12,2,2,21.0,2,1,3.0,3.0,3.0,0,5,11.6030035
302224.0,5.0,1,16,1,2,21.0,2,1,3.0,2.0,2.0,0,2,12.080855
302224.0,6.0,1,13,1,2,21.0,2,1,3.0,2.0,2.0,0,2,12.080855
302228.0,2.0,1,16,1,2,21.0,2,1,3.0,2.0,0.0,0,3,0.0
302230.0,4.0,1,12,2,2,21.0,2,1,3.0,2.0,0.0,0,5,0.0
302231.0,4.0,1,15,1,2,21.0,2,1,3.0,3.0,4.0,1,5,13.298517
302233.0,3.0,1,16,2,2,21.0,2,1,3.0,2.0,2.0,0,4,11.038126
302236.0,5.0,0,16,1,2,21.0,1,1,5.0,1.0,7.0,0,4,11.186655
302240.0,3.0,0,17,2,2,21.0,1,1,6.0,1.0,10.0,0,4,13.33171
302241.0,4.0,1,13,2,2,21.0,1,1,3.0,5.0,5.0,0,5,12.616446
302243.0,3.0,1,12,2,2,21.0,1,1,3.0,4.0,4.0,0,5,12.587761
302245.0,5.0,1,17,1,2,21.0,2,1,3.0,5.0,5.0,0,4,13.177185
302247.0,3.0,1,15,1,2,21.0,2,1,3.0,1.0,1.0,0,1,11.18235
302248.0,3.0,1,15,1,2,21.0,2,1,3.0,4.0,4.0,0,3,10.838129
302248.0,4.0,1,14,1,2,21.0,2,1,3.0,2.0,2.0,0,3,10.838129
302249.0,2.0,1,14,1,2,21.0,2,1,3.0,3.0,4.0,1,3,10.445114
302251.0,5.0,1,15,1,2,21.0,2,1,3.0,2.0,0.0,0,2,11.826795
302251.0,6.0,1,12,2,2,21.0,2,1,3.0,1.0,2.0,1,2,11.826795
302252.0,4.0,1,17,1,2,21.0,2,1,3.0,3.0,0.0,0,1,0.0
302252.0,5.0,1,17,1,2,21.0,2,1,3.0,3.0,0.0,0,1,0.0
302254.0,3.0,0,17,1,2,21.0,2,1,5.0,1.0,7.0,0,1,12.095202
302254.0,4.0,0,15,2,2,21.0,2,1,5.0,1.0,7.0,0,1,12.095202
302254.0,5.0,1,14,1,2,21.0,2,1,3.0,4.0,4.0,0,1,12.095202
302256.0,3.0,1,17,2,2,21.0,2,1,3.0,4.0,4.0,0,3,11.006689
302259.0,4.0,0,16,2,2,21.0,2,1,5.0,0.0,6.0,0,3,11.971116
302260.0,3.0,1,12,1,2,21.0,2,1,3.0,3.0,3.0,0,1,10.740215
302261.0,3.0,1,12,2,2,21.0,2,1,3.0,3.0,3.0,0,2,10.6280365
302263.0,3.0,1,16,1,2,21.0,2,1,3.0,5.0,5.0,0,2,11.991647
302263.0,4.0,1,15,1,2,21.0,2,1,3.0,5.0,5.0,0,2,11.991647
302263.0,5.0,1,13,2,2,21.0,2,1,3.0,4.0,4.0,0,2,11.991647
302267.0,2.0,1,12,1,2,21.0,2,1,3.0,0.0,0.0,0,2,10.369609
302272.0,4.0,1,16,2,2,21.0,2,1,3.0,4.0,0.0,0,4,0.0
302273.0,3.0,1,12,1,2,21.0,2,1,3.0,3.0,3.0,0,4,10.476612
302276.0,3.0,0,17,2,2,21.0,2,1,5.0,1.0,8.0,1,2,12.120439
302276.0,4.0,1,14,1,2,21.0,2,1,3.0,2.0,3.0,1,2,12.120439
302276.0,5.0,1,12,1,2,21.0,2,1,3.0,2.0,2.0,0,2,12.120439
302276.0,7.0,1,17,2,2,21.0,2,1,3.0,3.0,0.0,0,2,12.120439
302278.0,3.0,1,15,1,2,21.0,2,1,3.0,4.0,4.0,0,1,10.949508
302278.0,4.0,1,14,1,2,21.0,2,1,3.0,4.0,4.0,0,1,10.949508
302278.0,5.0,1,12,1,2,21.0,2,1,3.0,2.0,3.0,1,1,10.949508
302280.0,3.0,1,12,2,2,21.0,2,1,3.0,3.0,3.0,0,1,11.027621
302281.0,4.0,0,16,2,2,21.0,2,1,5.0,1.0,7.0,0,2,11.090736
302285.0,3.0,1,17,2,2,21.0,2,1,3.0,4.0,0.0,0,3,10.644854
302286.0,3.0,1,16,1,2,21.0,2,1,3.0,1.0,0.0,0,4,12.106175
302286.0,4.0,1,13,1,2,21.0,2,1,3.0,1.0,2.0,1,4,12.106175
302288.0,3.0,1,14,2,2,21.0,2,1,3.0,4.0,4.0,0,3,10.501664
302294.0,4.0,1,17,2,2,21.0,1,1,5.0,1.0,0.0,0,5,13.28788
302296.0,3.0,0,16,2,2,21.0,1,1,5.0,0.0,6.0,0,2,10.297588
302299.0,3.0,0,16,2,2,21.0,2,1,5.0,1.0,8.0,1,1,11.895368
302299.0,4.0,1,14,1,2,21.0,2,1,3.0,3.0,3.0,0,1,11.895368
302299.0,5.0,1,12,2,2,21.0,2,1,3.0,2.0,2.0,0,1,11.895368
302303.0,2.0,1,17,1,2,21.0,2,1,3.0,5.0,0.0,0,1,0.0
302306.0,2.0,0,14,2,2,21.0,2,1,5.0,0.0,6.0,0,1,11.761433
302309.0,3.0,0,17,2,2,21.0,2,1,5.0,2.0,8.0,0,3,11.9960985
302309.0,4.0,0,15,1,2,21.0,2,1,5.0,0.0,7.0,1,3,11.9960985
302311.0,6.0,0,14,1,2,21.0,2,1,5.0,0.0,6.0,0,3,13.031039
302312.0,2.0,1,15,1,2,21.0,2,1,3.0,4.0,4.0,0,4,11.573324
302312.0,5.0,1,17,1,2,21.0,2,1,3.0,5.0,0.0,0,4,11.573324
302314.0,2.0,1,13,2,2,21.0,2,1,3.0,4.0,4.0,0,4,11.6057415
302316.0,5.0,1,12,2,2,21.0,2,1,3.0,5.0,5.0,0,2,11.862144
302318.0,5.0,1,17,2,2,21.0,2,1,3.0,4.0,0.0,0,1,11.874794
302319.0,6.0,1,17,1,2,21.0,2,1,3.0,5.0,0.0,0,2,12.52816
302326.0,3.0,1,15,2,2,21.0,2,1,3.0,1.0,0.0,0,4,10.448019
302329.0,4.0,0,16,2,2,21.0,2,1,5.0,0.0,6.0,0,3,11.300178
302329.0,5.0,1,14,2,2,21.0,2,1,3.0,4.0,4.0,0,3,11.300178
302330.0,3.0,1,15,2,2,21.0,2,1,3.0,5.0,5.0,0,1,11.455572
302330.0,4.0,1,13,2,2,21.0,2,1,3.0,1.0,1.0,0,1,11.455572
302331.0,3.0,1,13,2,2,21.0,2,1,3.0,5.0,5.0,0,2,11.377689
302332.0,4.0,0,16,2,2,21.0,2,1,5.0,1.0,7.0,0,2,12.01301
302332.0,5.0,1,13,2,2,21.0,2,1,3.0,4.0,4.0,0,2,12.01301
302334.0,3.0,1,13,1,2,21.0,2,1,3.0,2.0,3.0,1,1,11.526098
302335.0,4.0,0,17,2,2,21.0,2,1,5.0,1.0,7.0,0,2,11.310209
302335.0,5.0,1,15,1,2,21.0,2,1,3.0,3.0,4.0,1,2,11.310209
302336.0,3.0,1,15,1,2,21.0,2,1,3.0,0.0,0.0,0,1,9.239996
302336.0,4.0,1,12,1,2,21.0,2,1,3.0,1.0,1.0,0,1,9.239996
302337.0,2.0,0,16,2,2,21.0,2,1,5.0,1.0,8.0,1,1,12.024017
302338.0,4.0,1,15,1,2,21.0,2,1,3.0,5.0,5.0,0,3,12.476237
302338.0,5.0,1,12,2,2,21.0,2,1,3.0,2.0,3.0,1,3,12.476237
302343.0,3.0,1,17,1,2,21.0,2,1,3.0,6.0,0.0,0,3,11.481961
302350.0,3.0,1,12,2,2,21.0,2,1,3.0,3.0,3.0,0,1,11.135333
302351.0,3.0,0,17,2,2,21.0,2,1,5.0,2.0,8.0,0,3,12.065494
302351.0,4.0,0,16,2,2,21.0,2,1,5.0,1.0,7.0,0,3,12.065494
302352.0,3.0,1,16,1,2,21.0,2,1,3.0,2.0,2.0,0,1,11.213859
302353.0,3.0,1,15,2,2,21.0,2,1,3.0,5.0,0.0,0,1,0.0
302355.0,3.0,0,14,1,2,21.0,2,1,5.0,0.0,6.0,0,1,11.356692
302361.0,3.0,0,16,2,2,21.0,2,1,5.0,0.0,7.0,1,3,11.913116
302363.0,3.0,1,15,1,2,21.0,2,1,3.0,4.0,4.0,0,1,10.445114
302365.0,3.0,1,14,1,2,21.0,2,1,3.0,5.0,5.0,0,3,12.90031
302367.0,4.0,0,16,2,2,21.0,2,1,5.0,1.0,7.0,0,4,10.862378
302368.0,5.0,1,17,2,2,21.0,2,1,6.0,2.0,12.0,0,2,0.0
302370.0,6.0,1,16,1,2,21.0,2,1,3.0,3.0,3.0,0,1,11.83726
302372.0,5.0,1,15,1,2,21.0,2,1,3.0,3.0,,0,1,11.811555
302372.0,6.0,1,12,1,2,21.0,2,1,3.0,3.0,,0,1,11.811555
302373.0,4.0,1,17,2,2,21.0,2,1,3.0,5.0,,0,2,12.212482
302373.0,5.0,1,14,1,2,21.0,2,1,3.0,2.0,,0,2,12.212482
302378.0,3.0,1,12,2,2,21.0,2,1,3.0,4.0,,1,2,11.151253
302384.0,3.0,1,13,1,2,21.0,2,1,3.0,4.0,,0,4,11.530284
302385.0,3.0,1,13,2,2,21.0,2,1,3.0,3.0,,0,1,11.096667
302386.0,5.0,1,16,1,2,21.0,2,1,3.0,5.0,,0,3,10.886989
302390.0,4.0,1,14,1,2,21.0,2,1,3.0,3.0,,0,1,10.744537
302392.0,3.0,1,17,2,2,21.0,2,1,3.0,3.0,,0,5,0.0
302395.0,5.0,0,17,2,2,21.0,2,1,6.0,0.0,,0,3,12.6639595
302395.0,6.0,0,15,1,2,21.0,2,1,5.0,2.0,,0,3,12.6639595
302395.0,7.0,1,12,1,2,21.0,2,1,3.0,5.0,,0,3,12.6639595
302397.0,3.0,0,16,1,2,21.0,2,1,6.0,0.0,,0,3,12.904757
302401.0,3.0,1,16,2,2,21.0,2,1,3.0,5.0,,0,1,0.0
302402.0,2.0,1,15,1,2,21.0,2,1,3.0,4.0,,0,1,0.0
302403.0,3.0,1,13,1,2,21.0,2,1,3.0,4.0,,0,1,11.189284
302404.0,5.0,1,15,1,2,21.0,2,1,3.0,4.0,,0,1,10.953452
302407.0,4.0,0,15,2,2,21.0,2,1,5.0,1.0,,0,1,11.80089
302409.0,2.0,1,16,1,2,21.0,2,1,3.0,4.0,,0,4,0.0
302411.0,3.0,0,16,2,2,21.0,2,1,5.0,1.0,,0,1,12.076368
302411.0,4.0,0,14,1,2,21.0,2,1,5.0,0.0,,0,1,12.076368
302411.0,5.0,1,12,1,2,21.0,2,1,3.0,4.0,,0,1,12.076368
302416.0,5.0,0,15,1,2,21.0,2,1,5.0,2.0,,0,1,12.650088
302416.0,6.0,0,12,2,2,21.0,2,1,5.0,0.0,,0,1,12.650088
302417.0,3.0,1,14,2,2,21.0,2,1,3.0,3.0,,1,1,11.058023
302419.0,3.0,1,14,2,2,21.0,2,1,3.0,4.0,,0,3,10.490607
302420.0,6.0,0,17,1,2,21.0,2,1,5.0,2.0,,0,2,11.336617
302420.0,7.0,1,12,2,2,21.0,2,1,3.0,4.0,,0,2,11.336617
302421.0,3.0,0,16,1,2,21.0,2,1,5.0,2.0,,0,4,12.120029
302421.0,4.0,1,13,1,2,21.0,2,1,3.0,1.0,,0,4,12.120029
302425.0,6.0,1,16,1,2,22.0,2,1,3.0,2.0,0.0,0,1,10.515316
302430.0,2.0,1,16,1,2,22.0,2,1,3.0,3.0,3.0,0,1,11.119898
302430.0,3.0,1,14,2,2,22.0,2,1,3.0,3.0,3.0,0,1,11.119898
302431.0,2.0,1,13,2,2,22.0,2,1,3.0,0.0,0.0,0,2,10.347404
302432.0,2.0,1,17,1,2,22.0,2,1,5.0,0.0,0.0,0,3,11.676115
302432.0,3.0,1,13,1,2,22.0,2,1,3.0,1.0,2.0,1,3,11.676115
302433.0,4.0,0,16,1,2,22.0,2,1,5.0,1.0,7.0,0,2,10.7431345
302434.0,4.0,1,14,2,2,22.0,2,1,3.0,5.0,5.0,0,1,11.453716
302435.0,3.0,1,15,1,2,22.0,2,1,3.0,4.0,4.0,0,3,11.231238
302441.0,2.0,0,17,1,2,22.0,2,1,5.0,0.0,6.0,0,2,11.031028
302443.0,4.0,1,15,1,2,22.0,2,1,3.0,1.0,0.0,0,1,10.324695
302446.0,3.0,1,14,1,2,22.0,2,1,3.0,3.0,4.0,0,2,11.09363
302448.0,3.0,1,13,2,2,22.0,2,1,3.0,1.0,1.0,0,1,11.49909
302448.0,4.0,1,13,2,2,22.0,2,1,3.0,1.0,1.0,0,1,11.49909
302450.0,5.0,1,12,2,2,22.0,2,1,3.0,3.0,3.0,0,1,10.3457985
302455.0,3.0,1,15,1,2,22.0,2,1,3.0,3.0,3.0,0,2,11.173263
302456.0,4.0,1,15,2,2,22.0,2,1,3.0,2.0,0.0,0,3,11.979084
302456.0,5.0,1,14,1,2,22.0,2,1,3.0,1.0,0.0,0,3,11.979084
302458.0,5.0,1,16,2,2,22.0,2,1,3.0,4.0,4.0,0,1,11.25352
302458.0,6.0,1,12,2,2,22.0,2,1,3.0,2.0,2.0,0,1,11.25352
302459.0,4.0,1,12,2,2,22.0,2,1,3.0,3.0,3.0,0,1,11.08638
302460.0,3.0,1,12,2,2,22.0,2,1,3.0,3.0,4.0,1,1,10.513959
302462.0,3.0,1,12,2,2,22.0,1,1,3.0,0.0,1.0,1,1,11.550953
302464.0,2.0,1,15,1,2,22.0,1,1,3.0,4.0,5.0,1,1,10.571983
302466.0,5.0,0,16,2,2,22.0,1,1,5.0,1.0,7.0,0,1,11.286476
302467.0,3.0,1,14,1,2,22.0,1,1,3.0,3.0,3.0,0,1,11.473415
302469.0,5.0,0,14,1,2,22.0,1,1,5.0,1.0,7.0,0,3,12.124163
302469.0,8.0,1,17,2,2,22.0,1,1,3.0,5.0,6.0,0,3,12.124163
302470.0,2.0,1,16,1,2,22.0,2,1,3.0,5.0,5.0,0,1,11.417801
302471.0,4.0,1,16,2,2,22.0,2,1,3.0,4.0,4.0,0,3,10.6695595
302473.0,3.0,0,17,2,2,22.0,2,1,5.0,1.0,8.0,1,1,12.2379875
302473.0,4.0,1,14,2,2,22.0,2,1,3.0,4.0,4.0,0,1,12.2379875
302475.0,4.0,1,15,2,2,22.0,2,1,3.0,3.0,4.0,0,2,11.415048
302475.0,5.0,1,12,2,2,22.0,2,1,3.0,2.0,2.0,0,2,11.415048
302477.0,2.0,1,13,2,2,22.0,2,1,3.0,1.0,1.0,0,2,11.229913
302478.0,5.0,0,16,1,2,22.0,2,1,6.0,0.0,9.0,0,3,13.303227
302485.0,5.0,0,15,2,2,22.0,2,1,5.0,2.0,8.0,0,1,12.034757
302485.0,6.0,1,13,2,2,22.0,2,1,3.0,5.0,5.0,0,1,12.034757
302486.0,4.0,0,15,2,2,22.0,2,1,5.0,2.0,8.0,0,4,11.783875
302486.0,6.0,1,15,1,2,22.0,2,1,3.0,1.0,0.0,0,4,11.783875
302487.0,4.0,0,13,2,2,22.0,2,1,5.0,1.0,7.0,0,4,13.448318
302489.0,6.0,0,17,1,2,22.0,2,1,6.0,0.0,9.0,0,1,12.53156
302489.0,7.0,0,15,1,2,22.0,2,1,5.0,2.0,8.0,0,1,12.53156
302490.0,4.0,1,17,1,2,22.0,2,1,3.0,5.0,0.0,0,2,11.175507
302492.0,6.0,0,15,2,2,22.0,2,1,5.0,2.0,8.0,0,2,12.569555
302492.0,7.0,0,14,2,2,22.0,2,1,5.0,1.0,7.0,0,2,12.569555
302492.0,8.0,1,15,2,2,22.0,2,1,3.0,4.0,4.0,0,2,12.569555
302494.0,3.0,1,13,1,2,22.0,2,1,3.0,5.0,5.0,0,2,10.375863
302500.0,2.0,1,17,1,2,22.0,2,1,3.0,2.0,0.0,0,3,11.161252
302501.0,3.0,0,17,1,2,22.0,2,1,5.0,1.0,7.0,0,2,11.834726
302501.0,4.0,1,14,2,2,22.0,2,1,3.0,5.0,5.0,0,2,11.834726
302503.0,3.0,1,14,1,2,22.0,2,1,3.0,3.0,3.0,0,1,11.339179
302505.0,2.0,1,15,1,2,22.0,2,1,3.0,5.0,5.0,0,2,11.3009815
302506.0,3.0,1,13,1,2,22.0,2,1,3.0,4.0,5.0,1,3,11.771444
302506.0,4.0,1,12,1,2,22.0,2,1,3.0,2.0,3.0,1,3,11.771444
302507.0,5.0,0,15,2,2,22.0,2,1,5.0,0.0,7.0,1,1,11.495892
302507.0,6.0,1,13,2,2,22.0,2,1,3.0,4.0,5.0,1,1,11.495892
302512.0,4.0,1,17,2,2,22.0,2,1,3.0,5.0,0.0,0,1,10.43341
302513.0,3.0,0,14,2,2,22.0,2,1,5.0,2.0,8.0,0,2,11.086533
302515.0,2.0,1,15,1,2,22.0,2,1,3.0,5.0,0.0,0,4,0.0
302521.0,3.0,0,16,1,2,22.0,2,1,5.0,0.0,7.0,1,2,11.883184
302521.0,4.0,1,13,2,2,22.0,2,1,3.0,4.0,4.0,0,2,11.883184
302522.0,3.0,0,17,1,2,22.0,2,1,5.0,2.0,9.0,1,2,11.682634
302522.0,4.0,0,15,2,2,22.0,2,1,5.0,2.0,8.0,0,2,11.682634
302524.0,4.0,0,17,2,2,22.0,2,1,5.0,1.0,8.0,1,2,12.184957
302524.0,5.0,0,14,2,2,22.0,2,1,5.0,1.0,7.0,0,2,12.184957
302524.0,6.0,1,12,1,2,22.0,2,1,3.0,3.0,4.0,1,2,12.184957
302529.0,4.0,1,17,1,2,22.0,2,1,3.0,1.0,0.0,0,1,10.956074
302529.0,5.0,1,13,1,2,22.0,2,1,3.0,2.0,3.0,1,1,10.956074
302537.0,5.0,1,14,2,2,22.0,2,1,3.0,5.0,5.0,0,3,12.191446
302538.0,3.0,1,16,1,2,22.0,2,1,3.0,3.0,0.0,0,1,11.601037
302538.0,4.0,0,14,2,2,22.0,2,1,5.0,0.0,6.0,0,1,11.601037
302540.0,6.0,0,16,1,2,22.0,2,1,5.0,1.0,7.0,0,3,13.759106
302540.0,7.0,0,13,1,2,22.0,2,1,5.0,0.0,6.0,0,3,13.759106
302542.0,3.0,1,17,1,2,22.0,2,1,5.0,2.0,0.0,0,3,10.702705
302542.0,4.0,1,16,1,2,22.0,2,1,5.0,2.0,0.0,0,3,10.702705
302546.0,3.0,1,13,1,2,22.0,2,1,3.0,3.0,3.0,0,2,10.267297
302553.0,3.0,1,13,1,2,22.0,2,1,3.0,4.0,4.0,0,1,10.344192
302556.0,3.0,1,16,1,2,22.0,2,1,3.0,5.0,6.0,1,3,11.815442
302556.0,4.0,1,13,2,2,22.0,2,1,3.0,2.0,2.0,0,3,11.815442
302557.0,3.0,1,12,1,2,22.0,2,1,3.0,3.0,3.0,0,3,11.214533
302562.0,5.0,1,15,2,2,22.0,2,1,3.0,6.0,0.0,0,5,10.729328
302565.0,4.0,1,13,2,2,22.0,2,1,3.0,4.0,4.0,0,1,11.343453
302566.0,5.0,0,16,2,2,22.0,2,1,5.0,0.0,7.0,1,1,12.122397
302566.0,6.0,1,13,2,2,22.0,2,1,3.0,4.0,4.0,0,1,12.122397
302567.0,5.0,1,15,2,2,22.0,2,1,3.0,5.0,5.0,0,2,11.048522
302571.0,2.0,1,15,2,2,22.0,2,1,3.0,4.0,0.0,0,3,11.035712
302573.0,3.0,1,16,2,2,22.0,2,1,3.0,1.0,0.0,0,2,11.095909
302573.0,4.0,1,15,2,2,22.0,2,1,3.0,1.0,1.0,0,2,11.095909
302573.0,5.0,1,13,1,2,22.0,2,1,3.0,2.0,2.0,0,2,11.095909
302574.0,3.0,1,15,1,2,22.0,2,1,3.0,5.0,5.0,0,2,11.431997
302575.0,5.0,0,16,1,2,22.0,2,1,5.0,1.0,8.0,1,2,11.982279
302575.0,6.0,1,13,1,2,22.0,2,1,3.0,5.0,5.0,0,2,11.982279
302576.0,2.0,1,16,2,2,22.0,2,1,3.0,3.0,0.0,0,1,10.877122
302576.0,3.0,1,13,2,2,22.0,2,1,3.0,2.0,3.0,1,1,10.877122
302578.0,2.0,1,13,2,2,22.0,2,1,3.0,4.0,4.0,0,2,11.274046
302579.0,3.0,0,15,2,2,22.0,2,1,5.0,1.0,7.0,0,4,11.386637
302579.0,4.0,1,12,1,2,22.0,2,1,3.0,3.0,3.0,0,4,11.386637
302581.0,2.0,1,12,1,2,22.0,2,1,3.0,2.0,2.0,0,2,10.476612
302586.0,4.0,1,16,1,2,22.0,2,1,3.0,6.0,6.0,0,3,11.4158745
302586.0,5.0,1,15,2,2,22.0,2,1,3.0,3.0,3.0,0,3,11.4158745
302586.0,6.0,1,12,1,2,22.0,2,1,3.0,2.0,3.0,1,3,11.4158745
302589.0,4.0,1,12,1,2,22.0,2,1,3.0,1.0,1.0,0,1,10.938024
302591.0,3.0,1,13,2,2,22.0,2,1,3.0,3.0,4.0,1,2,11.245712
302592.0,3.0,1,13,2,2,22.0,2,1,3.0,5.0,5.0,0,2,11.590127
302599.0,4.0,1,13,2,2,22.0,2,1,3.0,4.0,4.0,0,3,12.317104
302600.0,5.0,1,16,2,2,22.0,2,1,3.0,3.0,4.0,1,1,12.141459
302600.0,6.0,1,13,1,2,22.0,2,1,3.0,2.0,2.0,0,1,12.141459
302602.0,3.0,1,15,2,2,22.0,2,1,3.0,3.0,3.0,0,1,11.06509
302604.0,4.0,0,16,2,2,22.0,2,1,5.0,1.0,7.0,0,2,12.268911
302604.0,5.0,1,14,1,2,22.0,2,1,3.0,5.0,5.0,0,2,12.268911
302606.0,3.0,0,13,2,2,22.0,2,1,5.0,0.0,6.0,0,3,11.322201
302608.0,3.0,1,14,2,2,22.0,2,1,3.0,5.0,5.0,0,2,11.231238
302614.0,5.0,1,15,1,2,22.0,2,1,3.0,2.0,3.0,1,1,11.688776
302616.0,3.0,0,17,2,2,22.0,2,1,5.0,2.0,8.0,0,1,12.062121
302616.0,4.0,1,14,2,2,22.0,2,1,3.0,4.0,4.0,0,1,12.062121
302616.0,5.0,1,13,1,2,22.0,2,1,3.0,4.0,4.0,0,1,12.062121
302617.0,4.0,1,16,2,2,22.0,2,1,3.0,3.0,0.0,0,2,10.375863
302622.0,8.0,1,15,1,2,22.0,2,1,3.0,2.0,0.0,0,2,10.642468
302626.0,3.0,0,15,1,2,22.0,2,1,5.0,1.0,7.0,0,5,11.65387
302626.0,4.0,1,12,1,2,22.0,2,1,3.0,2.0,3.0,1,5,11.65387
302626.0,5.0,1,14,1,2,22.0,2,0,,,,0,5,11.65387
302627.0,3.0,1,13,2,2,22.0,2,1,3.0,3.0,3.0,0,1,11.430912
302628.0,5.0,1,15,1,2,22.0,2,1,3.0,3.0,3.0,0,3,13.084549
302628.0,6.0,1,13,2,2,22.0,2,1,3.0,1.0,2.0,1,3,13.084549
302629.0,3.0,1,12,2,2,22.0,2,1,3.0,3.0,4.0,1,4,11.561963
302629.0,7.0,1,12,2,2,22.0,2,1,3.0,1.0,0.0,0,4,11.561963
302629.0,9.0,1,14,1,2,22.0,2,1,3.0,0.0,0.0,0,4,11.561963
302633.0,3.0,1,15,2,2,22.0,2,1,3.0,2.0,3.0,1,2,10.503038
302638.0,4.0,1,16,1,2,22.0,2,0,,,,0,1,11.581294
302638.0,5.0,1,14,1,2,22.0,2,1,3.0,3.0,4.0,1,1,11.581294
302640.0,3.0,1,15,1,2,22.0,2,1,3.0,4.0,4.0,0,1,11.741542
302640.0,4.0,0,14,1,2,22.0,2,1,5.0,0.0,6.0,0,1,11.741542
302642.0,2.0,0,15,1,2,22.0,2,1,5.0,0.0,6.0,0,2,11.504248
302643.0,2.0,1,14,1,2,22.0,2,1,3.0,1.0,1.0,0,1,10.982764
302648.0,2.0,0,15,2,2,22.0,2,1,5.0,2.0,8.0,0,4,13.336726
302652.0,4.0,1,15,1,2,22.0,2,1,3.0,3.0,4.0,1,1,10.661392
302654.0,2.0,0,17,1,2,22.0,2,1,5.0,1.0,8.0,1,5,12.216745
302654.0,3.0,0,15,2,2,22.0,2,1,5.0,2.0,8.0,0,5,12.216745
302654.0,4.0,1,12,1,2,22.0,2,1,3.0,5.0,5.0,0,5,12.216745
302655.0,2.0,0,16,2,2,22.0,2,1,5.0,2.0,8.0,0,5,10.976115
302656.0,3.0,1,12,1,2,22.0,2,1,3.0,1.0,2.0,1,1,10.9552
302657.0,3.0,1,17,1,2,22.0,2,1,3.0,6.0,6.0,0,1,11.980871
302657.0,4.0,0,16,1,2,22.0,2,1,5.0,1.0,7.0,0,1,11.980871
302657.0,5.0,0,14,2,2,22.0,2,1,5.0,0.0,6.0,0,1,11.980871
302658.0,5.0,1,17,2,2,22.0,2,1,3.0,5.0,0.0,0,1,10.311482
302661.0,2.0,1,17,1,2,22.0,2,1,3.0,1.0,0.0,0,4,0.0
302661.0,3.0,1,16,2,2,22.0,2,1,3.0,3.0,0.0,0,4,0.0
302662.0,2.0,0,16,2,2,22.0,2,1,5.0,2.0,8.0,0,4,10.847608
302663.0,6.0,1,16,2,2,22.0,2,1,3.0,5.0,0.0,0,3,9.609183
302666.0,3.0,1,12,1,2,22.0,2,1,3.0,3.0,3.0,0,1,11.598424
302667.0,3.0,1,16,2,2,22.0,2,1,3.0,6.0,0.0,0,2,10.43341
302667.0,4.0,1,12,1,2,22.0,2,1,3.0,1.0,2.0,0,2,10.43341
302668.0,2.0,1,12,2,2,22.0,2,1,3.0,2.0,3.0,1,1,10.615849
302671.0,2.0,1,15,1,2,22.0,2,1,3.0,4.0,5.0,1,2,10.3279705
302673.0,4.0,0,15,2,2,22.0,2,1,5.0,1.0,7.0,0,2,11.738554
302673.0,5.0,1,12,1,2,22.0,2,1,3.0,4.0,4.0,0,2,11.738554
302674.0,4.0,1,15,1,2,22.0,2,1,3.0,4.0,4.0,0,2,11.932201
302676.0,4.0,1,16,1,2,22.0,2,1,3.0,2.0,0.0,0,5,13.365531
302677.0,3.0,1,12,2,2,22.0,2,1,3.0,1.0,1.0,0,1,10.329604
302678.0,2.0,1,16,2,2,22.0,2,0,,,,0,1,10.974232
302679.0,3.0,1,12,2,2,22.0,2,1,3.0,4.0,4.0,0,3,11.15983
302682.0,3.0,1,13,2,2,22.0,2,1,3.0,2.0,2.0,0,3,10.418584
302687.0,3.0,1,16,1,2,22.0,2,1,3.0,5.0,5.0,0,2,10.684554
302691.0,3.0,1,14,1,2,22.0,2,1,3.0,5.0,5.0,0,2,10.523418
302692.0,3.0,1,12,1,2,22.0,2,1,3.0,1.0,2.0,1,3,10.91783
302693.0,4.0,1,16,1,2,22.0,2,0,,,,0,4,9.005896
302694.0,3.0,1,17,2,2,22.0,2,1,3.0,6.0,0.0,0,1,9.354527
302695.0,4.0,0,16,1,2,22.0,2,1,5.0,0.0,6.0,0,2,11.596909
302695.0,5.0,1,13,1,2,22.0,2,1,3.0,3.0,3.0,0,2,11.596909
302696.0,2.0,1,15,2,2,22.0,2,1,3.0,3.0,3.0,0,3,10.400498
302701.0,5.0,1,16,1,2,22.0,2,1,5.0,1.0,0.0,0,2,11.448237
302702.0,4.0,1,14,2,2,22.0,2,1,3.0,4.0,5.0,1,5,10.596035
302703.0,3.0,1,15,1,2,22.0,2,1,3.0,2.0,2.0,0,1,10.183994
302706.0,3.0,0,15,1,2,22.0,1,1,6.0,0.0,9.0,0,4,12.977841
302709.0,2.0,1,13,2,2,22.0,1,1,3.0,3.0,3.0,0,3,11.256109
302710.0,3.0,1,13,2,2,22.0,1,1,3.0,4.0,4.0,0,2,11.3009815
302712.0,2.0,0,12,2,2,22.0,1,1,5.0,0.0,6.0,0,3,11.180748
302713.0,3.0,0,17,2,2,22.0,2,1,5.0,2.0,8.0,0,1,11.948894
302713.0,4.0,1,15,1,2,22.0,2,1,3.0,5.0,6.0,0,1,11.948894
302713.0,8.0,1,15,1,2,22.0,2,1,3.0,6.0,0.0,0,1,11.948894
302715.0,2.0,1,15,1,2,22.0,2,1,3.0,3.0,4.0,1,2,10.4878235
302717.0,2.0,1,16,2,2,22.0,2,1,3.0,3.0,0.0,0,3,0.0
302718.0,4.0,1,15,2,2,22.0,2,1,3.0,4.0,0.0,0,2,11.250924
302718.0,5.0,1,12,2,2,22.0,2,1,3.0,3.0,3.0,0,2,11.250924
302719.0,3.0,0,14,2,2,22.0,2,1,5.0,1.0,7.0,0,4,11.821409
302721.0,4.0,1,17,1,2,22.0,2,1,3.0,6.0,0.0,0,2,11.933844
302721.0,5.0,1,14,1,2,22.0,2,1,3.0,6.0,0.0,0,2,11.933844
302722.0,2.0,1,16,1,2,22.0,2,1,3.0,3.0,4.0,1,1,10.476612
302722.0,3.0,1,14,2,2,22.0,2,1,3.0,2.0,0.0,0,1,10.476612
302725.0,4.0,1,17,1,2,22.0,2,1,3.0,3.0,3.0,0,1,11.053284
302731.0,3.0,1,13,1,2,22.0,2,1,3.0,2.0,3.0,1,2,10.4275055
302733.0,3.0,1,16,1,2,22.0,2,1,3.0,2.0,0.0,0,1,10.623179
302733.0,4.0,1,15,1,2,22.0,2,1,3.0,2.0,0.0,0,1,10.623179
302733.0,5.0,1,14,2,2,22.0,2,1,3.0,2.0,3.0,1,1,10.623179
302735.0,2.0,1,12,2,2,22.0,2,1,3.0,5.0,5.0,0,4,11.065872
302736.0,2.0,1,12,2,2,22.0,2,1,3.0,2.0,2.0,0,2,10.375863
302737.0,2.0,1,14,1,2,22.0,2,1,3.0,2.0,3.0,0,1,10.937579
302738.0,3.0,1,12,1,2,22.0,2,1,3.0,1.0,1.0,0,1,11.719948
302742.0,3.0,1,14,2,2,22.0,2,1,3.0,5.0,5.0,0,3,11.232563
302743.0,4.0,1,17,2,2,22.0,2,1,3.0,5.0,0.0,0,5,11.226056
302743.0,5.0,0,13,2,2,22.0,2,1,5.0,0.0,6.0,0,5,11.226056
302744.0,2.0,1,16,1,2,22.0,2,1,3.0,1.0,0.0,0,1,10.35698
302745.0,2.0,1,12,1,2,22.0,2,1,3.0,2.0,2.0,0,2,10.270766
302748.0,3.0,0,15,1,2,22.0,2,1,5.0,0.0,6.0,0,3,10.974403
302749.0,3.0,1,15,2,2,22.0,2,0,,,,0,1,0.0
302750.0,2.0,1,16,2,2,22.0,2,1,3.0,2.0,0.0,0,2,7.3138866
302751.0,5.0,1,13,1,2,22.0,2,0,,,,0,4,10.640078
302752.0,2.0,1,17,1,2,22.0,2,1,3.0,3.0,4.0,0,3,10.494768
302752.0,3.0,1,15,2,2,22.0,2,1,3.0,4.0,5.0,1,3,10.494768
302753.0,3.0,1,15,1,2,22.0,2,1,3.0,1.0,0.0,0,1,0.0
302753.0,4.0,1,13,2,2,22.0,2,1,3.0,3.0,0.0,0,1,0.0
302755.0,3.0,1,12,2,2,22.0,2,1,3.0,1.0,2.0,0,1,11.030866
302756.0,2.0,1,17,1,2,22.0,2,1,3.0,2.0,0.0,0,1,10.496151
302759.0,4.0,1,15,2,2,22.0,2,1,3.0,3.0,4.0,1,1,11.472895
302759.0,5.0,1,12,1,2,22.0,2,1,3.0,2.0,3.0,1,1,11.472895
302760.0,6.0,1,16,1,2,22.0,2,1,3.0,3.0,0.0,0,2,0.0
302761.0,2.0,1,17,1,2,22.0,2,1,3.0,2.0,0.0,0,1,7.6014023
302766.0,2.0,0,17,1,2,22.0,2,1,5.0,1.0,7.0,0,4,11.38692
302769.0,3.0,1,15,2,2,22.0,2,1,3.0,4.0,4.0,0,2,11.523133
302769.0,4.0,1,12,2,2,22.0,2,1,3.0,4.0,4.0,0,2,11.523133
302775.0,2.0,1,16,1,2,22.0,2,1,3.0,3.0,3.0,0,1,10.204555
302776.0,2.0,1,12,1,2,22.0,2,1,3.0,1.0,2.0,1,2,11.0517
302777.0,5.0,1,16,2,2,22.0,2,1,3.0,5.0,5.0,0,1,12.009729
302778.0,3.0,1,14,1,2,22.0,2,1,3.0,1.0,2.0,1,2,10.8072195
302779.0,3.0,0,17,1,2,22.0,2,1,5.0,2.0,8.0,0,2,12.072719
302779.0,4.0,0,17,1,2,22.0,2,1,5.0,1.0,7.0,0,2,12.072719
302779.0,5.0,0,14,1,2,22.0,2,1,5.0,0.0,6.0,0,2,12.072719
302781.0,4.0,1,15,2,2,22.0,2,1,3.0,3.0,3.0,0,3,10.303136
302782.0,3.0,1,12,1,2,22.0,2,1,3.0,0.0,1.0,1,1,11.128013
302783.0,3.0,1,13,1,2,22.0,2,1,3.0,1.0,1.0,0,1,11.116187
302786.0,3.0,1,12,1,2,22.0,2,1,3.0,1.0,2.0,1,2,11.111716
302787.0,3.0,0,17,1,2,22.0,2,1,5.0,0.0,6.0,0,1,11.419944
302787.0,4.0,0,15,2,2,22.0,2,1,5.0,0.0,6.0,0,1,11.419944
302790.0,3.0,0,17,1,2,22.0,2,1,5.0,0.0,6.0,0,2,11.539918
302790.0,4.0,1,12,2,2,22.0,2,1,3.0,4.0,4.0,0,2,11.539918
302799.0,4.0,0,16,1,2,22.0,2,1,5.0,0.0,6.0,0,2,10.972859
302800.0,3.0,1,14,1,2,22.0,2,1,3.0,2.0,2.0,0,1,11.032483
302802.0,3.0,1,15,1,2,22.0,2,1,3.0,2.0,0.0,0,3,0.0
302803.0,7.0,1,16,2,2,22.0,2,1,3.0,5.0,5.0,0,1,12.403943
302803.0,8.0,1,15,1,2,22.0,2,1,3.0,4.0,5.0,1,1,12.403943
302804.0,4.0,1,15,1,2,22.0,2,1,3.0,3.0,4.0,1,1,11.557191
302805.0,3.0,0,17,2,2,22.0,2,1,5.0,1.0,7.0,0,1,11.747293
302806.0,3.0,1,14,1,2,22.0,2,1,3.0,3.0,3.0,0,2,10.397451
302808.0,4.0,0,17,1,2,22.0,2,1,5.0,1.0,7.0,0,3,11.714404
302809.0,6.0,1,14,1,2,22.0,2,1,3.0,5.0,5.0,0,1,10.573264
302811.0,6.0,0,15,1,2,22.0,2,1,5.0,0.0,6.0,0,4,11.813481
302811.0,7.0,1,13,1,2,22.0,2,1,3.0,5.0,5.0,0,4,11.813481
302812.0,2.0,1,14,2,2,22.0,2,1,3.0,5.0,5.0,0,2,11.617519
302813.0,3.0,0,15,2,2,22.0,2,1,5.0,0.0,6.0,0,2,11.666256
302813.0,4.0,0,14,2,2,22.0,2,1,5.0,1.0,7.0,0,2,11.666256
302815.0,2.0,0,13,2,2,22.0,2,1,5.0,0.0,6.0,0,3,11.155693
302816.0,4.0,0,15,2,2,22.0,2,1,5.0,0.0,6.0,0,3,10.852749
302817.0,3.0,1,13,2,2,22.0,2,0,,,,0,1,0.0
302819.0,3.0,1,13,1,2,22.0,2,1,3.0,4.0,4.0,0,1,11.702106
302821.0,3.0,1,12,1,2,22.0,2,1,3.0,4.0,4.0,0,2,11.553357
302823.0,3.0,1,13,1,2,22.0,2,1,3.0,3.0,3.0,0,2,11.0194645
302826.0,5.0,1,12,2,2,22.0,2,1,3.0,3.0,4.0,1,2,10.589761
302828.0,3.0,0,14,1,2,22.0,2,1,5.0,0.0,6.0,0,4,11.814037
302832.0,3.0,1,16,1,2,22.0,2,1,3.0,3.0,3.0,0,1,10.400498
302833.0,4.0,1,16,1,2,22.0,2,1,3.0,0.0,0.0,0,3,0.0
302834.0,3.0,1,13,2,2,22.0,2,1,3.0,4.0,4.0,0,2,11.542737
302838.0,5.0,1,12,2,2,22.0,2,1,3.0,2.0,2.0,0,3,10.31811
302839.0,6.0,0,16,2,2,22.0,2,1,6.0,0.0,9.0,0,3,13.173648
302840.0,2.0,0,17,1,2,22.0,2,1,5.0,0.0,6.0,0,4,12.290626
302840.0,3.0,0,16,2,2,22.0,2,1,5.0,1.0,7.0,0,4,12.290626
302840.0,4.0,1,14,2,2,22.0,2,1,3.0,4.0,4.0,0,4,12.290626
302842.0,6.0,1,17,1,2,22.0,2,1,3.0,3.0,0.0,0,2,7.09091
302842.0,7.0,1,14,1,2,22.0,2,1,3.0,2.0,0.0,0,2,7.09091
302845.0,6.0,0,17,1,2,22.0,2,1,6.0,0.0,9.0,0,4,13.746757
302845.0,7.0,1,13,1,2,22.0,2,1,3.0,3.0,3.0,0,4,13.746757
302847.0,3.0,1,13,2,2,22.0,2,1,3.0,3.0,3.0,0,3,11.034099
302848.0,3.0,1,12,1,2,22.0,2,1,3.0,4.0,4.0,0,1,11.389072
302849.0,3.0,1,12,1,2,22.0,2,1,3.0,3.0,4.0,1,2,10.620742
302851.0,3.0,1,12,1,2,22.0,2,1,3.0,2.0,2.0,0,1,10.442201
302852.0,2.0,1,12,1,2,22.0,2,1,3.0,4.0,4.0,0,2,11.146935
302853.0,2.0,1,16,1,2,22.0,2,1,3.0,3.0,3.0,0,4,10.476612
302857.0,4.0,1,15,1,2,22.0,2,1,3.0,2.0,,0,1,0.0
302859.0,3.0,0,14,2,2,22.0,2,1,5.0,2.0,,0,2,11.032645
302861.0,3.0,1,17,1,2,22.0,2,0,,,,0,1,10.939355
302861.0,4.0,1,15,2,2,22.0,2,1,3.0,4.0,,0,1,10.939355
302861.0,5.0,1,12,1,2,22.0,2,1,3.0,3.0,,0,1,10.939355
302863.0,6.0,1,17,1,2,22.0,2,0,,,,0,1,11.079847
302863.0,7.0,1,12,2,2,22.0,2,1,3.0,5.0,,0,1,11.079847
302866.0,4.0,0,14,1,2,22.0,2,1,5.0,2.0,,0,3,11.978676
302866.0,5.0,0,14,1,2,22.0,2,1,5.0,1.0,,0,3,11.978676
302866.0,6.0,1,16,1,2,22.0,2,0,,,,0,3,11.978676
302867.0,4.0,1,13,1,2,22.0,2,0,,,,0,1,10.391331
302867.0,5.0,1,12,1,2,22.0,2,1,3.0,3.0,,0,1,10.391331
302869.0,3.0,1,14,1,2,22.0,2,1,3.0,4.0,,0,2,11.492988
302872.0,3.0,1,12,1,2,22.0,2,1,3.0,5.0,,0,3,11.211158
302875.0,2.0,1,14,2,2,22.0,2,1,3.0,5.0,,0,2,10.456683
302877.0,3.0,1,12,1,2,22.0,2,1,3.0,1.0,,0,3,11.126542
302881.0,4.0,0,16,1,2,22.0,2,1,5.0,2.0,,0,1,12.421773
302881.0,5.0,1,12,2,2,22.0,2,1,3.0,4.0,,0,1,12.421773
302885.0,3.0,1,15,2,2,22.0,2,1,3.0,6.0,,0,1,10.6856985
302886.0,5.0,1,14,1,2,22.0,2,0,,,,0,5,8.748464
302887.0,5.0,1,14,1,2,22.0,2,1,3.0,4.0,,0,1,11.162673
302887.0,6.0,1,12,1,2,22.0,2,1,3.0,3.0,,0,1,11.162673
302888.0,2.0,1,13,2,2,22.0,2,1,3.0,1.0,,0,1,10.951701
302889.0,2.0,1,12,2,2,22.0,2,1,3.0,3.0,,0,3,11.175366
302890.0,3.0,0,16,2,2,22.0,2,1,5.0,2.0,,0,3,11.842308
302890.0,4.0,1,12,1,2,22.0,2,1,3.0,4.0,,0,3,11.842308
302890.0,5.0,1,13,1,2,22.0,2,0,,,,0,3,11.842308
302890.0,6.0,1,13,1,2,22.0,2,1,3.0,2.0,,0,3,11.842308
302891.0,3.0,1,15,1,2,22.0,2,1,3.0,2.0,,0,1,11.389921
302891.0,4.0,1,12,1,2,22.0,2,1,3.0,3.0,,0,1,11.389921
302894.0,4.0,1,16,1,2,22.0,2,1,3.0,5.0,,0,1,11.282896
302894.0,5.0,1,14,2,2,22.0,2,1,3.0,5.0,,0,1,11.282896
302900.0,3.0,1,14,2,2,22.0,2,1,3.0,5.0,,0,1,11.444764
302902.0,3.0,1,12,2,2,22.0,2,1,3.0,4.0,,0,3,11.58316
302906.0,3.0,1,12,2,2,22.0,2,1,3.0,4.0,,0,1,11.53714
302908.0,2.0,0,17,2,2,22.0,2,1,5.0,0.0,,0,2,11.507521
302908.0,3.0,1,13,1,2,22.0,2,1,3.0,4.0,,0,2,11.507521
302912.0,3.0,0,17,1,2,23.0,2,1,6.0,0.0,9.0,0,1,11.614091
302912.0,4.0,0,16,2,2,23.0,2,1,5.0,1.0,7.0,0,1,11.614091
302913.0,2.0,1,12,2,2,23.0,2,1,3.0,2.0,2.0,0,1,11.106099
302918.0,3.0,0,17,1,2,23.0,2,1,5.0,1.0,7.0,1,1,11.494211
302918.0,4.0,0,15,2,2,23.0,2,1,5.0,2.0,8.0,0,1,11.494211
302919.0,5.0,1,14,2,2,23.0,2,1,3.0,3.0,0.0,0,3,10.43341
302920.0,3.0,1,13,1,2,23.0,2,1,3.0,5.0,5.0,0,3,11.400328
302921.0,4.0,0,15,2,2,23.0,2,1,5.0,1.0,8.0,1,1,11.981747
302921.0,5.0,1,12,2,2,23.0,2,1,3.0,4.0,5.0,1,1,11.981747
302924.0,4.0,1,16,1,2,23.0,2,1,3.0,2.0,2.0,0,1,11.90159
302924.0,5.0,1,14,2,2,23.0,2,1,3.0,2.0,2.0,0,1,11.90159
302925.0,2.0,0,16,2,2,23.0,2,1,5.0,2.0,8.0,0,3,11.422355
302926.0,3.0,1,16,1,2,23.0,2,1,3.0,5.0,0.0,0,1,11.409242
302926.0,4.0,1,14,1,2,23.0,2,1,3.0,4.0,4.0,0,1,11.409242
302931.0,4.0,1,14,2,2,23.0,1,1,3.0,4.0,5.0,1,1,11.485411
302931.0,6.0,1,17,2,2,23.0,1,1,5.0,0.0,0.0,0,1,11.485411
302934.0,4.0,0,16,2,2,23.0,1,1,6.0,0.0,9.0,0,2,12.12082
302934.0,5.0,0,13,2,2,23.0,1,1,5.0,0.0,6.0,0,2,12.12082
302935.0,3.0,0,15,1,2,23.0,1,1,5.0,0.0,6.0,0,2,11.838163
302935.0,4.0,1,13,1,2,23.0,1,1,3.0,4.0,4.0,0,2,11.838163
302938.0,3.0,0,17,2,2,23.0,2,1,6.0,0.0,9.0,0,2,11.967727
302938.0,4.0,1,15,2,2,23.0,2,1,3.0,5.0,5.0,0,2,11.967727
302939.0,4.0,0,17,2,2,23.0,2,1,5.0,2.0,8.0,0,1,12.407976
302939.0,5.0,1,15,2,2,23.0,2,1,3.0,5.0,5.0,0,1,12.407976
302940.0,3.0,1,17,2,2,23.0,2,1,3.0,4.0,5.0,1,1,12.063074
302940.0,4.0,1,15,2,2,23.0,2,1,3.0,4.0,5.0,1,1,12.063074
302940.0,5.0,1,12,2,2,23.0,2,1,3.0,3.0,4.0,1,1,12.063074
302941.0,3.0,1,16,1,2,23.0,2,1,3.0,4.0,4.0,0,2,10.899531
302942.0,5.0,1,13,1,2,23.0,2,1,3.0,2.0,2.0,0,2,13.7393055
302943.0,3.0,0,14,2,2,23.0,2,1,5.0,0.0,6.0,0,1,10.478724
302944.0,4.0,1,17,1,2,23.0,2,1,3.0,5.0,0.0,0,4,13.252121
302944.0,5.0,1,14,1,2,23.0,2,1,3.0,5.0,5.0,0,4,13.252121
302945.0,4.0,0,17,2,2,23.0,2,1,5.0,2.0,8.0,0,3,12.214541
302945.0,5.0,1,13,1,2,23.0,2,1,3.0,3.0,4.0,1,3,12.214541
302947.0,2.0,1,12,1,2,23.0,2,1,3.0,2.0,2.0,0,2,10.4275055
302950.0,3.0,1,15,2,2,23.0,2,1,3.0,5.0,5.0,0,5,11.1896305
302952.0,3.0,1,16,1,2,23.0,2,1,3.0,5.0,5.0,0,2,12.362119
302952.0,4.0,1,15,1,2,23.0,2,1,3.0,3.0,3.0,0,2,12.362119
302956.0,2.0,0,17,2,2,23.0,2,1,5.0,1.0,7.0,0,2,11.515781
302956.0,3.0,1,14,1,2,23.0,2,1,3.0,5.0,5.0,0,2,11.515781
302957.0,6.0,1,16,1,2,23.0,2,1,3.0,2.0,0.0,0,1,11.075985
302957.0,7.0,1,13,1,2,23.0,2,1,3.0,2.0,3.0,0,1,11.075985
302959.0,2.0,1,14,2,2,23.0,2,1,3.0,3.0,3.0,0,3,10.957381
302960.0,3.0,1,16,1,2,23.0,2,1,3.0,4.0,0.0,0,1,10.591019
302960.0,4.0,1,12,1,2,23.0,2,1,3.0,1.0,2.0,1,1,10.591019
302964.0,2.0,1,16,2,2,23.0,2,1,3.0,5.0,5.0,0,2,10.596035
302965.0,3.0,0,13,2,2,23.0,2,1,5.0,1.0,7.0,0,2,10.743674
302968.0,5.0,0,15,1,2,23.0,2,1,5.0,1.0,7.0,0,3,11.733834
302969.0,4.0,1,14,2,2,23.0,2,1,3.0,3.0,4.0,1,2,13.011312
302972.0,3.0,0,17,1,2,23.0,2,1,5.0,1.0,7.0,0,1,11.787112
302972.0,4.0,0,14,2,2,23.0,2,1,5.0,0.0,6.0,0,1,11.787112
302972.0,5.0,1,12,1,2,23.0,2,1,3.0,1.0,2.0,1,1,11.787112
302977.0,5.0,1,14,1,2,23.0,2,1,3.0,2.0,3.0,1,1,11.1788645
302983.0,3.0,1,16,1,2,23.0,2,1,3.0,3.0,0.0,0,2,11.654651
302983.0,4.0,1,14,2,2,23.0,2,1,3.0,5.0,5.0,0,2,11.654651
302983.0,5.0,1,12,2,2,23.0,2,1,3.0,1.0,2.0,1,2,11.654651
302985.0,3.0,1,14,1,2,23.0,2,1,3.0,2.0,2.0,0,2,11.210482
302985.0,4.0,1,12,1,2,23.0,2,1,3.0,4.0,4.0,0,2,11.210482
302987.0,3.0,1,14,2,2,23.0,2,1,3.0,4.0,5.0,1,2,11.300364
302987.0,4.0,1,12,2,2,23.0,2,1,3.0,4.0,4.0,0,2,11.300364
302988.0,3.0,0,16,1,2,23.0,2,1,5.0,2.0,8.0,0,2,11.567755
302990.0,4.0,1,15,1,2,23.0,2,1,3.0,2.0,3.0,1,2,12.863556
302990.0,5.0,1,12,1,2,23.0,2,1,3.0,1.0,2.0,1,2,12.863556
302991.0,6.0,1,17,2,2,23.0,2,1,3.0,4.0,5.0,0,1,11.94413
302996.0,2.0,1,15,1,2,23.0,2,1,3.0,5.0,6.0,0,1,11.553741
302996.0,3.0,1,12,2,2,23.0,2,1,3.0,3.0,3.0,0,1,11.553741
302998.0,3.0,1,15,1,2,23.0,2,1,3.0,3.0,3.0,0,1,11.913954
302998.0,4.0,1,13,2,2,23.0,2,1,3.0,4.0,4.0,0,1,11.913954
303000.0,4.0,0,17,2,2,23.0,2,1,5.0,1.0,7.0,0,2,11.084232
303000.0,5.0,1,14,2,2,23.0,2,1,3.0,4.0,5.0,1,2,11.084232
303002.0,4.0,1,17,1,2,23.0,2,1,3.0,3.0,3.0,0,3,12.687992
303002.0,5.0,1,15,2,2,23.0,2,1,3.0,4.0,4.0,0,3,12.687992
303002.0,6.0,1,12,2,2,23.0,2,1,3.0,2.0,2.0,0,3,12.687992
303005.0,4.0,1,17,1,2,23.0,2,1,3.0,4.0,4.0,0,3,12.018755
303007.0,4.0,0,17,2,2,23.0,2,1,5.0,1.0,7.0,0,2,11.298011
303008.0,3.0,1,14,1,2,23.0,2,1,3.0,4.0,4.0,0,1,11.575205
303008.0,4.0,1,12,2,2,23.0,2,1,3.0,3.0,3.0,0,1,11.575205
303009.0,3.0,1,17,1,2,23.0,2,1,3.0,4.0,4.0,0,3,11.791889
303009.0,4.0,1,14,2,2,23.0,2,1,3.0,4.0,5.0,1,3,11.791889
303013.0,4.0,1,14,2,2,23.0,2,1,3.0,2.0,0.0,0,5,11.075211
303015.0,4.0,0,16,2,2,23.0,2,1,5.0,2.0,8.0,0,2,13.160056
303015.0,5.0,0,14,1,2,23.0,2,1,5.0,0.0,6.0,0,2,13.160056
303018.0,3.0,0,16,1,2,23.0,2,1,5.0,1.0,7.0,0,2,12.30556
303018.0,4.0,0,14,1,2,23.0,2,1,5.0,0.0,6.0,0,2,12.30556
303019.0,2.0,0,16,1,2,23.0,2,1,5.0,0.0,6.0,0,2,11.520259
303020.0,3.0,1,17,1,2,23.0,2,1,3.0,4.0,0.0,0,1,10.382079
303020.0,4.0,1,13,1,2,23.0,2,1,3.0,1.0,1.0,0,1,10.382079
303020.0,5.0,1,12,1,2,23.0,2,1,2.0,0.0,,0,1,10.382079
303021.0,3.0,1,13,1,2,23.0,2,1,3.0,3.0,4.0,1,3,11.800365
303023.0,4.0,1,15,2,2,23.0,2,1,3.0,5.0,5.0,0,4,12.094169
303023.0,5.0,1,12,2,2,23.0,2,1,3.0,1.0,1.0,0,4,12.094169
303025.0,4.0,1,16,1,2,23.0,2,1,3.0,3.0,4.0,1,1,12.011796
303025.0,5.0,1,12,2,2,23.0,2,1,3.0,2.0,2.0,0,1,12.011796
303026.0,4.0,1,15,1,2,23.0,2,1,3.0,2.0,2.0,0,1,11.471853
303026.0,5.0,1,13,2,2,23.0,2,1,3.0,3.0,3.0,0,1,11.471853
303027.0,5.0,1,15,2,2,23.0,2,1,3.0,5.0,5.0,0,3,11.164091
303028.0,4.0,1,16,2,2,23.0,2,1,3.0,5.0,5.0,0,3,11.704463
303028.0,5.0,1,12,2,2,23.0,2,1,3.0,3.0,3.0,0,3,11.704463
303030.0,4.0,0,17,2,2,23.0,2,1,5.0,0.0,6.0,0,1,11.759363
303030.0,5.0,0,14,2,2,23.0,2,1,5.0,0.0,7.0,1,1,11.759363
303031.0,3.0,1,12,2,2,23.0,2,1,3.0,5.0,5.0,0,3,11.469506
303034.0,4.0,1,14,2,2,23.0,2,1,3.0,4.0,4.0,0,2,10.531456
303036.0,4.0,1,14,2,2,23.0,2,1,3.0,5.0,5.0,0,4,10.797042
303037.0,5.0,1,15,2,2,23.0,2,1,3.0,4.0,5.0,1,2,12.144522
303037.0,6.0,1,12,2,2,23.0,2,1,3.0,3.0,3.0,0,2,12.144522
303038.0,3.0,0,17,1,2,23.0,2,1,5.0,0.0,6.0,0,1,11.139845
303039.0,4.0,1,16,2,2,23.0,2,1,3.0,5.0,0.0,0,1,11.240474
303039.0,5.0,1,14,2,2,23.0,2,1,3.0,4.0,4.0,0,1,11.240474
303044.0,2.0,1,12,2,2,23.0,2,1,3.0,3.0,3.0,0,2,10.694238
303045.0,3.0,1,14,2,2,23.0,2,1,3.0,5.0,6.0,1,4,12.10529
303045.0,4.0,1,12,1,2,23.0,2,1,3.0,3.0,3.0,0,4,12.10529
303049.0,6.0,1,16,2,2,23.0,2,1,3.0,3.0,3.0,0,4,14.075141
303050.0,4.0,1,17,1,2,23.0,2,1,3.0,5.0,5.0,0,2,11.612418
303051.0,5.0,1,14,2,2,23.0,2,1,3.0,4.0,4.0,0,4,11.90976
303056.0,6.0,1,12,2,2,23.0,2,1,3.0,2.0,2.0,0,1,11.359203
303059.0,5.0,1,15,2,2,23.0,2,1,3.0,5.0,5.0,0,2,13.4024105
303059.0,6.0,1,12,1,2,23.0,2,1,3.0,1.0,2.0,1,2,13.4024105
303061.0,4.0,1,12,1,2,23.0,2,1,3.0,2.0,3.0,1,1,11.534942
303063.0,3.0,1,14,2,2,23.0,2,1,3.0,4.0,4.0,0,4,10.778456
303065.0,3.0,0,17,2,2,23.0,2,1,6.0,0.0,9.0,0,1,10.72461
303066.0,3.0,1,12,1,2,23.0,2,1,3.0,0.0,14.0,0,2,10.479426
303067.0,2.0,1,16,1,2,23.0,2,1,3.0,4.0,0.0,0,2,11.338584
303067.0,3.0,1,13,2,2,23.0,2,1,3.0,3.0,4.0,1,2,11.338584
303068.0,3.0,0,16,2,2,23.0,2,1,5.0,1.0,8.0,0,1,10.820198
303068.0,4.0,0,12,2,2,23.0,2,1,5.0,0.0,5.0,0,1,10.820198
303070.0,3.0,0,15,1,2,23.0,2,1,5.0,0.0,6.0,0,3,11.573419
303070.0,4.0,1,13,1,2,23.0,2,1,3.0,4.0,5.0,1,3,11.573419
303071.0,2.0,0,14,2,2,23.0,2,1,5.0,0.0,6.0,0,3,10.649251
303072.0,3.0,0,17,2,2,23.0,2,1,5.0,1.0,7.0,0,2,11.711743
303072.0,4.0,0,14,2,2,23.0,2,1,5.0,0.0,6.0,0,2,11.711743
303072.0,5.0,1,12,1,2,23.0,2,1,3.0,2.0,2.0,0,2,11.711743
303074.0,3.0,1,12,1,2,23.0,2,1,3.0,1.0,1.0,0,3,11.38794
303075.0,4.0,1,13,2,2,23.0,2,1,3.0,4.0,4.0,0,3,11.660923
303076.0,3.0,1,14,1,2,23.0,2,1,3.0,4.0,5.0,1,1,11.686467
303081.0,5.0,1,13,1,2,23.0,2,1,3.0,3.0,4.0,1,1,11.682466
303084.0,4.0,1,13,1,2,23.0,2,1,3.0,1.0,0.0,0,1,0.0
303086.0,2.0,0,13,2,2,23.0,2,1,5.0,0.0,6.0,0,4,11.161394
303087.0,5.0,1,16,2,2,23.0,2,1,3.0,4.0,4.0,0,2,10.50441
303088.0,4.0,1,17,1,2,23.0,2,1,3.0,0.0,0.0,0,1,0.0
303092.0,3.0,1,12,1,2,23.0,2,1,3.0,3.0,3.0,0,2,11.286037
303093.0,3.0,1,13,1,2,23.0,2,1,3.0,2.0,2.0,0,2,9.770013
303094.0,4.0,0,17,1,2,23.0,2,1,5.0,0.0,6.0,0,3,11.923782
303094.0,5.0,1,15,2,2,23.0,2,1,3.0,5.0,5.0,0,3,11.923782
303095.0,4.0,1,12,2,2,23.0,2,1,3.0,3.0,3.0,0,3,11.672797
303096.0,3.0,1,17,2,2,23.0,2,1,3.0,6.0,0.0,0,2,11.556713
303096.0,4.0,1,13,1,2,23.0,2,1,3.0,3.0,4.0,1,2,11.556713
303098.0,4.0,0,17,2,2,23.0,2,1,5.0,1.0,7.0,0,1,11.550568
303098.0,6.0,1,13,1,2,23.0,2,0,,,,0,1,11.550568
303100.0,5.0,1,15,2,2,23.0,2,1,3.0,4.0,4.0,0,3,11.949799
303100.0,6.0,1,12,1,2,23.0,2,1,3.0,2.0,2.0,0,3,11.949799
303101.0,7.0,0,15,2,2,23.0,2,1,5.0,0.0,6.0,0,1,11.342564
303101.0,8.0,1,12,1,2,23.0,2,1,3.0,1.0,1.0,0,1,11.342564
303102.0,4.0,1,15,2,2,23.0,2,1,3.0,4.0,4.0,0,2,11.920861
303104.0,3.0,1,14,1,2,23.0,2,1,3.0,3.0,3.0,0,1,11.587346
303105.0,2.0,0,16,2,2,23.0,2,1,5.0,2.0,8.0,0,4,11.620757
303107.0,3.0,1,15,2,2,23.0,2,1,3.0,2.0,2.0,0,4,9.472781
303107.0,4.0,1,13,1,2,23.0,2,0,,,,0,4,9.472781
303110.0,6.0,1,15,1,2,23.0,2,1,3.0,2.0,3.0,0,4,9.561068
303111.0,2.0,1,17,1,2,23.0,2,1,3.0,2.0,0.0,0,1,0.0
303112.0,6.0,1,13,1,2,23.0,2,1,3.0,2.0,3.0,0,4,10.27336
303116.0,5.0,1,17,1,2,23.0,2,1,3.0,3.0,0.0,0,4,10.021315
303117.0,2.0,1,15,1,2,23.0,2,1,3.0,5.0,5.0,0,2,11.318017
303119.0,3.0,0,15,1,2,23.0,2,1,5.0,0.0,6.0,0,1,11.721248
303119.0,4.0,1,12,2,2,23.0,2,1,3.0,4.0,4.0,0,1,11.721248
303126.0,3.0,1,14,1,2,23.0,2,1,3.0,5.0,5.0,0,3,11.663937
303126.0,4.0,1,14,1,2,23.0,2,1,3.0,4.0,4.0,0,3,11.663937
303127.0,3.0,1,14,1,2,23.0,2,1,3.0,4.0,4.0,0,4,12.025755
303127.0,4.0,1,12,2,2,23.0,2,1,3.0,2.0,2.0,0,4,12.025755
303128.0,3.0,0,14,1,2,23.0,2,1,5.0,0.0,7.0,1,3,11.420108
303129.0,4.0,1,16,1,2,23.0,2,1,3.0,4.0,4.0,0,1,11.485308
303131.0,2.0,0,17,2,2,23.0,2,1,5.0,1.0,7.0,0,1,11.335424
303131.0,3.0,1,16,2,2,23.0,2,1,5.0,1.0,0.0,0,1,11.335424
303131.0,4.0,1,13,2,2,23.0,2,1,3.0,5.0,5.0,0,1,11.335424
303134.0,3.0,1,13,1,2,23.0,2,1,3.0,3.0,4.0,1,3,11.098561
303135.0,5.0,0,15,1,2,23.0,2,1,5.0,0.0,6.0,0,5,11.022899
303135.0,6.0,1,17,2,2,23.0,2,1,3.0,6.0,0.0,0,5,11.022899
303136.0,3.0,1,16,1,2,23.0,2,1,3.0,3.0,0.0,0,1,10.743459
303136.0,4.0,1,14,1,2,23.0,2,1,3.0,2.0,2.0,0,1,10.743459
303137.0,5.0,1,15,1,2,23.0,2,1,3.0,4.0,0.0,0,1,0.0
303145.0,4.0,1,15,2,2,23.0,2,1,3.0,4.0,4.0,0,1,11.355113
303146.0,5.0,1,15,2,2,23.0,2,1,3.0,4.0,5.0,1,1,12.066213
303146.0,7.0,0,16,1,2,23.0,2,1,5.0,0.0,6.0,0,1,12.066213
303148.0,3.0,0,14,2,2,23.0,2,1,5.0,1.0,7.0,0,2,11.989321
303149.0,3.0,0,17,2,2,23.0,2,1,5.0,0.0,6.0,0,4,12.195446
303149.0,4.0,1,13,1,2,23.0,2,1,3.0,2.0,2.0,0,4,12.195446
303151.0,6.0,1,13,1,2,23.0,2,1,3.0,3.0,4.0,1,3,11.268635
303152.0,3.0,0,17,1,2,23.0,2,1,5.0,1.0,7.0,0,4,12.828049
303153.0,5.0,0,17,1,2,23.0,2,1,5.0,1.0,7.0,0,4,12.974747
303154.0,4.0,1,15,2,2,23.0,2,1,3.0,2.0,0.0,0,1,10.603511
303158.0,6.0,1,15,1,2,23.0,2,1,3.0,3.0,3.0,0,3,11.134238
303160.0,5.0,0,17,2,2,23.0,2,1,5.0,0.0,6.0,0,1,11.415269
303162.0,4.0,1,15,2,2,23.0,2,1,3.0,5.0,5.0,0,1,10.77637
303163.0,4.0,0,15,2,2,23.0,2,1,5.0,1.0,7.0,0,3,11.592624
303165.0,4.0,1,15,1,2,23.0,2,1,3.0,5.0,5.0,0,2,11.966616
303165.0,5.0,1,12,1,2,23.0,2,1,3.0,3.0,3.0,0,2,11.966616
303168.0,6.0,0,15,2,2,23.0,2,1,5.0,1.0,7.0,0,1,12.19246
303168.0,7.0,1,12,2,2,23.0,2,1,3.0,4.0,4.0,0,1,12.19246
303169.0,3.0,1,15,2,2,23.0,2,1,3.0,3.0,3.0,0,3,10.133646
303170.0,4.0,1,15,2,2,23.0,2,1,3.0,5.0,6.0,1,3,11.781241
303171.0,4.0,0,17,1,2,23.0,2,1,5.0,0.0,6.0,0,2,12.214517
303171.0,5.0,0,15,2,2,23.0,2,1,5.0,0.0,6.0,0,2,12.214517
303173.0,6.0,1,16,2,2,23.0,2,1,3.0,4.0,4.0,0,2,11.756271
303175.0,4.0,1,15,1,2,23.0,2,1,3.0,3.0,3.0,0,2,11.842956
303175.0,5.0,1,12,1,2,23.0,2,1,3.0,2.0,2.0,0,2,11.842956
303177.0,3.0,1,17,2,2,23.0,2,1,5.0,2.0,0.0,0,1,0.0
303179.0,3.0,1,17,2,2,23.0,2,1,3.0,5.0,5.0,0,3,12.114977
303179.0,4.0,1,16,2,2,23.0,2,1,3.0,3.0,4.0,0,3,12.114977
303182.0,5.0,0,17,2,2,23.0,1,1,5.0,2.0,8.0,0,5,13.195095
303185.0,4.0,0,17,1,2,23.0,1,1,5.0,1.0,7.0,0,3,11.650825
303187.0,8.0,1,17,2,2,23.0,1,1,3.0,5.0,6.0,0,3,11.772678
303187.0,9.0,1,14,2,2,23.0,1,1,3.0,4.0,5.0,1,3,11.772678
303188.0,3.0,1,13,2,2,23.0,1,1,3.0,2.0,2.0,0,3,11.056446
303191.0,5.0,1,16,1,2,23.0,2,1,3.0,3.0,4.0,1,2,13.03396
303193.0,4.0,0,17,1,2,23.0,2,1,5.0,1.0,7.0,0,2,11.333332
303194.0,5.0,0,15,1,2,23.0,2,1,5.0,0.0,6.0,0,1,12.407465
303194.0,6.0,1,12,2,2,23.0,2,1,3.0,3.0,4.0,1,1,12.407465
303195.0,2.0,1,14,1,2,23.0,2,1,3.0,4.0,4.0,0,1,10.304811
303196.0,5.0,0,14,2,2,23.0,2,1,5.0,1.0,7.0,0,3,13.821131
303197.0,6.0,1,14,2,2,23.0,2,1,3.0,4.0,4.0,0,2,11.941788
303197.0,7.0,1,12,2,2,23.0,2,1,3.0,3.0,3.0,0,2,11.941788
303200.0,3.0,1,15,1,2,23.0,2,1,3.0,5.0,5.0,0,1,11.962255
303200.0,4.0,1,12,1,2,23.0,2,1,3.0,3.0,4.0,1,1,11.962255
303204.0,4.0,1,16,1,2,23.0,2,1,3.0,4.0,4.0,0,2,11.864891
303204.0,5.0,1,12,2,2,23.0,2,1,3.0,4.0,4.0,0,2,11.864891
303206.0,3.0,1,17,1,2,23.0,2,1,3.0,3.0,0.0,0,3,11.464113
303206.0,4.0,0,15,2,2,23.0,2,1,5.0,1.0,7.0,0,3,11.464113
303207.0,2.0,1,13,1,2,23.0,2,1,3.0,3.0,3.0,0,2,10.131659
303208.0,5.0,0,17,2,2,23.0,2,1,6.0,0.0,9.0,0,1,11.774104
303209.0,8.0,1,15,2,2,23.0,2,1,3.0,4.0,5.0,1,3,11.613006
303213.0,3.0,0,17,2,2,23.0,2,1,5.0,0.0,0.0,0,2,12.440042
303213.0,4.0,0,15,2,2,23.0,2,1,5.0,0.0,6.0,0,2,12.440042
303214.0,3.0,0,14,2,2,23.0,2,1,5.0,0.0,6.0,0,1,11.6379795
303214.0,4.0,0,14,2,2,23.0,2,1,5.0,0.0,7.0,1,1,11.6379795
303214.0,5.0,1,12,2,2,23.0,2,1,3.0,3.0,3.0,0,1,11.6379795
303215.0,5.0,1,15,2,2,23.0,2,1,3.0,4.0,4.0,0,3,11.54637
303217.0,5.0,0,14,2,2,23.0,2,1,5.0,0.0,6.0,0,2,12.271537
303218.0,2.0,1,12,2,2,23.0,2,1,3.0,3.0,3.0,0,4,10.621962
303219.0,3.0,1,15,2,2,23.0,2,1,3.0,4.0,5.0,1,2,11.813223
303219.0,4.0,1,12,1,2,23.0,2,1,3.0,2.0,2.0,0,2,11.813223
303220.0,7.0,0,17,1,2,23.0,2,1,5.0,2.0,8.0,0,4,14.842763
303220.0,8.0,1,13,2,2,23.0,2,1,3.0,5.0,5.0,0,4,14.842763
303223.0,5.0,1,17,1,2,23.0,2,1,5.0,1.0,8.0,0,4,12.609439
303223.0,6.0,1,13,1,2,23.0,2,1,3.0,4.0,4.0,0,4,12.609439
303223.0,10.0,1,13,1,2,23.0,2,1,3.0,2.0,0.0,0,4,12.609439
303224.0,4.0,0,16,2,2,23.0,2,1,5.0,2.0,8.0,0,5,13.505577
303224.0,5.0,1,13,2,2,23.0,2,1,3.0,5.0,5.0,0,5,13.505577
303225.0,2.0,1,12,1,2,23.0,2,1,3.0,1.0,1.0,0,1,11.192045
303225.0,4.0,1,12,1,2,23.0,2,1,3.0,0.0,0.0,0,1,11.192045
303226.0,5.0,1,16,2,2,23.0,2,1,3.0,5.0,5.0,0,3,10.896295
303226.0,6.0,1,15,2,2,23.0,2,1,3.0,4.0,4.0,0,3,10.896295
303229.0,3.0,1,14,1,2,23.0,2,1,3.0,4.0,4.0,0,3,13.348169
303229.0,4.0,1,13,1,2,23.0,2,1,3.0,3.0,3.0,0,3,13.348169
303230.0,3.0,0,17,1,2,23.0,2,1,5.0,2.0,8.0,0,3,10.816995
303236.0,5.0,1,16,1,2,23.0,2,1,3.0,5.0,5.0,0,3,11.964644
303236.0,6.0,1,12,1,2,23.0,2,1,3.0,1.0,1.0,0,3,11.964644
303237.0,4.0,0,15,1,2,23.0,2,1,5.0,1.0,7.0,0,4,11.10437
303241.0,3.0,1,15,1,2,23.0,2,1,3.0,3.0,3.0,0,2,10.799086
303243.0,4.0,0,14,2,2,23.0,2,1,5.0,1.0,7.0,0,3,13.339346
303244.0,3.0,1,14,1,2,23.0,2,1,3.0,2.0,3.0,1,3,11.504904
303246.0,3.0,0,15,2,2,23.0,2,1,5.0,0.0,6.0,0,3,10.907075
303249.0,6.0,0,17,1,2,23.0,2,1,5.0,2.0,8.0,0,5,14.040462
303251.0,4.0,0,16,2,2,23.0,2,1,5.0,1.0,8.0,1,3,11.634222
303252.0,3.0,1,12,2,2,23.0,2,1,3.0,4.0,4.0,0,5,10.195261
303254.0,3.0,0,16,2,2,23.0,2,1,5.0,0.0,6.0,0,3,12.098131
303254.0,4.0,1,12,2,2,23.0,2,1,3.0,2.0,3.0,1,3,12.098131
303255.0,5.0,1,16,2,2,23.0,2,1,3.0,4.0,0.0,0,3,11.304067
303256.0,3.0,1,14,1,2,23.0,2,1,3.0,3.0,3.0,0,2,11.344519
303259.0,5.0,1,15,1,2,23.0,2,1,3.0,5.0,5.0,0,4,13.655226
303260.0,2.0,1,12,2,2,23.0,2,1,3.0,2.0,2.0,0,4,11.379406
303261.0,3.0,1,17,2,2,23.0,2,1,3.0,5.0,0.0,0,1,11.085997
303261.0,4.0,1,15,1,2,23.0,2,1,3.0,5.0,5.0,0,1,11.085997
303263.0,3.0,1,16,1,2,23.0,2,1,3.0,4.0,4.0,0,1,10.408073
303264.0,3.0,1,16,2,2,23.0,2,1,3.0,3.0,0.0,0,1,11.126542
303264.0,4.0,1,14,2,2,23.0,2,1,3.0,3.0,3.0,0,1,11.126542
303264.0,5.0,1,12,1,2,23.0,2,1,3.0,2.0,2.0,0,1,11.126542
303266.0,5.0,1,15,2,2,23.0,2,1,3.0,3.0,3.0,0,2,10.851781
303267.0,2.0,1,16,2,2,23.0,2,1,3.0,2.0,0.0,0,3,11.186517
303267.0,3.0,1,13,2,2,23.0,2,1,3.0,1.0,1.0,0,3,11.186517
303269.0,3.0,1,15,1,2,23.0,2,1,3.0,1.0,1.0,0,1,11.229913
303270.0,3.0,1,15,1,2,23.0,2,1,3.0,2.0,3.0,1,1,11.371949
303270.0,4.0,1,13,1,2,23.0,2,1,3.0,0.0,1.0,1,1,11.371949
303273.0,5.0,1,16,1,2,23.0,2,1,3.0,4.0,4.0,0,3,10.786759
303274.0,6.0,1,15,1,2,23.0,2,1,3.0,2.0,3.0,0,4,11.419724
303274.0,7.0,1,14,2,2,23.0,2,1,3.0,0.0,0.0,0,4,11.419724
303274.0,8.0,1,12,2,2,23.0,2,1,3.0,3.0,3.0,0,4,11.419724
303275.0,4.0,1,16,1,2,23.0,2,1,3.0,1.0,0.0,0,1,11.198914
303275.0,5.0,1,13,2,2,23.0,2,1,3.0,1.0,1.0,0,1,11.198914
303276.0,4.0,1,17,2,2,23.0,2,1,3.0,4.0,4.0,0,2,11.525111
303277.0,3.0,1,17,1,2,23.0,2,1,3.0,3.0,0.0,0,3,11.830477
303277.0,4.0,1,15,2,2,23.0,2,1,3.0,4.0,4.0,0,3,11.830477
303277.0,5.0,1,12,2,2,23.0,2,1,3.0,1.0,2.0,1,3,11.830477
303279.0,3.0,1,14,2,2,23.0,2,1,3.0,4.0,4.0,0,3,12.008238
303279.0,4.0,1,12,2,2,23.0,2,1,3.0,4.0,4.0,0,3,12.008238
303280.0,5.0,1,15,1,2,23.0,2,1,3.0,4.0,4.0,0,3,11.805789
303280.0,6.0,1,13,2,2,23.0,2,1,3.0,2.0,2.0,0,3,11.805789
303282.0,3.0,1,16,1,2,23.0,2,1,3.0,2.0,0.0,0,1,10.589761
303282.0,4.0,1,14,2,2,23.0,2,1,3.0,3.0,3.0,0,1,10.589761
303283.0,4.0,1,14,1,2,23.0,2,1,3.0,4.0,4.0,0,2,12.065004
303284.0,3.0,0,16,1,2,23.0,2,1,5.0,2.0,8.0,0,3,12.079012
303285.0,3.0,1,14,1,2,23.0,2,1,3.0,3.0,3.0,0,1,11.207771
303286.0,4.0,1,13,1,2,23.0,2,1,3.0,2.0,2.0,0,3,10.403535
303290.0,3.0,1,17,2,2,23.0,2,1,3.0,5.0,6.0,0,1,11.832295
303290.0,4.0,1,15,2,2,23.0,2,1,3.0,4.0,4.0,0,1,11.832295
303290.0,5.0,1,13,1,2,23.0,2,1,3.0,2.0,3.0,1,1,11.832295
303291.0,3.0,1,12,1,2,23.0,2,1,3.0,4.0,5.0,1,5,14.085271
303292.0,5.0,1,13,1,2,23.0,2,1,3.0,2.0,2.0,1,3,11.010002
303296.0,2.0,1,17,1,2,23.0,2,1,3.0,4.0,4.0,0,2,10.601025
303297.0,3.0,1,15,2,2,23.0,2,1,3.0,4.0,4.0,0,3,11.580827
303297.0,4.0,1,13,1,2,23.0,2,1,3.0,2.0,3.0,1,3,11.580827
303298.0,2.0,1,12,2,2,23.0,2,1,3.0,3.0,3.0,0,4,10.519376
303299.0,2.0,1,16,1,2,23.0,2,1,3.0,3.0,4.0,1,1,11.5131855
303299.0,3.0,1,12,1,2,23.0,2,1,3.0,0.0,1.0,1,1,11.5131855
303300.0,3.0,1,13,1,2,23.0,2,1,3.0,4.0,4.0,0,3,11.408132
303301.0,3.0,1,13,2,2,23.0,2,1,3.0,3.0,3.0,0,4,11.422464
303302.0,4.0,1,17,1,2,23.0,2,1,3.0,5.0,5.0,0,3,10.608464
303304.0,6.0,1,16,2,2,23.0,2,1,3.0,4.0,4.0,0,1,11.122117
303306.0,3.0,1,16,2,2,23.0,2,1,3.0,3.0,3.0,0,4,12.083204
303306.0,4.0,1,12,2,2,23.0,2,1,3.0,3.0,3.0,0,4,12.083204
303307.0,5.0,1,16,1,2,23.0,2,1,3.0,2.0,2.0,0,1,11.52807
303307.0,6.0,1,14,1,2,23.0,2,1,3.0,2.0,2.0,0,1,11.52807
303310.0,3.0,1,17,2,2,23.0,2,1,5.0,0.0,7.0,0,4,10.833208
303310.0,4.0,1,15,1,2,23.0,2,1,3.0,3.0,4.0,0,4,10.833208
303311.0,3.0,1,16,1,2,23.0,2,1,3.0,0.0,0.0,0,2,0.0
303316.0,3.0,1,17,1,2,23.0,2,1,3.0,4.0,0.0,0,3,11.373675
303316.0,4.0,1,13,1,2,23.0,2,1,3.0,4.0,4.0,0,3,11.373675
303317.0,7.0,1,17,2,2,23.0,2,1,5.0,1.0,7.0,0,1,10.621962
303317.0,8.0,1,12,1,2,23.0,2,1,3.0,2.0,3.0,1,1,10.621962
303319.0,3.0,1,12,2,2,23.0,2,1,3.0,4.0,4.0,0,3,11.326005
303320.0,3.0,1,12,2,2,23.0,2,1,3.0,4.0,4.0,0,3,12.072604
303321.0,3.0,1,12,2,2,23.0,2,1,3.0,2.0,2.0,0,3,11.483507
303323.0,3.0,1,13,2,2,23.0,2,1,3.0,2.0,2.0,0,1,11.714102
303325.0,5.0,1,17,1,2,23.0,2,1,3.0,5.0,5.0,0,4,10.866203
303326.0,3.0,1,12,2,2,23.0,2,1,3.0,2.0,2.0,0,4,11.546128
303327.0,3.0,0,17,1,2,23.0,2,1,5.0,2.0,8.0,0,3,10.977824
303332.0,3.0,1,14,2,2,23.0,2,1,3.0,0.0,1.0,1,1,11.3025255
303332.0,4.0,1,12,1,2,23.0,2,1,3.0,0.0,1.0,1,1,11.3025255
303333.0,4.0,1,15,1,2,23.0,2,1,3.0,1.0,1.0,0,3,11.06274
303333.0,5.0,1,12,1,2,23.0,2,1,3.0,1.0,1.0,0,3,11.06274
303336.0,4.0,1,16,2,2,23.0,2,1,3.0,5.0,5.0,0,2,9.686637
303337.0,5.0,1,16,1,2,23.0,2,1,3.0,5.0,5.0,0,2,11.306528
303340.0,3.0,1,15,1,2,23.0,2,1,3.0,4.0,4.0,0,1,10.922984
303341.0,4.0,0,17,1,2,23.0,2,1,5.0,1.0,7.0,0,1,10.844686
303342.0,2.0,1,13,1,2,23.0,2,1,3.0,2.0,2.0,0,3,11.1648
303344.0,2.0,1,12,1,2,23.0,2,1,3.0,0.0,,1,1,10.389795
303346.0,4.0,1,13,2,2,23.0,2,1,3.0,4.0,,0,3,10.003378
303348.0,5.0,0,16,2,2,23.0,2,1,5.0,0.0,,0,3,11.921692
303349.0,5.0,1,14,2,2,23.0,2,1,3.0,5.0,,0,2,12.1086855
303352.0,3.0,0,17,2,2,23.0,2,1,5.0,2.0,,0,3,11.57905
303352.0,4.0,1,15,1,2,23.0,2,1,3.0,0.0,,0,3,11.57905
303355.0,3.0,0,16,2,2,23.0,2,1,5.0,1.0,,1,1,11.945526
303355.0,4.0,1,12,2,2,23.0,2,1,3.0,2.0,,0,1,11.945526
303359.0,4.0,0,17,2,2,23.0,2,1,5.0,1.0,,0,2,11.889449
303359.0,5.0,0,16,2,2,23.0,2,1,5.0,1.0,,0,2,11.889449
303362.0,5.0,1,16,1,2,23.0,2,1,3.0,5.0,,1,1,9.6356735
303363.0,3.0,1,13,1,2,23.0,2,1,3.0,4.0,,0,2,10.949946
303364.0,5.0,1,15,1,2,23.0,2,1,3.0,4.0,,0,3,10.848871
303365.0,3.0,0,16,2,2,23.0,2,1,5.0,1.0,,1,5,11.183532
303365.0,4.0,1,15,2,2,23.0,2,1,3.0,4.0,,0,5,11.183532
303367.0,4.0,1,15,2,2,23.0,2,1,3.0,5.0,,0,4,11.028028
303370.0,3.0,1,15,2,2,23.0,2,1,3.0,5.0,,0,2,11.0517
303374.0,3.0,1,14,1,2,23.0,2,1,3.0,4.0,,0,1,10.505779
303376.0,3.0,1,15,1,2,23.0,2,1,3.0,5.0,,0,1,11.566238
303376.0,4.0,1,12,2,2,23.0,2,1,3.0,3.0,,0,1,11.566238
303378.0,2.0,1,16,1,2,23.0,2,1,3.0,6.0,,0,1,11.245712
303378.0,3.0,1,13,2,2,23.0,2,1,3.0,6.0,,0,1,11.245712
303379.0,6.0,1,15,1,2,23.0,2,1,3.0,4.0,,1,1,12.36877
303383.0,6.0,0,15,2,2,23.0,2,1,5.0,1.0,,0,3,14.429572
303384.0,3.0,1,13,1,2,23.0,2,1,3.0,4.0,,0,1,11.370221
303384.0,4.0,1,13,2,2,23.0,2,1,3.0,4.0,,0,1,11.370221
303388.0,3.0,1,17,1,2,23.0,2,1,3.0,2.0,,0,1,12.068826
303388.0,4.0,1,15,1,2,23.0,2,1,3.0,5.0,,0,1,12.068826
303388.0,5.0,1,12,1,2,23.0,2,1,3.0,4.0,,0,1,12.068826
303391.0,4.0,1,16,2,2,23.0,2,1,3.0,2.0,,0,4,11.714445
303391.0,5.0,1,12,1,2,23.0,2,1,3.0,0.0,,0,4,11.714445
303393.0,4.0,1,16,2,2,23.0,2,1,3.0,2.0,,0,3,9.705097
303394.0,4.0,1,16,1,2,23.0,2,1,3.0,4.0,,0,3,13.242013
303394.0,5.0,1,13,1,2,23.0,2,1,3.0,4.0,,1,3,13.242013
303395.0,3.0,1,12,2,2,23.0,2,1,3.0,2.0,,1,2,8.674368
303397.0,4.0,0,16,2,2,24.0,2,1,5.0,0.0,6.0,0,2,10.4901905
303399.0,7.0,1,13,1,2,24.0,2,1,3.0,3.0,3.0,0,1,10.448019
303400.0,2.0,1,14,2,2,24.0,2,1,3.0,5.0,5.0,0,5,10.459554
303401.0,5.0,1,14,1,2,24.0,2,1,3.0,4.0,4.0,0,2,11.264156
303402.0,4.0,1,13,2,2,24.0,2,1,3.0,4.0,4.0,0,4,11.240802
303405.0,2.0,1,16,2,2,24.0,2,1,3.0,4.0,4.0,0,4,11.474455
303409.0,3.0,1,13,2,2,24.0,1,1,3.0,5.0,5.0,0,3,11.226256
303412.0,4.0,1,14,1,2,24.0,1,1,3.0,4.0,4.0,0,1,12.025755
303412.0,5.0,1,13,2,2,24.0,1,1,3.0,3.0,3.0,0,1,12.025755
303412.0,7.0,1,13,1,2,24.0,1,1,3.0,2.0,3.0,1,1,12.025755
303415.0,3.0,0,17,2,2,24.0,2,1,5.0,2.0,8.0,0,4,11.736836
303415.0,4.0,0,15,2,2,24.0,2,1,5.0,2.0,8.0,0,4,11.736836
303419.0,3.0,1,15,2,2,24.0,2,1,3.0,3.0,4.0,0,2,11.676115
303419.0,4.0,1,12,1,2,24.0,2,1,3.0,3.0,4.0,0,2,11.676115
303420.0,3.0,1,13,1,2,24.0,2,1,3.0,3.0,3.0,0,1,10.702705
303421.0,5.0,0,17,2,2,24.0,2,1,5.0,2.0,8.0,0,1,11.660578
303421.0,6.0,1,12,1,2,24.0,2,1,3.0,5.0,5.0,0,1,11.660578
303422.0,6.0,0,17,1,2,24.0,2,1,5.0,1.0,7.0,0,1,10.784379
303424.0,3.0,1,16,1,2,24.0,2,1,3.0,4.0,4.0,0,1,11.70045
303424.0,4.0,1,14,1,2,24.0,2,1,3.0,2.0,2.0,0,1,11.70045
303425.0,2.0,1,14,2,2,24.0,2,1,3.0,5.0,5.0,0,4,10.522073
303426.0,4.0,1,13,2,2,24.0,2,1,3.0,4.0,5.0,1,3,10.57582
303427.0,3.0,1,16,1,2,24.0,2,1,3.0,5.0,5.0,1,4,10.6914
303431.0,2.0,1,14,1,2,24.0,2,1,3.0,2.0,3.0,1,3,11.112463
303432.0,2.0,1,14,2,2,24.0,2,1,3.0,5.0,5.0,0,2,11.333213
303434.0,6.0,1,17,2,2,24.0,2,1,5.0,3.0,0.0,0,5,13.043268
303435.0,4.0,0,16,2,2,24.0,2,1,6.0,0.0,9.0,0,4,10.42112
303438.0,3.0,1,12,1,2,24.0,2,1,3.0,5.0,5.0,0,5,14.682695
303441.0,4.0,1,13,2,2,24.0,2,1,3.0,3.0,4.0,1,3,10.805192
303445.0,3.0,0,15,2,2,24.0,1,1,6.0,0.0,9.0,0,5,14.398631
303445.0,4.0,1,12,1,2,24.0,1,1,3.0,5.0,5.0,0,5,14.398631
303446.0,3.0,1,15,2,2,24.0,1,1,3.0,2.0,2.0,0,1,11.101206
303448.0,5.0,1,12,2,2,24.0,1,1,3.0,3.0,4.0,1,5,11.8819065
303456.0,3.0,0,17,2,2,24.0,2,1,5.0,1.0,7.0,0,2,10.080001
303456.0,4.0,1,15,2,2,24.0,2,1,3.0,4.0,0.0,0,2,10.080001
303459.0,2.0,1,14,2,2,24.0,2,1,3.0,3.0,3.0,0,3,11.655085
303459.0,3.0,1,12,2,2,24.0,2,1,3.0,4.0,4.0,0,3,11.655085
303463.0,3.0,1,13,2,2,24.0,2,1,3.0,1.0,2.0,1,1,10.932232
303464.0,4.0,1,17,2,2,24.0,2,0,,,,0,5,0.0
303465.0,3.0,1,14,1,2,24.0,2,1,3.0,4.0,5.0,1,5,10.940153
303466.0,7.0,0,16,2,2,24.0,2,1,6.0,1.0,10.0,0,4,12.638946
303466.0,8.0,0,15,2,2,24.0,2,1,5.0,2.0,8.0,0,4,12.638946
303466.0,9.0,1,13,1,2,24.0,2,1,3.0,4.0,4.0,0,4,12.638946
303467.0,3.0,0,14,2,2,24.0,2,1,5.0,2.0,8.0,0,3,11.207229
303468.0,3.0,0,15,2,2,24.0,2,1,5.0,2.0,8.0,0,4,13.248707
303468.0,4.0,1,12,1,2,24.0,2,1,3.0,5.0,5.0,0,4,13.248707
303468.0,7.0,1,14,1,2,24.0,2,1,3.0,2.0,0.0,0,4,13.248707
303474.0,5.0,0,16,2,2,24.0,2,1,6.0,1.0,10.0,0,2,11.429283
303478.0,4.0,0,16,1,2,24.0,2,1,5.0,0.0,7.0,1,4,11.858683
303478.0,5.0,0,15,2,2,24.0,2,1,5.0,0.0,6.0,0,4,11.858683
303483.0,3.0,1,13,2,2,24.0,2,1,3.0,2.0,3.0,1,1,10.507148
303487.0,5.0,0,16,1,2,24.0,1,1,6.0,1.0,10.0,0,5,15.097722
303488.0,2.0,1,17,2,2,24.0,1,1,3.0,6.0,0.0,0,5,0.0
303491.0,2.0,0,15,1,2,24.0,1,1,6.0,0.0,9.0,0,5,13.466238
303495.0,5.0,0,16,2,2,24.0,1,1,6.0,0.0,9.0,0,5,14.338581
303495.0,6.0,0,13,1,2,24.0,1,1,5.0,2.0,8.0,0,5,14.338581
303496.0,7.0,1,16,2,2,24.0,2,1,3.0,5.0,0.0,0,2,10.6993265
303498.0,3.0,1,15,2,2,24.0,2,1,3.0,5.0,5.0,0,2,11.565764
303498.0,4.0,1,12,1,2,24.0,2,1,3.0,1.0,2.0,1,2,11.565764
303500.0,2.0,1,15,2,2,24.0,2,1,3.0,3.0,3.0,1,5,11.20233
303500.0,3.0,1,13,2,2,24.0,2,1,3.0,2.0,2.0,1,5,11.20233
303502.0,3.0,1,12,2,2,24.0,2,1,3.0,3.0,3.0,0,4,11.378834
303504.0,3.0,1,12,1,2,24.0,2,1,3.0,2.0,3.0,1,4,11.847653
303505.0,3.0,1,14,1,2,24.0,2,1,3.0,4.0,4.0,0,5,10.601025
303510.0,5.0,0,16,1,2,24.0,2,1,5.0,0.0,6.0,0,4,13.886017
303510.0,6.0,0,16,2,2,24.0,2,1,5.0,0.0,6.0,0,4,13.886017
303510.0,8.0,1,14,1,2,24.0,2,1,3.0,1.0,1.0,0,4,13.886017
303510.0,10.0,1,17,1,2,24.0,2,0,,,,0,4,13.886017
303511.0,5.0,1,16,1,2,24.0,2,1,3.0,3.0,3.0,0,5,14.430026
303511.0,6.0,1,15,1,2,24.0,2,1,3.0,3.0,0.0,0,5,14.430026
303515.0,3.0,0,17,1,2,24.0,2,1,5.0,2.0,8.0,0,3,11.525803
303515.0,4.0,0,16,1,2,24.0,2,1,5.0,2.0,8.0,0,3,11.525803
303520.0,3.0,0,17,2,2,24.0,2,1,5.0,2.0,8.0,0,5,10.95712
303522.0,4.0,1,12,2,2,24.0,2,1,3.0,0.0,1.0,1,2,10.418584
303527.0,4.0,1,16,1,2,24.0,2,1,3.0,5.0,6.0,0,2,11.240474
303527.0,5.0,1,12,1,2,24.0,2,1,3.0,2.0,2.0,0,2,11.240474
303533.0,7.0,1,17,1,2,24.0,2,1,3.0,4.0,5.0,0,1,11.515632
303533.0,8.0,1,12,1,2,24.0,2,1,3.0,2.0,3.0,1,1,11.515632
303534.0,4.0,0,16,2,2,24.0,2,1,5.0,2.0,8.0,0,4,12.286366
303534.0,5.0,0,14,2,2,24.0,2,1,5.0,1.0,7.0,0,4,12.286366
303540.0,3.0,1,13,1,2,24.0,2,1,3.0,5.0,5.0,0,1,11.34983
303542.0,2.0,0,15,1,2,24.0,2,1,5.0,1.0,7.0,0,2,12.361262
303542.0,3.0,1,12,2,2,24.0,2,1,3.0,2.0,3.0,1,2,12.361262
303543.0,3.0,0,14,1,2,24.0,2,1,5.0,0.0,6.0,0,2,12.245947
303543.0,4.0,1,12,1,2,24.0,2,1,3.0,4.0,4.0,0,2,12.245947
303544.0,3.0,1,16,1,2,24.0,2,1,3.0,2.0,2.0,0,2,11.565764
303544.0,4.0,1,12,2,2,24.0,2,1,3.0,2.0,3.0,0,2,11.565764
303546.0,3.0,0,17,2,2,24.0,2,1,5.0,0.0,6.0,0,1,11.186309
303546.0,4.0,1,14,1,2,24.0,2,1,3.0,1.0,1.0,0,1,11.186309
303547.0,3.0,1,13,2,2,24.0,2,1,3.0,5.0,5.0,0,1,11.081388
303548.0,2.0,1,17,1,2,24.0,2,1,3.0,2.0,2.0,0,1,11.400048
303548.0,3.0,1,16,2,2,24.0,2,1,3.0,2.0,0.0,0,1,11.400048
303548.0,4.0,1,12,1,2,24.0,2,1,3.0,1.0,1.0,0,1,11.400048
303549.0,5.0,1,17,1,2,24.0,2,1,3.0,4.0,4.0,0,1,11.70045
303549.0,6.0,1,15,2,2,24.0,2,1,3.0,5.0,5.0,0,1,11.70045
303554.0,3.0,0,17,2,2,24.0,1,1,6.0,0.0,9.0,0,5,12.68231
303555.0,4.0,1,13,2,2,24.0,1,1,3.0,3.0,3.0,0,4,0.0
303557.0,6.0,0,17,2,2,24.0,1,1,6.0,1.0,10.0,0,5,15.6533985
303558.0,3.0,1,14,2,2,24.0,2,1,3.0,5.0,5.0,0,2,11.312655
303559.0,2.0,1,16,1,2,24.0,2,1,3.0,4.0,5.0,1,1,10.35698
303566.0,3.0,1,14,1,2,24.0,2,1,3.0,2.0,2.0,0,2,11.1697445
303567.0,4.0,0,16,2,2,24.0,2,1,5.0,0.0,6.0,0,2,11.631695
303567.0,5.0,1,13,1,2,24.0,2,1,3.0,4.0,0.0,0,2,11.631695
303567.0,6.0,1,14,2,2,24.0,2,1,3.0,5.0,0.0,0,2,11.631695
303568.0,3.0,1,16,2,2,24.0,2,1,3.0,5.0,5.0,0,3,11.484665
303570.0,5.0,0,17,2,2,24.0,2,1,5.0,1.0,7.0,0,5,14.387047
303573.0,4.0,1,16,1,2,24.0,2,1,3.0,4.0,4.0,0,3,10.763758
303574.0,7.0,1,13,2,2,24.0,2,1,3.0,4.0,4.0,0,3,11.581761
303579.0,2.0,1,13,1,2,24.0,2,1,3.0,3.0,3.0,0,1,10.542733
303580.0,3.0,1,15,1,2,24.0,2,1,3.0,3.0,3.0,0,2,11.242441
303581.0,3.0,1,13,2,2,24.0,2,1,3.0,2.0,2.0,0,1,10.4252825
303582.0,5.0,1,12,2,2,24.0,2,1,3.0,4.0,4.0,0,3,10.6993265
303584.0,4.0,1,15,2,2,24.0,2,1,3.0,2.0,0.0,0,1,11.576708
303584.0,5.0,1,14,1,2,24.0,2,1,3.0,1.0,2.0,1,1,11.576708
303586.0,4.0,1,15,1,2,24.0,1,1,3.0,4.0,5.0,0,1,0.0
303591.0,4.0,0,17,2,2,24.0,1,1,5.0,2.0,8.0,0,2,13.241205
303591.0,5.0,1,12,1,2,24.0,1,1,3.0,4.0,5.0,1,2,13.241205
303591.0,6.0,0,17,2,2,24.0,1,1,5.0,1.0,7.0,0,2,13.241205
303594.0,6.0,1,16,2,2,24.0,2,1,3.0,6.0,0.0,0,5,13.085702
303598.0,4.0,1,15,1,2,24.0,2,1,3.0,5.0,5.0,0,2,11.977891
303602.0,3.0,1,16,1,2,24.0,2,1,5.0,2.0,0.0,0,2,11.019875
303602.0,4.0,1,15,2,2,24.0,2,1,3.0,3.0,3.0,0,2,11.019875
303603.0,3.0,1,14,2,2,24.0,2,1,3.0,2.0,3.0,1,1,11.448237
303603.0,4.0,1,12,1,2,24.0,2,1,3.0,1.0,2.0,1,1,11.448237
303604.0,3.0,1,15,2,2,24.0,2,1,3.0,3.0,3.0,0,2,12.008328
303604.0,4.0,1,14,2,2,24.0,2,1,3.0,4.0,4.0,0,2,12.008328
303607.0,6.0,1,16,2,2,24.0,2,1,3.0,4.0,4.0,0,1,13.24085
303607.0,7.0,1,13,2,2,24.0,2,1,3.0,3.0,4.0,1,1,13.24085
303613.0,3.0,1,17,1,2,24.0,2,1,3.0,4.0,5.0,1,2,10.896295
303614.0,4.0,0,16,1,2,24.0,2,1,5.0,0.0,6.0,0,3,10.45337
303617.0,3.0,0,15,2,2,24.0,2,1,5.0,1.0,7.0,0,2,10.892303
303619.0,5.0,0,17,2,2,24.0,2,1,5.0,1.0,7.0,0,1,11.451699
303620.0,3.0,1,17,1,2,24.0,2,1,3.0,4.0,4.0,0,1,8.794976
303622.0,3.0,1,15,2,2,24.0,2,1,3.0,4.0,5.0,1,2,11.916228
303622.0,4.0,1,12,2,2,24.0,2,1,3.0,2.0,2.0,0,2,11.916228
303625.0,3.0,1,13,2,2,24.0,2,1,3.0,2.0,2.0,0,2,10.501664
303629.0,2.0,1,12,2,2,24.0,2,1,3.0,5.0,5.0,0,5,11.527577
303632.0,6.0,0,16,1,2,24.0,2,1,5.0,2.0,8.0,0,1,12.97081
303633.0,3.0,1,17,1,2,24.0,2,1,3.0,5.0,0.0,0,1,11.499597
303633.0,4.0,1,16,1,2,24.0,2,1,3.0,5.0,5.0,0,1,11.499597
303633.0,5.0,1,13,1,2,24.0,2,1,3.0,2.0,3.0,1,1,11.499597
303634.0,4.0,1,13,2,2,24.0,2,1,3.0,3.0,4.0,1,3,10.475202
303636.0,4.0,1,15,1,2,24.0,2,1,3.0,4.0,5.0,1,3,11.778446
303637.0,5.0,1,13,1,2,24.0,2,1,3.0,2.0,2.0,0,2,11.731466
303638.0,3.0,1,14,2,2,24.0,2,1,3.0,4.0,4.0,0,3,11.348652
303639.0,3.0,0,15,2,2,24.0,1,1,5.0,1.0,7.0,0,5,12.058216
303639.0,5.0,1,14,2,2,24.0,1,1,3.0,3.0,0.0,0,5,12.058216
303642.0,4.0,1,17,2,2,24.0,1,1,3.0,6.0,6.0,0,5,0.0
303643.0,4.0,0,16,1,2,24.0,1,1,5.0,2.0,8.0,0,5,13.841725
303643.0,5.0,1,12,1,2,24.0,1,1,3.0,5.0,5.0,0,5,13.841725
303648.0,3.0,1,14,1,2,24.0,2,1,3.0,4.0,4.0,0,2,11.758229
303649.0,3.0,1,14,2,2,24.0,2,1,3.0,5.0,5.0,0,1,11.632715
303649.0,4.0,1,12,1,2,24.0,2,1,3.0,3.0,4.0,1,1,11.632715
303658.0,4.0,1,17,1,2,24.0,2,1,3.0,1.0,0.0,0,4,11.385672
303659.0,4.0,1,13,1,2,24.0,2,1,3.0,3.0,3.0,0,2,11.241786
303660.0,3.0,1,15,1,2,24.0,2,1,3.0,2.0,0.0,0,4,10.479426
303662.0,3.0,1,12,2,2,24.0,2,1,3.0,2.0,2.0,0,3,11.706237
303664.0,5.0,1,15,1,2,24.0,2,1,3.0,1.0,0.0,0,3,9.686637
303665.0,4.0,1,17,1,2,24.0,2,1,3.0,2.0,0.0,0,4,0.0
303668.0,3.0,0,17,1,2,24.0,1,1,6.0,0.0,9.0,0,2,11.889449
303668.0,4.0,0,15,1,2,24.0,1,1,5.0,1.0,7.0,0,2,11.889449
303673.0,2.0,1,17,1,2,24.0,1,1,3.0,3.0,3.0,0,2,10.59353
303676.0,3.0,1,15,1,2,24.0,2,1,3.0,5.0,5.0,0,4,11.923551
303676.0,4.0,1,12,1,2,24.0,2,1,3.0,4.0,4.0,0,4,11.923551
303681.0,2.0,0,16,1,2,24.0,2,1,6.0,0.0,9.0,0,4,11.063289
303681.0,3.0,1,12,1,2,24.0,2,1,3.0,3.0,3.0,0,4,11.063289
303682.0,4.0,1,16,1,2,24.0,2,1,3.0,5.0,0.0,0,4,0.0
303688.0,4.0,1,14,2,2,24.0,2,1,3.0,5.0,5.0,0,3,10.677662
303689.0,2.0,0,16,2,2,24.0,2,1,5.0,2.0,8.0,0,3,11.293973
303691.0,4.0,1,13,1,2,24.0,2,1,3.0,3.0,3.0,0,3,10.697068
303693.0,4.0,0,16,2,2,24.0,1,1,6.0,0.0,9.0,0,5,15.207713
303693.0,7.0,1,16,2,2,24.0,1,1,3.0,6.0,0.0,0,5,15.207713
303695.0,3.0,0,17,2,2,24.0,1,1,6.0,2.0,11.0,0,5,13.503073
303695.0,4.0,0,15,2,2,24.0,1,1,5.0,2.0,8.0,0,5,13.503073
303696.0,2.0,0,16,1,2,24.0,1,1,6.0,0.0,9.0,0,5,13.605926
303696.0,3.0,0,14,1,2,24.0,1,1,5.0,0.0,6.0,0,5,13.605926
303702.0,6.0,1,16,1,2,24.0,2,1,3.0,3.0,4.0,1,3,10.663733
303703.0,3.0,0,16,1,2,24.0,2,1,5.0,1.0,7.0,0,1,11.25073
303704.0,3.0,1,15,1,2,24.0,2,1,3.0,5.0,5.0,0,3,11.660707
303704.0,4.0,1,12,1,2,24.0,2,1,3.0,2.0,2.0,0,3,11.660707
303705.0,3.0,1,13,2,2,24.0,2,1,3.0,3.0,3.0,0,3,11.391051
303708.0,2.0,1,13,2,2,24.0,2,1,3.0,5.0,5.0,0,4,10.623179
303712.0,4.0,1,16,1,2,24.0,2,1,3.0,4.0,4.0,0,3,10.733697
303713.0,3.0,1,15,1,2,24.0,2,1,3.0,2.0,3.0,1,4,11.825734
303713.0,4.0,1,12,2,2,24.0,2,1,3.0,3.0,3.0,0,4,11.825734
303714.0,2.0,0,15,2,2,24.0,2,1,5.0,1.0,8.0,1,5,11.36687
303715.0,3.0,1,15,2,2,24.0,2,1,3.0,5.0,5.0,0,3,10.401258
303719.0,4.0,1,17,1,2,24.0,2,1,3.0,4.0,5.0,1,3,12.002033
303719.0,5.0,1,13,1,2,24.0,2,1,3.0,2.0,3.0,1,3,12.002033
303722.0,2.0,1,14,1,2,24.0,2,1,3.0,1.0,0.0,0,4,0.0
303723.0,4.0,0,17,2,2,24.0,2,1,5.0,2.0,8.0,0,3,11.668398
303726.0,2.0,0,15,2,2,24.0,2,1,5.0,0.0,6.0,0,5,11.643172
303727.0,5.0,1,13,1,2,24.0,2,1,3.0,2.0,3.0,1,4,11.185129
303729.0,4.0,0,17,2,2,24.0,2,1,5.0,1.0,8.0,1,2,12.884032
303729.0,5.0,1,13,2,2,24.0,2,1,3.0,5.0,5.0,0,2,12.884032
303730.0,2.0,1,13,2,2,24.0,2,1,3.0,2.0,2.0,0,2,11.2835245
303731.0,3.0,1,16,1,2,24.0,2,1,3.0,4.0,4.0,0,1,11.469506
303733.0,2.0,1,16,1,2,24.0,2,1,3.0,4.0,0.0,0,2,10.630456
303735.0,4.0,1,13,2,2,24.0,2,1,3.0,3.0,3.0,0,5,10.508513
303736.0,2.0,1,15,1,2,24.0,2,1,3.0,3.0,3.0,0,4,11.805789
303736.0,3.0,1,13,2,2,24.0,2,1,3.0,3.0,3.0,0,4,11.805789
303741.0,4.0,1,13,2,2,24.0,2,1,3.0,4.0,5.0,1,3,10.698198
303747.0,4.0,0,17,1,2,24.0,2,1,5.0,1.0,8.0,1,4,12.549826
303747.0,5.0,1,15,1,2,24.0,2,1,3.0,4.0,5.0,1,4,12.549826
303747.0,6.0,1,13,2,2,24.0,2,1,3.0,4.0,4.0,0,4,12.549826
303750.0,3.0,0,16,1,2,24.0,2,1,5.0,1.0,7.0,0,2,12.716907
303753.0,3.0,1,12,2,2,24.0,2,1,3.0,5.0,5.0,0,4,11.672285
303755.0,2.0,0,16,1,2,24.0,2,1,5.0,2.0,8.0,1,3,11.90325
303755.0,3.0,0,13,2,2,24.0,2,1,5.0,0.0,6.0,0,3,11.90325
303759.0,4.0,1,13,2,2,24.0,2,1,3.0,4.0,5.0,1,4,11.02151
303760.0,2.0,1,12,2,2,24.0,2,1,3.0,3.0,3.0,0,2,11.201647
303761.0,4.0,1,12,1,2,24.0,2,1,3.0,3.0,3.0,0,2,10.490607
303765.0,5.0,1,16,2,2,24.0,1,0,,,,0,5,12.095007
303770.0,6.0,1,17,2,2,24.0,1,1,3.0,4.0,4.0,0,5,13.0641
303774.0,3.0,1,12,1,2,24.0,2,1,3.0,2.0,2.0,0,3,11.162673
303776.0,3.0,0,14,2,2,24.0,2,1,5.0,1.0,7.0,0,3,11.535772
303777.0,6.0,1,16,1,2,24.0,2,1,3.0,5.0,0.0,0,3,10.613394
303779.0,4.0,1,16,2,2,24.0,2,1,3.0,4.0,0.0,0,3,8.2943
303782.0,3.0,1,12,2,2,24.0,2,1,3.0,3.0,3.0,0,2,11.920395
303784.0,2.0,1,16,2,2,24.0,2,0,,,,0,4,0.0
303787.0,3.0,0,15,2,2,24.0,2,1,5.0,2.0,8.0,0,5,11.966616
303787.0,4.0,1,12,1,2,24.0,2,1,3.0,2.0,2.0,0,5,11.966616
303790.0,5.0,1,14,1,2,24.0,2,1,3.0,1.0,0.0,0,5,0.0
303792.0,3.0,1,15,1,2,24.0,2,1,3.0,6.0,0.0,0,4,13.003582
303793.0,3.0,0,16,1,2,24.0,2,1,5.0,2.0,8.0,0,2,11.829275
303794.0,4.0,1,14,1,2,24.0,2,1,3.0,5.0,5.0,0,1,11.821042
303795.0,4.0,0,16,1,2,24.0,2,1,6.0,0.0,9.0,0,5,14.219812
303795.0,5.0,0,14,2,2,24.0,2,1,5.0,1.0,7.0,0,5,14.219812
303798.0,3.0,1,13,1,2,24.0,2,1,3.0,3.0,4.0,1,4,11.767382
303799.0,3.0,0,15,2,2,24.0,2,1,5.0,0.0,6.0,0,1,11.748282
303800.0,4.0,1,16,1,2,24.0,2,1,3.0,4.0,0.0,0,5,0.0
303802.0,4.0,0,17,1,2,24.0,1,1,6.0,1.0,10.0,0,5,13.950043
303802.0,5.0,0,15,1,2,24.0,1,1,5.0,1.0,7.0,0,5,13.950043
303803.0,5.0,0,15,1,2,24.0,1,1,5.0,2.0,8.0,0,5,14.17946
303804.0,3.0,0,14,1,2,24.0,1,1,5.0,0.0,7.0,1,5,15.183997
303805.0,4.0,0,14,1,2,24.0,1,1,5.0,2.0,8.0,0,5,15.049819
303806.0,3.0,0,13,2,2,24.0,1,1,5.0,0.0,6.0,0,5,14.573209
303808.0,3.0,0,13,1,2,24.0,1,1,5.0,0.0,6.0,0,5,14.081696
303808.0,7.0,1,17,1,2,24.0,1,1,5.0,2.0,9.0,0,5,14.081696
303809.0,3.0,0,13,2,2,24.0,1,1,5.0,0.0,6.0,0,5,14.579117
303810.0,4.0,0,17,2,2,24.0,2,1,5.0,2.0,8.0,0,4,13.418662
303810.0,5.0,1,13,1,2,24.0,2,1,3.0,5.0,5.0,0,4,13.418662
303812.0,3.0,1,14,2,2,24.0,2,1,3.0,5.0,5.0,0,1,11.619544
303814.0,6.0,0,16,2,2,24.0,2,1,5.0,2.0,8.0,0,3,11.216351
303819.0,4.0,1,16,1,2,24.0,2,1,3.0,6.0,0.0,0,2,10.793968
303819.0,5.0,1,14,2,2,24.0,2,1,3.0,2.0,3.0,1,2,10.793968
303821.0,3.0,1,17,1,2,24.0,2,1,3.0,5.0,5.0,0,3,11.03046
303822.0,6.0,1,13,2,2,24.0,2,1,3.0,3.0,3.0,0,1,11.412563
303824.0,5.0,1,17,1,2,24.0,2,1,3.0,5.0,5.0,0,1,11.465582
303824.0,6.0,1,14,1,2,24.0,2,1,3.0,4.0,5.0,1,1,11.465582
303825.0,2.0,1,13,1,2,24.0,2,1,3.0,5.0,5.0,0,4,11.289169
303828.0,3.0,0,16,2,2,24.0,2,1,5.0,1.0,,0,2,11.845899
303828.0,4.0,1,13,1,2,24.0,2,1,3.0,3.0,,0,2,11.845899
303829.0,3.0,1,13,1,2,24.0,2,1,3.0,3.0,,0,2,11.067435
303831.0,4.0,1,12,2,2,24.0,2,1,3.0,4.0,,0,4,12.719303
303832.0,2.0,0,15,2,2,24.0,2,1,5.0,0.0,,1,3,10.179641
303836.0,3.0,0,17,1,2,24.0,2,1,5.0,0.0,,1,1,10.963636
303837.0,5.0,0,17,2,2,24.0,2,1,5.0,2.0,,0,1,10.666067
303837.0,6.0,1,13,1,2,24.0,2,1,3.0,3.0,,1,1,10.666067
303838.0,4.0,1,13,1,2,24.0,2,1,3.0,4.0,,1,2,10.642468
303839.0,4.0,0,14,2,2,24.0,2,1,5.0,3.0,,0,4,12.613855
303839.0,5.0,0,14,2,2,24.0,2,1,5.0,3.0,,0,4,12.613855
303840.0,2.0,0,17,1,2,24.0,2,1,5.0,1.0,,0,1,11.985495
303840.0,3.0,1,16,2,2,24.0,2,1,5.0,0.0,,0,1,11.985495
303842.0,3.0,0,15,1,2,24.0,2,1,5.0,2.0,,0,3,11.830004
303843.0,5.0,1,12,1,2,24.0,2,1,3.0,2.0,,0,3,11.570732
303845.0,2.0,0,13,2,2,24.0,2,1,5.0,0.0,,1,4,10.216874
303846.0,2.0,0,17,2,2,24.0,2,1,6.0,0.0,,0,2,11.611512
303848.0,6.0,0,16,2,2,24.0,2,1,5.0,2.0,,0,5,11.730944
303849.0,5.0,0,17,1,2,24.0,2,1,5.0,1.0,,0,4,11.4714365
303850.0,3.0,1,12,2,2,24.0,2,1,3.0,4.0,,1,3,11.885013
303851.0,3.0,0,15,1,2,24.0,2,1,5.0,1.0,,0,2,12.072033
303852.0,2.0,1,17,1,2,24.0,2,1,3.0,3.0,,1,2,11.819866
303854.0,3.0,1,12,2,2,24.0,2,1,3.0,5.0,,0,2,11.383397
303856.0,3.0,0,17,1,2,24.0,1,1,6.0,1.0,,0,5,13.489781
303856.0,4.0,0,14,2,2,24.0,1,1,5.0,2.0,,0,5,13.489781
303859.0,4.0,1,12,2,2,24.0,1,1,5.0,0.0,,0,5,14.495287
303860.0,6.0,1,17,2,2,24.0,1,1,3.0,6.0,,0,5,13.286183
303861.0,3.0,0,15,2,2,24.0,1,1,5.0,0.0,,1,3,12.660235
303865.0,3.0,1,14,1,2,24.0,2,1,3.0,4.0,,0,3,10.50441
303866.0,3.0,1,15,2,2,24.0,2,1,3.0,5.0,,0,3,12.126954
303866.0,4.0,1,14,2,2,24.0,2,1,3.0,4.0,,0,3,12.126954
303868.0,2.0,1,12,2,2,24.0,2,1,3.0,0.0,,1,2,10.470604
303869.0,3.0,0,17,2,2,24.0,2,1,6.0,2.0,,0,3,12.135817
303869.0,4.0,0,15,2,2,24.0,2,1,5.0,2.0,,0,3,12.135817
303869.0,5.0,0,13,2,2,24.0,2,1,5.0,1.0,,0,3,12.135817
303870.0,5.0,1,14,1,2,24.0,2,1,3.0,2.0,,0,2,11.948603
303870.0,6.0,1,12,1,2,24.0,2,1,3.0,2.0,,0,2,11.948603
303871.0,2.0,1,14,2,2,24.0,2,1,3.0,1.0,,0,2,10.277668
303873.0,2.0,0,15,1,2,24.0,2,1,5.0,0.0,,0,2,10.259797
303880.0,5.0,1,13,2,2,24.0,2,1,3.0,4.0,,1,5,11.938036
303881.0,3.0,1,13,2,2,24.0,2,1,3.0,5.0,,0,2,11.536163
303885.0,3.0,1,17,2,2,25.0,2,1,3.0,2.0,0.0,0,2,0.0
303887.0,4.0,0,17,2,2,25.0,2,1,5.0,2.0,8.0,0,1,11.050271
303888.0,5.0,1,13,2,2,25.0,2,1,3.0,4.0,4.0,0,1,10.664901
303893.0,9.0,0,15,2,2,25.0,2,1,5.0,1.0,7.0,0,1,12.310032
303895.0,3.0,1,17,1,2,25.0,2,1,3.0,4.0,0.0,0,1,10.35698
303895.0,4.0,1,14,1,2,25.0,2,1,3.0,2.0,2.0,0,1,10.35698
303896.0,3.0,1,13,2,2,25.0,2,1,5.0,0.0,6.0,0,4,11.068605
303898.0,3.0,1,12,2,2,25.0,2,1,3.0,0.0,1.0,1,4,10.35698
303900.0,4.0,1,13,2,2,25.0,2,1,3.0,4.0,5.0,1,4,10.596035
303901.0,4.0,0,17,2,2,25.0,2,1,6.0,0.0,9.0,0,1,11.9068985
303901.0,5.0,1,17,1,2,25.0,2,1,3.0,5.0,5.0,0,1,11.9068985
303901.0,6.0,1,14,1,2,25.0,2,1,3.0,3.0,3.0,0,1,11.9068985
303902.0,4.0,1,16,1,2,25.0,2,1,3.0,1.0,0.0,0,1,10.462418
303903.0,3.0,0,17,2,2,25.0,2,1,6.0,0.0,9.0,0,1,11.743728
303903.0,4.0,1,13,2,2,25.0,2,1,3.0,5.0,5.0,0,1,11.743728
303904.0,3.0,1,14,1,2,25.0,2,1,3.0,3.0,3.0,0,1,10.834194
303904.0,4.0,1,12,1,2,25.0,2,1,3.0,2.0,2.0,0,1,10.834194
303905.0,2.0,1,16,1,2,25.0,2,1,3.0,3.0,0.0,0,2,11.039492
303905.0,3.0,1,14,2,2,25.0,2,1,3.0,5.0,5.0,0,2,11.039492
303908.0,3.0,1,12,1,2,25.0,2,1,3.0,2.0,2.0,0,1,11.002116
303911.0,2.0,1,17,2,2,25.0,2,1,3.0,5.0,6.0,0,4,0.0
303915.0,3.0,0,15,1,2,25.0,2,1,5.0,1.0,7.0,0,1,11.357861
303916.0,3.0,1,14,2,2,25.0,2,1,5.0,0.0,6.0,0,1,12.12438
303916.0,4.0,1,12,2,2,25.0,2,1,3.0,4.0,4.0,0,1,12.12438
303918.0,4.0,1,16,2,2,25.0,2,1,3.0,4.0,5.0,1,2,11.788555
303918.0,5.0,0,14,2,2,25.0,2,1,5.0,0.0,6.0,0,2,11.788555
303918.0,6.0,1,12,2,2,25.0,2,1,3.0,3.0,3.0,0,2,11.788555
303919.0,5.0,1,15,2,2,25.0,2,1,3.0,4.0,4.0,0,1,10.647233
303922.0,3.0,1,17,2,2,25.0,2,1,3.0,6.0,0.0,0,1,11.905988
303922.0,4.0,1,16,1,2,25.0,2,1,5.0,0.0,6.0,0,1,11.905988
303922.0,5.0,1,13,2,2,25.0,2,1,3.0,5.0,5.0,0,1,11.905988
303925.0,4.0,1,16,2,2,25.0,2,1,3.0,4.0,5.0,0,2,11.073661
303925.0,5.0,1,14,2,2,25.0,2,1,3.0,4.0,5.0,1,2,11.073661
303928.0,3.0,1,14,1,2,25.0,1,0,,,,0,2,11.001283
303928.0,4.0,1,12,2,2,25.0,1,1,3.0,2.0,3.0,1,2,11.001283
303938.0,6.0,1,14,1,2,25.0,1,1,3.0,4.0,5.0,1,2,11.640756
303940.0,2.0,0,13,2,2,25.0,1,1,5.0,1.0,7.0,0,4,11.515283
303942.0,5.0,1,15,2,2,25.0,1,1,3.0,4.0,5.0,0,5,10.340968
303944.0,3.0,1,12,1,2,25.0,1,1,3.0,5.0,5.0,0,5,12.352231
303947.0,5.0,1,16,1,2,25.0,2,1,3.0,5.0,0.0,0,1,10.844197
303948.0,6.0,1,17,2,2,25.0,2,1,3.0,4.0,0.0,0,1,12.134824
303948.0,7.0,1,13,2,2,25.0,2,1,3.0,3.0,3.0,0,1,12.134824
303948.0,9.0,0,17,1,2,25.0,2,1,6.0,0.0,9.0,0,1,12.134824
303948.0,10.0,1,13,2,2,25.0,2,1,3.0,5.0,5.0,0,1,12.134824
303950.0,3.0,1,14,1,2,25.0,2,1,3.0,1.0,1.0,0,1,10.9196415
303950.0,4.0,1,14,1,2,25.0,2,1,3.0,0.0,1.0,1,1,10.9196415
303952.0,3.0,0,17,2,2,25.0,2,1,5.0,0.0,7.0,0,2,11.725582
303952.0,4.0,0,15,1,2,25.0,2,1,5.0,0.0,6.0,0,2,11.725582
303958.0,3.0,1,16,2,2,25.0,2,1,3.0,5.0,5.0,0,1,10.6695595
303959.0,4.0,0,17,2,2,25.0,2,1,6.0,0.0,9.0,0,1,12.745882
303959.0,5.0,1,15,1,2,25.0,2,1,3.0,5.0,5.0,0,1,12.745882
303959.0,6.0,1,13,1,2,25.0,2,1,3.0,4.0,5.0,1,1,12.745882
303961.0,3.0,0,15,2,2,25.0,2,1,5.0,2.0,8.0,0,1,11.293973
303961.0,4.0,1,12,1,2,25.0,2,1,3.0,5.0,5.0,0,1,11.293973
303962.0,4.0,0,16,1,2,25.0,2,1,5.0,1.0,7.0,0,3,12.023867
303962.0,5.0,1,14,1,2,25.0,2,1,3.0,4.0,4.0,0,3,12.023867
303965.0,5.0,1,17,1,2,25.0,2,1,3.0,3.0,0.0,0,1,10.256817
303968.0,5.0,1,17,1,2,25.0,2,1,3.0,4.0,4.0,0,1,11.633646
303968.0,6.0,1,14,2,2,25.0,2,1,3.0,4.0,4.0,0,1,11.633646
303972.0,3.0,1,13,2,2,25.0,2,1,3.0,4.0,4.0,0,2,11.103467
303977.0,3.0,1,16,1,2,25.0,2,1,3.0,6.0,6.0,0,1,10.564525
303977.0,4.0,1,12,1,2,25.0,2,1,3.0,2.0,2.0,0,1,10.564525
303981.0,4.0,0,16,1,2,25.0,2,1,5.0,1.0,7.0,0,2,11.465687
303981.0,5.0,1,12,2,2,25.0,2,1,3.0,3.0,3.0,0,2,11.465687
303982.0,3.0,1,13,2,2,25.0,2,1,3.0,3.0,3.0,0,3,11.332015
303982.0,4.0,1,12,2,2,25.0,2,1,3.0,3.0,3.0,0,3,11.332015
303983.0,5.0,0,17,2,2,25.0,2,1,5.0,2.0,8.0,0,2,10.912102
303984.0,3.0,0,17,2,2,25.0,2,1,6.0,0.0,9.0,0,4,13.412823
303984.0,4.0,0,16,2,2,25.0,2,1,5.0,2.0,8.0,0,4,13.412823
303986.0,5.0,0,17,2,2,25.0,2,1,6.0,1.0,10.0,0,1,13.78616
303986.0,6.0,0,15,1,2,25.0,2,1,5.0,1.0,7.0,0,1,13.78616
303986.0,7.0,0,14,1,2,25.0,2,1,5.0,1.0,7.0,0,1,13.78616
303989.0,2.0,1,15,1,2,25.0,2,1,3.0,5.0,6.0,1,4,10.583448
303989.0,3.0,1,16,1,2,25.0,2,1,3.0,4.0,5.0,0,4,10.583448
303990.0,3.0,1,13,1,2,25.0,2,1,3.0,3.0,3.0,0,1,11.119157
303992.0,5.0,0,16,2,2,25.0,2,1,5.0,1.0,7.0,0,3,11.610605
303993.0,4.0,1,15,1,2,25.0,2,1,3.0,5.0,5.0,0,1,10.371959
303995.0,3.0,0,14,2,2,25.0,2,1,5.0,0.0,6.0,0,2,10.696729
303996.0,4.0,1,14,2,2,25.0,2,1,3.0,5.0,5.0,0,2,12.882954
303997.0,3.0,1,14,1,2,25.0,2,1,3.0,4.0,4.0,0,1,11.527577
304000.0,3.0,1,14,2,2,25.0,2,1,3.0,4.0,5.0,1,4,10.805192
304002.0,2.0,1,13,1,2,25.0,2,1,3.0,3.0,3.0,0,2,11.082927
304008.0,3.0,1,12,1,2,25.0,2,1,3.0,4.0,4.0,0,2,11.275632
304010.0,4.0,1,12,2,2,25.0,2,1,3.0,3.0,3.0,0,2,10.371959
304011.0,3.0,0,15,2,2,25.0,2,1,5.0,0.0,6.0,0,1,11.109623
304011.0,4.0,1,12,1,2,25.0,2,1,3.0,4.0,4.0,0,1,11.109623
304016.0,5.0,1,16,1,2,25.0,2,1,3.0,4.0,0.0,0,3,0.0
304022.0,2.0,1,15,2,2,25.0,2,1,3.0,4.0,4.0,0,2,11.282581
304022.0,3.0,1,13,1,2,25.0,2,1,3.0,2.0,2.0,0,2,11.282581
304023.0,2.0,1,17,1,2,25.0,2,1,3.0,5.0,0.0,0,2,0.0
304023.0,3.0,1,16,1,2,25.0,2,1,3.0,4.0,0.0,0,2,0.0
304024.0,5.0,1,17,2,2,25.0,2,1,3.0,2.0,0.0,0,4,12.967569
304025.0,6.0,0,16,2,2,25.0,2,1,5.0,1.0,7.0,1,2,11.749743
304031.0,6.0,0,17,2,2,25.0,1,1,5.0,2.0,8.0,0,2,12.534606
304031.0,7.0,1,12,1,2,25.0,1,1,3.0,5.0,5.0,0,2,12.534606
304033.0,2.0,0,15,1,2,25.0,1,1,5.0,2.0,8.0,0,2,11.409075
304036.0,3.0,0,14,1,2,25.0,2,1,5.0,0.0,6.0,0,1,11.734156
304036.0,4.0,1,12,1,2,25.0,2,1,3.0,4.0,5.0,1,1,11.734156
304036.0,7.0,1,14,2,2,25.0,2,1,3.0,2.0,3.0,1,1,11.734156
304038.0,3.0,1,16,1,2,25.0,2,1,3.0,4.0,4.0,0,1,10.31811
304039.0,3.0,1,13,1,2,25.0,2,1,3.0,2.0,3.0,1,1,11.147296
304040.0,3.0,1,14,2,2,25.0,2,1,3.0,5.0,5.0,0,3,10.712215
304043.0,4.0,1,16,1,2,25.0,2,1,3.0,3.0,4.0,1,1,10.480129
304045.0,3.0,0,14,1,2,25.0,2,1,5.0,1.0,7.0,0,3,12.010124
304046.0,5.0,0,14,1,2,25.0,2,1,5.0,1.0,7.0,0,2,10.617931
304052.0,3.0,0,15,2,2,25.0,2,1,5.0,1.0,7.0,0,2,12.137719
304052.0,4.0,1,12,1,2,25.0,2,1,3.0,5.0,5.0,0,2,12.137719
304053.0,4.0,1,16,1,2,25.0,2,1,3.0,5.0,0.0,0,1,7.09091
304054.0,3.0,1,13,1,2,25.0,2,1,3.0,2.0,3.0,1,1,11.17256
304057.0,4.0,1,15,1,2,25.0,2,1,3.0,2.0,0.0,0,1,0.0
304059.0,2.0,1,14,1,2,25.0,2,1,3.0,3.0,3.0,0,1,11.1619625
304059.0,3.0,1,12,1,2,25.0,2,1,3.0,2.0,2.0,0,1,11.1619625
304061.0,3.0,1,12,2,2,25.0,2,1,3.0,4.0,4.0,0,3,12.219907
304067.0,5.0,1,17,2,2,25.0,2,1,3.0,3.0,3.0,0,1,11.533962
304070.0,4.0,1,17,1,2,25.0,2,1,3.0,4.0,0.0,0,2,10.445114
304071.0,6.0,1,16,1,2,25.0,2,1,3.0,2.0,0.0,0,2,10.439279
304075.0,3.0,1,12,1,2,25.0,2,1,3.0,4.0,4.0,0,3,10.532789
304078.0,4.0,1,17,2,2,25.0,2,1,3.0,4.0,4.0,0,2,11.381119
304078.0,5.0,1,15,1,2,25.0,2,1,3.0,5.0,5.0,0,2,11.381119
304083.0,5.0,1,13,1,2,25.0,2,1,3.0,2.0,2.0,0,4,10.421567
304085.0,3.0,1,13,1,2,25.0,2,1,3.0,4.0,4.0,0,3,11.4008875
304086.0,6.0,0,16,2,2,25.0,2,1,5.0,1.0,7.0,0,3,13.475947
304087.0,5.0,1,14,2,2,25.0,2,1,3.0,4.0,4.0,0,2,10.527446
304089.0,3.0,1,16,1,2,25.0,2,1,3.0,2.0,3.0,1,1,11.487362
304089.0,4.0,1,13,1,2,25.0,2,1,3.0,1.0,1.0,0,1,11.487362
304090.0,3.0,1,12,2,2,25.0,2,1,3.0,2.0,3.0,1,2,11.132411
304093.0,3.0,1,12,1,2,25.0,2,1,3.0,4.0,4.0,0,2,11.215206
304094.0,3.0,1,12,1,2,25.0,2,1,3.0,3.0,3.0,0,2,10.562975
304095.0,3.0,1,16,2,2,25.0,2,1,3.0,3.0,3.0,0,1,11.71669
304095.0,4.0,1,14,2,2,25.0,2,1,3.0,2.0,2.0,0,1,11.71669
304095.0,5.0,1,13,2,2,25.0,2,1,3.0,2.0,2.0,0,1,11.71669
304097.0,2.0,1,17,1,2,25.0,2,1,3.0,4.0,4.0,0,1,10.6672325
304098.0,3.0,1,13,2,2,25.0,2,1,3.0,4.0,4.0,0,2,11.086762
304100.0,3.0,1,16,2,2,25.0,2,1,3.0,6.0,6.0,0,1,10.284523
304103.0,2.0,1,17,1,2,25.0,2,1,3.0,3.0,0.0,0,1,11.4158745
304103.0,3.0,1,13,2,2,25.0,2,1,3.0,3.0,3.0,0,1,11.4158745
304104.0,2.0,1,14,2,2,25.0,2,1,3.0,5.0,5.0,0,1,11.677813
304106.0,3.0,1,12,1,2,25.0,2,1,3.0,3.0,3.0,0,2,11.262552
304108.0,3.0,1,12,2,2,25.0,2,1,3.0,3.0,3.0,0,1,11.240474
304109.0,3.0,1,13,2,2,25.0,2,1,3.0,4.0,4.0,0,4,11.694631
304109.0,4.0,1,12,1,2,25.0,2,1,3.0,3.0,3.0,0,4,11.694631
304110.0,5.0,1,14,1,2,25.0,2,1,3.0,2.0,2.0,0,4,12.545348
304119.0,4.0,1,13,1,2,25.0,2,1,3.0,5.0,5.0,0,4,13.202673
304121.0,3.0,1,14,2,2,25.0,2,1,3.0,5.0,5.0,0,2,11.192734
304122.0,3.0,1,17,1,2,25.0,2,1,3.0,4.0,0.0,0,1,10.531456
304124.0,4.0,1,17,1,2,25.0,2,1,3.0,4.0,4.0,0,1,11.584092
304124.0,5.0,1,14,1,2,25.0,2,1,3.0,3.0,4.0,1,1,11.584092
304127.0,5.0,1,17,1,2,25.0,2,1,5.0,1.0,0.0,0,3,0.0
304129.0,6.0,1,13,1,2,25.0,2,1,3.0,1.0,1.0,0,2,11.439559
304130.0,3.0,1,17,2,2,25.0,2,1,3.0,5.0,0.0,0,2,10.35698
304132.0,3.0,1,12,1,2,25.0,2,1,3.0,4.0,4.0,0,1,11.090584
304137.0,6.0,1,12,1,2,25.0,2,1,3.0,2.0,2.0,0,4,11.360369
304138.0,4.0,1,17,1,2,25.0,2,1,5.0,1.0,0.0,0,2,10.583448
304138.0,5.0,1,12,2,2,25.0,2,1,3.0,1.0,1.0,0,2,10.583448
304139.0,2.0,1,14,2,2,25.0,2,1,3.0,5.0,5.0,0,2,11.894788
304140.0,3.0,1,15,2,2,25.0,2,1,3.0,4.0,5.0,1,2,11.595666
304142.0,5.0,1,15,1,2,25.0,2,1,3.0,4.0,0.0,0,1,12.053364
304142.0,6.0,1,13,2,2,25.0,2,1,3.0,3.0,3.0,0,1,12.053364
304145.0,2.0,1,17,1,2,25.0,2,1,3.0,5.0,0.0,0,1,11.046212
304145.0,3.0,1,15,2,2,25.0,2,1,3.0,5.0,0.0,0,1,11.046212
304149.0,3.0,0,16,2,2,25.0,2,1,5.0,1.0,7.0,0,2,11.830004
304149.0,4.0,1,12,2,2,25.0,2,1,3.0,3.0,3.0,0,2,11.830004
304154.0,4.0,1,16,2,2,25.0,2,1,3.0,4.0,5.0,1,2,10.372741
304156.0,5.0,1,16,1,2,25.0,2,1,3.0,4.0,5.0,1,2,12.168558
304157.0,4.0,1,17,2,2,25.0,2,1,3.0,5.0,0.0,0,1,10.661392
304157.0,5.0,1,12,2,2,25.0,2,1,3.0,3.0,4.0,1,1,10.661392
304162.0,5.0,1,15,2,2,25.0,2,1,3.0,3.0,4.0,1,1,11.758307
304163.0,3.0,1,12,1,2,25.0,2,1,3.0,3.0,3.0,0,1,10.949946
304163.0,6.0,1,15,1,2,25.0,2,1,3.0,3.0,0.0,0,1,10.949946
304173.0,3.0,1,13,2,2,25.0,2,1,3.0,5.0,5.0,0,4,10.655517
304176.0,2.0,1,15,1,2,25.0,2,1,3.0,3.0,4.0,1,2,11.136791
304179.0,5.0,0,15,2,2,25.0,2,1,5.0,0.0,6.0,0,3,13.440135
304184.0,6.0,1,13,2,2,25.0,2,1,3.0,4.0,4.0,0,3,11.288544
304185.0,3.0,1,13,2,2,25.0,2,1,3.0,4.0,5.0,1,1,11.156979
304187.0,2.0,0,17,2,2,25.0,2,1,5.0,0.0,7.0,1,3,10.441763
304192.0,3.0,1,16,2,2,25.0,2,1,3.0,4.0,5.0,1,3,12.094644
304192.0,4.0,0,14,1,2,25.0,2,1,5.0,0.0,6.0,0,3,12.094644
304194.0,4.0,0,15,2,2,25.0,2,1,5.0,0.0,6.0,0,2,11.411291
304194.0,5.0,1,13,2,2,25.0,2,1,3.0,5.0,5.0,0,2,11.411291
304203.0,3.0,1,12,2,2,25.0,1,1,3.0,3.0,3.0,0,2,11.2954035
304209.0,4.0,0,16,1,2,25.0,1,1,5.0,2.0,8.0,0,3,13.673223
304210.0,4.0,1,12,1,2,25.0,1,1,3.0,1.0,1.0,0,1,10.400498
304212.0,3.0,0,14,2,2,25.0,1,1,5.0,1.0,7.0,0,5,13.6154375
304212.0,4.0,1,13,1,2,25.0,1,1,3.0,4.0,5.0,1,5,13.6154375
304212.0,6.0,0,17,2,2,25.0,1,1,6.0,1.0,10.0,0,5,13.6154375
304213.0,3.0,0,17,2,2,25.0,1,1,6.0,1.0,10.0,0,2,11.544773
304214.0,4.0,0,16,1,2,25.0,1,1,5.0,1.0,7.0,0,3,13.864044
304218.0,2.0,0,17,1,2,25.0,2,1,5.0,2.0,8.0,0,2,11.323229
304219.0,2.0,1,14,2,2,25.0,2,1,3.0,4.0,5.0,1,1,11.406186
304220.0,2.0,0,17,2,2,25.0,2,1,5.0,1.0,7.0,0,4,10.179641
304221.0,2.0,1,17,1,2,25.0,2,1,3.0,5.0,0.0,0,1,10.829253
304222.0,6.0,1,15,2,2,25.0,2,1,3.0,2.0,3.0,1,1,11.145493
304222.0,7.0,1,13,1,2,25.0,2,1,3.0,1.0,2.0,1,1,11.145493
304223.0,2.0,1,15,2,2,25.0,2,1,3.0,5.0,5.0,0,1,11.289169
304223.0,3.0,1,15,2,2,25.0,2,1,3.0,4.0,4.0,0,1,11.289169
304234.0,4.0,1,15,2,2,25.0,2,1,3.0,3.0,3.0,0,2,10.324695
304236.0,6.0,0,16,1,2,25.0,2,1,5.0,1.0,7.0,0,1,12.254368
304238.0,3.0,1,17,2,2,25.0,2,1,3.0,5.0,6.0,1,1,11.817103
304238.0,4.0,1,14,2,2,25.0,2,1,3.0,4.0,4.0,0,1,11.817103
304238.0,5.0,1,12,2,2,25.0,2,1,3.0,3.0,3.0,0,1,11.817103
304240.0,3.0,1,16,1,2,25.0,2,1,3.0,1.0,2.0,1,1,11.185823
304242.0,4.0,0,17,2,2,25.0,2,1,5.0,1.0,7.0,0,2,11.56657
304242.0,5.0,1,15,1,2,25.0,2,1,3.0,5.0,5.0,0,2,11.56657
304242.0,6.0,1,12,1,2,25.0,2,1,3.0,2.0,3.0,1,2,11.56657
304246.0,2.0,1,13,2,2,25.0,2,1,3.0,3.0,3.0,0,3,10.610932
304249.0,5.0,1,13,1,2,25.0,2,1,3.0,3.0,3.0,0,2,11.532101
304250.0,3.0,1,16,1,2,25.0,2,1,3.0,4.0,4.0,0,1,11.256109
304250.0,4.0,1,12,2,2,25.0,2,1,3.0,3.0,3.0,0,1,11.256109
304251.0,5.0,1,16,1,2,25.0,2,1,3.0,3.0,0.0,0,1,10.53943
304251.0,6.0,1,13,1,2,25.0,2,1,3.0,2.0,2.0,0,1,10.53943
304253.0,8.0,1,13,2,2,25.0,2,1,3.0,4.0,0.0,0,4,11.683731
304255.0,2.0,0,17,2,2,25.0,2,1,6.0,1.0,10.0,0,5,12.782436
304256.0,4.0,1,13,1,2,25.0,2,1,3.0,4.0,4.0,0,1,11.570118
304259.0,2.0,0,17,1,2,25.0,2,1,6.0,0.0,9.0,0,2,12.885808
304259.0,3.0,0,14,1,2,25.0,2,1,5.0,0.0,6.0,0,2,12.885808
304259.0,4.0,1,12,2,2,25.0,2,1,3.0,3.0,3.0,0,2,12.885808
304262.0,5.0,1,17,2,2,25.0,2,1,3.0,6.0,0.0,0,2,0.0
304265.0,3.0,1,16,1,2,25.0,2,1,3.0,4.0,4.0,0,1,11.671859
304265.0,4.0,1,12,2,2,25.0,2,1,3.0,3.0,3.0,0,1,11.671859
304270.0,2.0,0,17,2,2,25.0,2,1,5.0,1.0,8.0,1,3,10.960166
304272.0,5.0,1,14,2,2,25.0,2,1,3.0,5.0,5.0,0,2,10.860459
304273.0,6.0,0,16,2,2,25.0,2,1,5.0,0.0,6.0,0,1,11.013056
304275.0,2.0,0,16,1,2,25.0,2,1,5.0,1.0,7.0,0,2,10.625246
304276.0,3.0,1,12,1,2,25.0,2,1,3.0,3.0,4.0,1,1,10.4312
304276.0,5.0,1,17,1,2,25.0,2,1,3.0,3.0,0.0,0,1,10.4312
304277.0,2.0,1,17,1,2,25.0,2,1,3.0,3.0,3.0,0,2,11.550231
304277.0,3.0,1,15,2,2,25.0,2,1,3.0,2.0,2.0,0,2,11.550231
304280.0,4.0,1,14,2,2,25.0,2,1,3.0,3.0,3.0,0,1,11.119157
304283.0,2.0,1,13,2,2,25.0,2,1,3.0,4.0,4.0,0,2,11.17256
304285.0,2.0,1,16,2,2,25.0,2,1,3.0,5.0,5.0,0,4,10.498912
304287.0,3.0,1,15,2,2,25.0,2,1,3.0,3.0,3.0,0,1,10.460271
304293.0,5.0,0,14,2,2,25.0,2,1,5.0,0.0,6.0,0,2,13.281452
304294.0,3.0,1,14,2,2,25.0,2,1,3.0,5.0,5.0,0,4,12.029938
304294.0,4.0,1,12,2,2,25.0,2,1,3.0,4.0,4.0,0,4,12.029938
304296.0,4.0,0,13,2,2,25.0,1,1,5.0,1.0,7.0,0,1,11.348475
304300.0,4.0,1,17,2,2,25.0,1,1,3.0,4.0,0.0,0,1,12.086225
304304.0,6.0,0,17,2,2,25.0,1,1,5.0,1.0,7.0,0,2,12.300114
304306.0,4.0,0,14,1,2,25.0,2,1,5.0,0.0,6.0,0,1,11.153905
304306.0,5.0,1,12,2,2,25.0,2,1,3.0,3.0,3.0,0,1,11.153905
304309.0,4.0,0,15,1,2,25.0,2,1,5.0,0.0,6.0,0,2,11.267805
304312.0,3.0,1,13,2,2,25.0,2,1,3.0,1.0,0.0,0,1,0.0
304315.0,6.0,1,17,2,2,25.0,2,1,3.0,5.0,,0,1,12.234835
304317.0,4.0,1,12,1,2,25.0,2,1,3.0,2.0,,0,2,11.913787
304318.0,3.0,1,12,1,2,25.0,2,1,3.0,1.0,,0,2,12.025156
304319.0,3.0,0,14,2,2,25.0,2,1,5.0,0.0,,0,1,11.503996
304319.0,4.0,1,12,1,2,25.0,2,1,3.0,1.0,,0,1,11.503996
304322.0,3.0,1,13,1,2,25.0,2,1,3.0,3.0,,1,3,11.539821
304322.0,4.0,1,12,2,2,25.0,2,1,3.0,3.0,,0,3,11.539821
304325.0,3.0,1,14,2,2,25.0,2,1,3.0,6.0,,0,2,11.52807
304328.0,4.0,0,16,2,2,25.0,2,1,6.0,0.0,,0,2,13.209588
304328.0,5.0,0,13,1,2,25.0,2,1,5.0,0.0,,0,2,13.209588
304329.0,4.0,0,16,2,2,25.0,2,1,5.0,2.0,,0,2,12.637599
304332.0,4.0,1,17,2,2,25.0,2,1,3.0,5.0,,0,1,11.211158
304334.0,5.0,1,17,2,2,25.0,2,1,3.0,2.0,,0,1,11.5131855
304334.0,6.0,1,13,2,2,25.0,2,1,3.0,1.0,,1,1,11.5131855
304336.0,3.0,1,13,2,2,25.0,2,1,3.0,4.0,,1,2,11.542737
304337.0,2.0,0,16,2,2,25.0,2,1,5.0,1.0,,0,2,11.730742
304337.0,3.0,1,12,2,2,25.0,2,1,3.0,4.0,,0,2,11.730742
304339.0,3.0,1,15,2,2,25.0,2,1,3.0,3.0,,0,1,11.527084
304339.0,4.0,1,13,2,2,25.0,2,1,3.0,3.0,,0,1,11.527084
304340.0,4.0,1,15,2,2,25.0,2,1,3.0,4.0,,1,1,11.345997
304342.0,3.0,1,15,2,2,25.0,2,1,3.0,3.0,,1,2,11.138973
304346.0,4.0,1,17,1,2,25.0,2,1,3.0,1.0,,0,1,10.417089
304347.0,3.0,0,17,2,2,25.0,2,1,5.0,2.0,,0,3,11.88422
304347.0,4.0,1,13,1,2,25.0,2,1,3.0,2.0,,0,3,11.88422
304348.0,5.0,1,17,1,2,25.0,2,1,3.0,3.0,,0,1,11.191356
304348.0,6.0,1,15,2,2,25.0,2,1,3.0,3.0,,0,1,11.191356
304353.0,3.0,1,12,2,2,25.0,2,1,3.0,4.0,,1,1,11.107225
304355.0,5.0,1,13,2,2,25.0,2,1,3.0,5.0,,0,2,11.296646
304356.0,5.0,1,15,1,2,25.0,2,1,3.0,5.0,,0,1,11.597506
304356.0,6.0,1,12,1,2,25.0,2,1,3.0,3.0,,1,1,11.597506
304357.0,2.0,1,17,1,2,25.0,2,1,3.0,6.0,,0,1,0.0
304358.0,2.0,1,15,2,2,25.0,2,1,3.0,3.0,,1,1,11.531021
304362.0,11.0,1,12,1,2,25.0,2,1,3.0,0.0,,1,1,11.045335
304363.0,2.0,1,14,2,2,25.0,2,1,3.0,4.0,,0,2,10.549962
304367.0,4.0,1,17,2,2,25.0,2,1,3.0,4.0,,0,1,11.484279
304368.0,3.0,1,13,1,2,26.0,2,1,3.0,3.0,4.0,1,4,12.014009
304368.0,6.0,1,14,1,2,26.0,2,1,3.0,3.0,3.0,0,4,12.014009
304370.0,5.0,0,16,2,2,26.0,2,1,5.0,2.0,8.0,0,3,11.646896
304371.0,5.0,0,15,1,2,26.0,2,1,5.0,1.0,7.0,0,2,11.37992
304373.0,5.0,0,17,2,2,26.0,2,1,6.0,0.0,9.0,0,1,11.705082
304377.0,4.0,0,17,2,2,26.0,2,1,5.0,1.0,8.0,1,4,12.421168
304379.0,5.0,1,13,1,2,26.0,2,1,3.0,2.0,2.0,0,4,13.075641
304381.0,3.0,0,17,2,2,26.0,2,1,5.0,2.0,8.0,0,3,11.754584
304383.0,2.0,0,17,2,2,26.0,2,1,5.0,0.0,6.0,0,3,11.651914
304383.0,3.0,1,14,2,2,26.0,2,1,3.0,4.0,4.0,0,3,11.651914
304385.0,3.0,1,16,1,2,26.0,2,1,3.0,4.0,4.0,0,2,11.657251
304385.0,4.0,1,12,2,2,26.0,2,1,3.0,3.0,3.0,0,2,11.657251
304388.0,3.0,1,12,2,2,26.0,2,1,3.0,4.0,4.0,0,3,10.963809
304389.0,5.0,0,15,2,2,26.0,2,1,5.0,0.0,6.0,0,2,12.077393
304391.0,2.0,0,16,2,2,26.0,2,1,5.0,1.0,7.0,0,1,12.187583
304391.0,3.0,1,13,1,2,26.0,2,1,3.0,3.0,3.0,0,1,12.187583
304395.0,2.0,1,15,2,2,26.0,2,1,3.0,5.0,5.0,0,3,0.0
304396.0,6.0,1,16,1,2,26.0,2,1,5.0,1.0,0.0,0,3,13.340311
304396.0,7.0,0,14,1,2,26.0,2,1,5.0,0.0,6.0,0,3,13.340311
304397.0,4.0,0,15,2,2,26.0,2,1,6.0,0.0,9.0,0,5,12.136514
304398.0,2.0,1,13,1,2,26.0,2,1,3.0,0.0,1.0,1,1,11.017825
304400.0,3.0,1,13,2,2,26.0,2,1,3.0,2.0,2.0,0,3,11.440903
304401.0,2.0,1,17,1,2,26.0,2,1,5.0,2.0,0.0,0,1,11.248452
304401.0,3.0,0,15,2,2,26.0,2,1,5.0,2.0,8.0,0,1,11.248452
304401.0,4.0,1,14,2,2,26.0,2,1,3.0,1.0,0.0,0,1,11.248452
304401.0,8.0,1,17,1,2,26.0,2,1,3.0,4.0,0.0,0,1,11.248452
304404.0,3.0,1,12,2,2,26.0,2,1,3.0,4.0,4.0,0,3,11.332015
304410.0,2.0,0,16,2,2,26.0,2,1,5.0,1.0,7.0,0,3,10.66104
304411.0,4.0,0,17,1,2,26.0,2,1,5.0,0.0,6.0,0,2,12.944721
304413.0,4.0,0,15,2,2,26.0,1,1,6.0,0.0,9.0,0,4,13.131286
304413.0,5.0,0,12,1,2,26.0,1,1,5.0,0.0,6.0,0,4,13.131286
304419.0,5.0,0,17,1,2,26.0,1,1,5.0,2.0,8.0,0,2,12.7852
304420.0,3.0,0,17,2,2,26.0,1,1,5.0,1.0,7.0,0,4,11.81033
304421.0,2.0,1,12,2,2,26.0,1,1,3.0,4.0,4.0,0,2,10.790885
304425.0,3.0,1,13,2,2,26.0,2,1,3.0,4.0,4.0,0,1,11.22499
304428.0,2.0,1,12,1,2,26.0,2,1,3.0,1.0,1.0,1,2,10.659046
304429.0,2.0,1,12,2,2,26.0,2,1,3.0,4.0,4.0,0,2,11.099695
304430.0,3.0,1,12,1,2,26.0,2,1,3.0,3.0,3.0,0,4,11.192045
304432.0,3.0,0,17,1,2,26.0,2,1,6.0,0.0,9.0,0,3,12.622086
304432.0,4.0,0,15,2,2,26.0,2,1,6.0,0.0,9.0,0,3,12.622086
304432.0,5.0,0,12,1,2,26.0,2,1,5.0,0.0,6.0,0,3,12.622086
304435.0,3.0,0,16,1,2,26.0,2,1,5.0,1.0,7.0,0,4,12.975917
304435.0,4.0,1,14,1,2,26.0,2,1,3.0,5.0,5.0,0,4,12.975917
304435.0,5.0,1,12,2,2,26.0,2,1,3.0,3.0,3.0,0,4,12.975917
304438.0,4.0,0,16,1,2,26.0,2,1,5.0,0.0,6.0,0,2,12.627923
304438.0,5.0,0,14,2,2,26.0,2,1,5.0,2.0,8.0,0,2,12.627923
304440.0,2.0,1,12,2,2,26.0,2,1,3.0,1.0,0.0,0,2,10.512601
304442.0,2.0,1,15,1,2,26.0,2,1,3.0,2.0,3.0,1,3,11.065872
304447.0,4.0,1,17,1,2,26.0,2,1,4.0,0.0,,0,3,13.16554
304453.0,3.0,1,13,2,2,26.0,2,1,3.0,3.0,4.0,1,1,11.476531
304457.0,4.0,1,16,1,2,26.0,2,1,3.0,2.0,0.0,0,3,10.473789
304457.0,5.0,1,13,1,2,26.0,2,1,3.0,3.0,3.0,0,3,10.473789
304460.0,3.0,1,12,1,2,26.0,1,1,3.0,2.0,2.0,0,4,11.161252
304461.0,3.0,0,17,1,2,26.0,1,1,5.0,0.0,7.0,1,4,11.56301
304461.0,4.0,1,13,1,2,26.0,1,1,3.0,2.0,2.0,0,4,11.56301
304463.0,2.0,0,15,2,2,26.0,1,1,5.0,1.0,7.0,0,5,11.23104
304464.0,3.0,1,13,1,2,26.0,1,1,3.0,5.0,6.0,1,5,11.594975
304466.0,2.0,0,15,1,2,26.0,1,1,5.0,1.0,7.0,0,3,13.278368
304466.0,8.0,0,15,1,2,26.0,1,1,5.0,2.0,8.0,0,3,13.278368
304470.0,3.0,1,12,1,2,26.0,2,1,3.0,2.0,3.0,1,5,11.669296
304471.0,5.0,1,17,2,2,26.0,2,1,3.0,6.0,0.0,0,3,10.442201
304471.0,6.0,1,16,1,2,26.0,2,1,3.0,4.0,0.0,0,3,10.442201
304474.0,3.0,0,14,2,2,26.0,2,1,5.0,1.0,7.0,0,3,11.203148
304475.0,3.0,1,17,2,2,26.0,2,1,3.0,5.0,6.0,0,4,12.344751
304475.0,4.0,1,12,2,2,26.0,2,1,3.0,4.0,4.0,0,4,12.344751
304475.0,7.0,1,13,1,2,26.0,2,1,3.0,1.0,2.0,1,4,12.344751
304475.0,8.0,1,13,1,2,26.0,2,1,3.0,5.0,5.0,0,4,12.344751
304477.0,3.0,0,15,2,2,26.0,2,1,5.0,0.0,6.0,0,4,10.786449
304478.0,2.0,1,16,1,2,26.0,2,1,3.0,5.0,5.0,0,1,11.151253
304478.0,3.0,1,12,2,2,26.0,2,1,3.0,0.0,0.0,0,1,11.151253
304479.0,6.0,0,17,2,2,26.0,2,1,6.0,1.0,10.0,0,5,14.138605
304479.0,7.0,1,15,1,2,26.0,2,1,3.0,5.0,5.0,0,5,14.138605
304480.0,2.0,1,17,2,2,26.0,2,1,3.0,5.0,5.0,0,3,10.540752
304481.0,3.0,1,12,2,2,26.0,2,1,3.0,3.0,4.0,1,3,11.297887
304486.0,3.0,0,16,2,2,26.0,2,1,5.0,2.0,8.0,0,4,10.982934
304487.0,3.0,0,17,2,2,26.0,2,1,6.0,0.0,9.0,0,4,12.914948
304488.0,3.0,1,13,2,2,26.0,2,1,3.0,2.0,2.0,0,4,11.182697
304488.0,4.0,1,17,1,2,26.0,2,1,3.0,2.0,0.0,0,4,11.182697
304491.0,3.0,0,13,2,2,26.0,2,1,5.0,1.0,7.0,0,4,11.954472
304493.0,3.0,0,16,1,2,26.0,2,1,5.0,0.0,6.0,0,1,11.980557
304495.0,3.0,1,13,2,2,26.0,2,1,3.0,2.0,2.0,0,2,10.969077
304504.0,3.0,1,14,1,2,26.0,2,1,3.0,5.0,5.0,0,4,11.453716
304506.0,4.0,1,13,1,2,26.0,2,1,3.0,2.0,2.0,0,2,11.061171
304507.0,4.0,1,14,1,2,26.0,2,1,3.0,3.0,4.0,1,1,10.501115
304509.0,4.0,0,17,1,2,26.0,2,1,5.0,0.0,6.0,0,3,11.58744
304509.0,5.0,1,13,2,2,26.0,2,1,3.0,4.0,4.0,0,3,11.58744
304510.0,2.0,1,17,1,2,26.0,2,1,3.0,4.0,5.0,1,1,11.174665
304510.0,3.0,1,15,1,2,26.0,2,1,3.0,2.0,3.0,1,1,11.174665
304511.0,3.0,1,12,2,2,26.0,2,1,3.0,2.0,3.0,1,1,11.064307
304513.0,3.0,1,14,2,2,26.0,2,1,3.0,5.0,5.0,0,4,11.455836
304513.0,4.0,1,12,1,2,26.0,2,1,3.0,2.0,2.0,0,4,11.455836
304514.0,2.0,1,14,1,2,26.0,2,1,3.0,3.0,4.0,0,1,11.582694
304514.0,3.0,1,13,2,2,26.0,2,1,3.0,4.0,4.0,0,1,11.582694
304517.0,3.0,0,16,2,2,26.0,2,1,6.0,1.0,10.0,0,2,12.500089
304520.0,3.0,1,15,1,2,26.0,2,1,3.0,4.0,4.0,0,2,7.6014023
304522.0,3.0,0,15,1,2,26.0,1,1,5.0,2.0,8.0,0,4,10.81096
304524.0,3.0,1,13,1,2,26.0,1,1,3.0,5.0,5.0,0,4,11.724611
304529.0,3.0,0,17,1,2,26.0,1,1,5.0,1.0,7.0,0,1,12.297607
304529.0,4.0,0,15,2,2,26.0,1,1,5.0,2.0,8.0,0,1,12.297607
304529.0,5.0,1,12,1,2,26.0,1,1,3.0,5.0,5.0,0,1,12.297607
304531.0,4.0,1,15,2,2,26.0,2,1,3.0,2.0,3.0,0,5,8.517393
304532.0,6.0,0,16,2,2,26.0,2,1,5.0,2.0,8.0,0,2,11.419834
304534.0,3.0,1,12,1,2,26.0,2,1,3.0,4.0,4.0,0,2,11.448398
304537.0,4.0,0,17,1,2,26.0,2,1,5.0,1.0,7.0,0,1,11.09226
304538.0,4.0,1,14,2,2,26.0,2,1,3.0,4.0,5.0,1,5,12.80923
304541.0,3.0,0,16,2,2,26.0,2,1,6.0,0.0,9.0,0,2,12.656275
304541.0,4.0,1,13,2,2,26.0,2,1,3.0,5.0,5.0,0,2,12.656275
304543.0,2.0,0,15,2,2,26.0,2,1,5.0,0.0,6.0,0,4,11.354058
304551.0,3.0,1,12,2,2,26.0,2,1,3.0,3.0,3.0,0,3,11.289169
304556.0,3.0,0,15,2,2,26.0,2,1,5.0,2.0,8.0,0,4,11.545741
304556.0,4.0,1,12,1,2,26.0,2,1,3.0,5.0,5.0,0,4,11.545741
304560.0,3.0,1,15,2,2,26.0,2,1,3.0,5.0,5.0,0,4,12.028296
304562.0,5.0,0,15,2,2,26.0,2,1,5.0,1.0,7.0,0,4,13.751677
304566.0,3.0,0,17,1,2,26.0,2,1,5.0,0.0,6.0,0,2,12.007262
304566.0,4.0,1,16,1,2,26.0,2,1,3.0,5.0,5.0,0,2,12.007262
304569.0,2.0,1,16,2,2,26.0,2,1,3.0,5.0,5.0,0,4,10.681114
304570.0,5.0,1,16,1,2,26.0,2,1,3.0,5.0,5.0,0,4,13.273987
304573.0,3.0,0,17,1,2,26.0,2,1,5.0,2.0,8.0,0,3,11.816882
304573.0,4.0,0,15,1,2,26.0,2,1,5.0,1.0,7.0,0,3,11.816882
304574.0,2.0,1,14,2,2,26.0,2,1,3.0,5.0,5.0,0,4,11.687727
304574.0,5.0,1,12,1,2,26.0,2,1,3.0,3.0,3.0,0,4,11.687727
304576.0,5.0,0,16,2,2,26.0,2,1,5.0,2.0,8.0,0,3,12.486186
304576.0,6.0,1,14,1,2,26.0,2,1,3.0,3.0,3.0,0,3,12.486186
304580.0,2.0,1,17,1,2,26.0,2,1,3.0,4.0,5.0,0,4,0.0
304585.0,3.0,0,16,1,2,26.0,2,1,6.0,0.0,9.0,0,5,12.905788
304585.0,4.0,1,12,1,2,26.0,2,1,3.0,4.0,4.0,0,5,12.905788
304585.0,6.0,1,17,1,2,26.0,2,1,3.0,3.0,0.0,0,5,12.905788
304586.0,3.0,1,14,2,2,26.0,2,1,3.0,5.0,5.0,0,5,12.669967
304586.0,4.0,1,12,2,2,26.0,2,1,3.0,4.0,4.0,0,5,12.669967
304592.0,3.0,1,13,2,2,26.0,2,1,3.0,4.0,4.0,0,4,10.786759
304593.0,2.0,1,13,2,2,26.0,2,1,3.0,2.0,2.0,0,2,11.406742
304593.0,6.0,1,13,1,2,26.0,2,1,3.0,2.0,2.0,0,2,11.406742
304594.0,3.0,1,16,1,2,26.0,2,1,3.0,2.0,3.0,1,2,11.03893
304595.0,3.0,1,13,2,2,26.0,2,1,3.0,5.0,5.0,0,2,11.411457
304596.0,3.0,1,12,2,2,26.0,2,1,3.0,3.0,3.0,0,4,11.425743
304597.0,4.0,0,16,1,2,26.0,2,1,5.0,1.0,7.0,0,4,11.641503
304598.0,3.0,0,17,2,2,26.0,2,1,5.0,2.0,8.0,0,3,11.647116
304598.0,4.0,1,16,2,2,26.0,2,1,3.0,4.0,0.0,0,3,11.647116
304602.0,4.0,1,15,2,2,26.0,2,1,3.0,5.0,5.0,0,3,11.09515
304602.0,5.0,1,12,1,2,26.0,2,1,3.0,1.0,2.0,1,3,11.09515
304603.0,3.0,1,16,2,2,26.0,2,1,3.0,6.0,0.0,0,4,11.977263
304603.0,4.0,0,14,2,2,26.0,2,1,5.0,1.0,7.0,0,4,11.977263
304603.0,6.0,0,14,2,2,26.0,2,1,5.0,1.0,7.0,0,4,11.977263
304605.0,3.0,1,14,2,2,26.0,2,1,3.0,5.0,5.0,0,1,11.177466
304609.0,4.0,1,15,1,2,26.0,2,1,3.0,4.0,4.0,0,4,11.942179
304614.0,3.0,1,16,2,2,26.0,2,1,3.0,5.0,0.0,0,2,11.53797
304614.0,4.0,1,16,2,2,26.0,2,1,3.0,4.0,0.0,0,2,11.53797
304615.0,3.0,1,12,1,2,26.0,2,1,3.0,4.0,4.0,0,1,11.593823
304615.0,4.0,1,12,2,2,26.0,2,1,3.0,4.0,4.0,0,1,11.593823
304616.0,4.0,1,15,1,2,26.0,2,1,3.0,3.0,0.0,0,2,11.23916
304617.0,3.0,1,17,1,2,26.0,2,1,3.0,4.0,0.0,0,1,10.465272
304617.0,4.0,1,15,2,2,26.0,2,1,3.0,2.0,3.0,0,1,10.465272
304619.0,3.0,1,16,1,2,26.0,2,1,5.0,1.0,8.0,0,2,11.110372
304619.0,4.0,1,12,1,2,26.0,2,1,3.0,1.0,0.0,0,2,11.110372
304621.0,4.0,1,17,1,2,26.0,2,1,3.0,3.0,3.0,0,4,11.620218
304627.0,3.0,1,12,2,2,26.0,2,1,3.0,3.0,4.0,1,4,11.596586
304628.0,2.0,0,16,1,2,26.0,2,1,5.0,0.0,6.0,0,4,10.704615
304629.0,5.0,0,17,2,2,26.0,2,1,5.0,2.0,8.0,0,3,11.705494
304632.0,2.0,1,12,1,2,26.0,2,1,3.0,1.0,1.0,0,2,10.183994
304635.0,4.0,0,14,1,2,26.0,2,1,5.0,0.0,7.0,1,3,11.621968
304639.0,4.0,0,16,1,2,26.0,2,1,5.0,1.0,7.0,0,1,12.040437
304639.0,5.0,0,15,2,2,26.0,2,1,5.0,0.0,7.0,1,1,12.040437
304640.0,3.0,1,13,1,2,26.0,2,1,3.0,2.0,2.0,0,3,10.67304
304641.0,5.0,1,17,1,2,26.0,2,1,3.0,6.0,0.0,0,2,0.0
304643.0,3.0,1,16,1,2,26.0,2,1,3.0,6.0,6.0,0,4,11.224923
304645.0,4.0,1,16,2,2,26.0,2,1,5.0,0.0,7.0,0,5,10.697859
304645.0,5.0,0,14,2,2,26.0,2,1,5.0,0.0,7.0,1,5,10.697859
304646.0,4.0,0,16,2,2,26.0,2,1,5.0,1.0,7.0,0,3,13.367418
304647.0,4.0,1,17,1,2,26.0,2,1,3.0,5.0,5.0,0,4,11.735356
304651.0,3.0,0,14,1,2,26.0,2,1,5.0,0.0,6.0,0,5,12.247987
304651.0,4.0,1,15,1,2,26.0,2,1,3.0,6.0,0.0,0,5,12.247987
304654.0,6.0,0,16,2,2,26.0,2,1,5.0,2.0,8.0,0,3,11.91753
304655.0,4.0,0,15,2,2,26.0,2,1,5.0,2.0,8.0,0,4,13.115532
304664.0,4.0,0,17,1,2,26.0,2,1,5.0,1.0,7.0,0,3,10.938823
304668.0,3.0,1,16,1,2,26.0,2,1,3.0,4.0,0.0,0,2,11.585488
304668.0,4.0,1,16,2,2,26.0,2,1,3.0,4.0,4.0,0,2,11.585488
304670.0,4.0,1,17,1,2,26.0,2,1,3.0,4.0,5.0,0,3,11.85801
304670.0,5.0,1,15,1,2,26.0,2,1,3.0,3.0,4.0,0,3,11.85801
304674.0,5.0,1,14,2,2,26.0,2,1,3.0,0.0,1.0,1,3,11.31996
304674.0,6.0,1,14,2,2,26.0,2,1,3.0,2.0,3.0,1,3,11.31996
304677.0,3.0,1,16,1,2,26.0,2,1,3.0,3.0,0.0,0,5,0.0
304681.0,5.0,0,15,2,2,26.0,2,1,5.0,2.0,8.0,0,2,11.62925
304683.0,2.0,1,15,1,2,26.0,1,1,3.0,4.0,4.0,0,3,10.531456
304685.0,3.0,1,12,2,2,26.0,1,1,3.0,4.0,4.0,0,5,10.753125
304689.0,4.0,0,14,2,2,26.0,1,1,5.0,0.0,6.0,0,2,10.208064
304699.0,3.0,1,17,1,2,26.0,2,1,3.0,6.0,0.0,0,4,10.759519
304699.0,4.0,1,12,1,2,26.0,2,1,3.0,4.0,4.0,0,4,10.759519
304701.0,2.0,0,13,1,2,26.0,1,1,5.0,0.0,6.0,0,4,11.763186
304702.0,4.0,0,17,2,2,26.0,1,1,5.0,1.0,7.0,0,5,12.051119
304703.0,2.0,1,12,1,2,26.0,1,1,3.0,4.0,4.0,0,5,12.04356
304705.0,5.0,0,14,2,2,26.0,1,1,5.0,0.0,6.0,0,3,12.135629
304707.0,2.0,0,17,2,2,26.0,1,1,5.0,2.0,8.0,0,5,11.275442
304708.0,3.0,1,15,1,2,26.0,1,1,3.0,5.0,5.0,0,4,11.446262
304709.0,6.0,1,12,1,2,26.0,1,1,3.0,4.0,4.0,0,4,13.440811
304715.0,3.0,1,13,2,2,26.0,2,1,3.0,1.0,2.0,1,4,11.335006
304717.0,4.0,1,17,1,2,26.0,2,1,3.0,6.0,0.0,0,4,10.826277
304718.0,3.0,1,13,2,2,26.0,2,1,3.0,3.0,4.0,1,3,11.102715
304719.0,3.0,1,16,1,2,26.0,2,1,3.0,0.0,0.0,0,4,11.389186
304726.0,4.0,1,16,1,2,26.0,2,1,3.0,5.0,5.0,0,2,11.645059
304726.0,5.0,1,14,2,2,26.0,2,1,3.0,5.0,5.0,0,2,11.645059
304728.0,3.0,1,12,2,2,26.0,2,1,3.0,2.0,2.0,0,2,11.213859
304729.0,2.0,1,12,2,2,26.0,2,1,3.0,2.0,2.0,0,4,11.492733
304731.0,4.0,1,15,2,2,26.0,2,1,3.0,4.0,5.0,1,3,11.103242
304733.0,3.0,0,14,2,2,26.0,2,1,5.0,0.0,6.0,0,3,12.01134
304734.0,3.0,0,13,2,2,26.0,2,1,5.0,0.0,6.0,0,2,11.438159
304735.0,8.0,0,17,2,2,26.0,2,1,5.0,2.0,8.0,0,4,12.998207
304735.0,9.0,1,12,1,2,26.0,2,1,3.0,4.0,4.0,0,4,12.998207
304736.0,5.0,0,15,1,2,26.0,2,1,5.0,0.0,6.0,0,5,11.907235
304737.0,3.0,1,13,2,2,26.0,2,1,3.0,5.0,5.0,0,4,11.576379
304737.0,4.0,1,12,2,2,26.0,2,1,3.0,3.0,3.0,0,4,11.576379
304740.0,4.0,1,17,1,2,26.0,2,1,5.0,2.0,8.0,0,4,11.396964
304740.0,5.0,1,14,2,2,26.0,2,1,3.0,4.0,4.0,0,4,11.396964
304740.0,6.0,1,13,1,2,26.0,2,1,3.0,4.0,5.0,1,4,11.396964
304741.0,3.0,1,13,1,2,26.0,2,1,3.0,4.0,4.0,0,2,11.354527
304746.0,2.0,1,15,1,2,26.0,2,1,3.0,2.0,2.0,0,4,10.490607
304747.0,5.0,0,16,2,2,26.0,2,1,5.0,0.0,6.0,0,5,13.741386
304747.0,6.0,1,12,1,2,26.0,2,1,3.0,3.0,3.0,0,5,13.741386
304748.0,3.0,1,15,1,2,26.0,2,1,3.0,2.0,2.0,0,4,11.384535
304749.0,5.0,1,15,2,2,26.0,2,1,3.0,5.0,5.0,0,5,11.041738
304754.0,3.0,1,15,2,2,26.0,2,1,3.0,4.0,4.0,0,3,12.114785
304754.0,4.0,1,12,2,2,26.0,2,1,3.0,2.0,2.0,0,3,12.114785
304756.0,3.0,0,15,2,2,26.0,2,1,5.0,0.0,6.0,0,4,12.013312
304758.0,3.0,1,16,1,2,26.0,2,1,3.0,4.0,4.0,0,3,11.141876
304759.0,3.0,1,13,2,2,26.0,2,1,3.0,2.0,2.0,0,4,12.387398
304761.0,2.0,1,14,1,2,26.0,2,1,3.0,5.0,5.0,0,2,11.323591
304762.0,5.0,1,14,2,2,26.0,2,1,3.0,3.0,3.0,0,3,12.107059
304762.0,7.0,1,15,2,2,26.0,2,1,3.0,4.0,4.0,0,3,12.107059
304763.0,3.0,1,14,1,2,26.0,2,1,3.0,4.0,4.0,0,3,11.44733
304769.0,2.0,1,17,2,2,26.0,2,1,5.0,0.0,0.0,0,4,10.501664
304769.0,3.0,1,14,1,2,26.0,2,1,3.0,4.0,4.0,0,4,10.501664
304778.0,2.0,0,16,2,2,26.0,2,1,5.0,0.0,6.0,0,5,12.422417
304778.0,4.0,0,15,1,2,26.0,2,1,5.0,1.0,7.0,0,5,12.422417
304778.0,5.0,0,14,1,2,26.0,2,1,5.0,0.0,6.0,0,5,12.422417
304779.0,3.0,1,14,1,2,26.0,2,1,3.0,5.0,5.0,0,4,11.213859
304779.0,4.0,1,12,2,2,26.0,2,1,3.0,3.0,3.0,0,4,11.213859
304781.0,4.0,0,16,2,2,26.0,2,1,6.0,1.0,10.0,0,5,13.814306
304781.0,5.0,0,13,2,2,26.0,2,1,5.0,1.0,7.0,0,5,13.814306
304785.0,4.0,1,15,2,2,26.0,1,1,3.0,4.0,4.0,0,4,11.958419
304785.0,5.0,1,13,1,2,26.0,1,1,3.0,4.0,4.0,0,4,11.958419
304794.0,3.0,1,14,2,2,26.0,2,1,3.0,4.0,4.0,0,4,11.275315
304795.0,4.0,0,14,2,2,26.0,2,1,5.0,1.0,7.0,0,5,14.282061
304796.0,7.0,0,15,2,2,26.0,2,1,5.0,1.0,7.0,0,3,11.066029
304798.0,4.0,1,14,2,2,26.0,2,1,3.0,4.0,4.0,0,4,10.618299
304805.0,2.0,1,14,1,2,26.0,2,1,3.0,3.0,,1,2,11.027621
304805.0,3.0,1,12,2,2,26.0,2,1,3.0,2.0,,0,2,11.027621
304806.0,2.0,1,16,1,2,26.0,2,1,3.0,4.0,,0,5,0.0
304808.0,3.0,1,16,1,2,26.0,2,1,3.0,5.0,,0,3,11.782464
304810.0,2.0,1,13,1,2,26.0,2,1,3.0,1.0,,0,3,7.6014023
304814.0,3.0,1,15,2,2,26.0,2,1,3.0,6.0,,0,5,13.486279
304815.0,4.0,1,17,2,2,26.0,2,1,3.0,4.0,,0,2,11.108725
304815.0,5.0,1,14,2,2,26.0,2,1,3.0,3.0,,0,2,11.108725
304817.0,3.0,1,14,2,2,26.0,2,1,3.0,5.0,,0,3,11.9616165
304820.0,3.0,0,15,1,2,26.0,2,1,6.0,1.0,,0,4,11.460168
304822.0,3.0,0,17,2,2,26.0,2,1,6.0,1.0,,0,4,13.514103
304822.0,4.0,1,16,1,2,26.0,2,1,3.0,3.0,,0,4,13.514103
304824.0,2.0,0,16,2,2,26.0,2,1,5.0,2.0,,0,4,11.252353
304828.0,3.0,0,12,2,2,26.0,2,1,5.0,0.0,,0,5,12.23362
304828.0,8.0,1,15,1,2,26.0,2,1,3.0,3.0,,1,5,12.23362
304830.0,2.0,1,13,1,2,26.0,2,1,3.0,1.0,,0,2,11.121378
304834.0,4.0,0,17,1,2,26.0,2,1,5.0,1.0,,0,4,12.123892
304835.0,3.0,0,12,1,2,26.0,2,1,5.0,0.0,,0,4,11.510282
304838.0,2.0,1,16,1,2,26.0,2,1,3.0,1.0,,0,2,10.308152
304839.0,3.0,1,12,2,2,26.0,2,1,3.0,1.0,,1,4,11.2574005
304840.0,3.0,1,12,1,2,26.0,2,1,3.0,3.0,,1,3,11.267677
304842.0,3.0,1,12,1,2,26.0,2,1,3.0,2.0,,0,1,11.232563
304844.0,3.0,0,16,2,2,26.0,2,1,5.0,1.0,,0,2,9.539716
304844.0,4.0,1,13,1,2,26.0,2,1,3.0,0.0,,0,2,9.539716
304845.0,3.0,1,12,1,2,26.0,2,1,3.0,5.0,,0,5,12.775005
304846.0,3.0,0,14,2,2,26.0,2,1,5.0,1.0,,0,5,13.93377
304848.0,2.0,0,14,2,2,26.0,2,1,5.0,1.0,,0,4,11.076914
304849.0,4.0,0,16,2,2,26.0,2,1,5.0,1.0,,0,3,11.486181
304850.0,4.0,1,15,1,2,26.0,2,1,3.0,2.0,,0,1,11.2378435
304850.0,5.0,1,13,1,2,26.0,2,1,3.0,4.0,,1,1,11.2378435
304850.0,6.0,1,13,2,2,26.0,2,1,3.0,3.0,,0,1,11.2378435
304852.0,7.0,1,15,1,2,26.0,2,1,3.0,1.0,,0,1,11.372812
304852.0,8.0,1,13,2,2,26.0,2,1,3.0,1.0,,0,1,11.372812
304855.0,2.0,1,13,2,2,27.0,1,1,3.0,3.0,4.0,1,4,11.224923
304856.0,3.0,0,16,1,2,27.0,1,1,5.0,3.0,9.0,0,4,12.256224
304856.0,4.0,1,12,1,2,27.0,1,1,3.0,6.0,6.0,0,4,12.256224
304857.0,3.0,1,12,2,2,27.0,1,1,3.0,4.0,5.0,1,4,11.772601
304859.0,5.0,0,17,2,2,27.0,1,1,6.0,2.0,11.0,0,5,13.564766
304859.0,6.0,0,15,1,2,27.0,1,1,5.0,2.0,8.0,0,5,13.564766
304860.0,3.0,0,14,2,2,27.0,1,1,5.0,0.0,6.0,0,5,13.270544
304861.0,6.0,1,16,2,2,27.0,1,1,5.0,1.0,0.0,0,5,14.59208
304862.0,6.0,0,13,1,2,27.0,1,1,5.0,0.0,6.0,0,4,12.815066
304862.0,7.0,0,14,2,2,27.0,1,1,5.0,1.0,7.0,0,4,12.815066
304865.0,5.0,1,16,1,2,27.0,1,1,3.0,3.0,0.0,0,4,10.418584
304866.0,5.0,0,14,2,2,27.0,1,1,5.0,2.0,8.0,0,5,14.175784
304867.0,2.0,1,14,1,2,27.0,1,1,5.0,0.0,6.0,0,5,12.784885
304868.0,3.0,0,12,2,2,27.0,1,1,5.0,0.0,6.0,0,4,12.358089
304873.0,4.0,0,17,2,2,27.0,2,1,6.0,2.0,11.0,0,5,14.404408
304873.0,5.0,1,13,2,2,27.0,2,1,5.0,0.0,6.0,0,5,14.404408
304884.0,4.0,0,14,2,2,27.0,2,1,5.0,1.0,7.0,0,3,11.306651
304885.0,4.0,1,15,2,2,27.0,2,1,3.0,6.0,6.0,0,3,11.193422
304889.0,5.0,1,16,1,2,27.0,2,1,3.0,4.0,0.0,0,1,11.66767
304889.0,6.0,1,13,1,2,27.0,2,1,3.0,4.0,5.0,1,1,11.66767
304891.0,3.0,1,13,1,2,27.0,2,1,3.0,5.0,5.0,0,4,11.315096
304893.0,3.0,1,17,2,2,27.0,2,1,3.0,5.0,0.0,0,1,8.853808
304893.0,4.0,0,16,2,2,27.0,2,1,5.0,0.0,6.0,0,1,8.853808
304894.0,3.0,0,16,1,2,27.0,2,1,5.0,1.0,8.0,1,2,11.512686
304894.0,4.0,1,14,1,2,27.0,2,1,3.0,5.0,5.0,0,2,11.512686
304895.0,3.0,1,12,1,2,27.0,2,1,3.0,5.0,5.0,0,2,11.671859
304896.0,2.0,1,14,2,2,27.0,2,1,3.0,1.0,0.0,0,4,0.0
304897.0,3.0,1,16,2,2,27.0,2,1,3.0,5.0,0.0,0,1,10.394396
304901.0,2.0,1,12,2,2,27.0,2,1,3.0,3.0,3.0,0,1,10.555187
304902.0,4.0,1,13,2,2,27.0,2,1,3.0,3.0,3.0,0,2,10.682261
304906.0,3.0,1,13,2,2,27.0,2,1,3.0,5.0,5.0,0,2,11.460326
304908.0,4.0,0,16,2,2,27.0,1,1,6.0,1.0,10.0,0,5,14.107808
304908.0,5.0,0,12,2,2,27.0,1,1,5.0,0.0,6.0,0,5,14.107808
304909.0,3.0,1,12,1,2,27.0,1,1,3.0,5.0,5.0,0,5,14.629105
304909.0,6.0,1,17,2,2,27.0,1,1,5.0,3.0,0.0,0,5,14.629105
304910.0,2.0,0,14,2,2,27.0,1,1,5.0,2.0,8.0,0,3,13.106713
304918.0,4.0,0,15,1,2,27.0,2,1,5.0,2.0,8.0,0,5,12.810378
304920.0,3.0,1,13,2,2,27.0,2,1,3.0,4.0,4.0,0,5,11.244406
304921.0,3.0,1,13,2,2,27.0,2,1,3.0,4.0,4.0,0,4,11.4180765
304922.0,4.0,0,15,2,2,27.0,2,1,5.0,1.0,7.0,0,2,9.952325
304923.0,3.0,1,13,2,2,27.0,2,1,3.0,4.0,5.0,0,4,11.31996
304925.0,4.0,1,14,1,2,27.0,2,1,3.0,3.0,4.0,1,1,10.4275055
304927.0,3.0,0,13,1,2,27.0,1,1,5.0,1.0,7.0,0,4,12.914788
304928.0,2.0,0,14,1,2,27.0,1,1,5.0,1.0,7.0,0,5,11.5641985
304932.0,3.0,1,12,2,2,27.0,1,1,3.0,5.0,5.0,0,5,9.546884
304933.0,6.0,0,17,1,2,27.0,1,1,6.0,1.0,10.0,0,5,13.79414
304933.0,7.0,0,15,1,2,27.0,1,1,5.0,0.0,7.0,1,5,13.79414
304937.0,3.0,1,16,2,2,27.0,2,1,5.0,0.0,6.0,0,2,11.797548
304941.0,3.0,0,16,1,2,27.0,2,1,6.0,0.0,9.0,0,4,12.009668
304941.0,4.0,1,15,1,2,27.0,2,1,3.0,6.0,0.0,0,4,12.009668
304943.0,2.0,1,12,1,2,27.0,2,1,3.0,3.0,4.0,1,3,10.462418
304944.0,5.0,1,15,1,2,27.0,2,1,3.0,3.0,3.0,0,3,11.755369
304946.0,5.0,0,16,2,2,27.0,2,1,6.0,0.0,10.0,1,4,12.111547
304947.0,4.0,1,17,2,2,27.0,2,1,3.0,6.0,0.0,0,2,10.460271
304947.0,5.0,1,15,2,2,27.0,2,1,3.0,6.0,0.0,0,2,10.460271
304948.0,2.0,1,13,2,2,27.0,2,1,3.0,3.0,3.0,0,3,10.9707985
304950.0,3.0,1,12,1,2,27.0,2,1,3.0,4.0,4.0,0,3,11.183741
304952.0,4.0,1,17,1,2,27.0,2,1,3.0,5.0,0.0,0,2,11.168334
304952.0,5.0,1,14,2,2,27.0,2,1,3.0,4.0,4.0,0,2,11.168334
304953.0,4.0,0,17,2,2,27.0,2,1,6.0,0.0,9.0,0,4,12.375229
304955.0,5.0,0,17,2,2,27.0,2,1,6.0,2.0,11.0,0,5,14.187967
304955.0,6.0,0,12,1,2,27.0,2,1,5.0,1.0,7.0,0,5,14.187967
304957.0,5.0,0,13,2,2,27.0,2,1,5.0,0.0,6.0,0,2,11.0085125
304958.0,6.0,0,17,2,2,27.0,2,1,6.0,1.0,10.0,0,5,14.040418
304959.0,4.0,0,17,1,2,27.0,2,1,6.0,1.0,10.0,0,5,13.132157
304960.0,3.0,1,15,2,2,27.0,2,1,3.0,6.0,6.0,0,3,10.632871
304961.0,7.0,0,17,2,2,27.0,2,1,5.0,2.0,8.0,0,5,12.254082
304971.0,3.0,1,14,2,2,27.0,2,1,3.0,6.0,0.0,0,3,11.031674
304971.0,4.0,1,12,2,2,27.0,2,1,3.0,3.0,3.0,0,3,11.031674
304975.0,4.0,0,16,2,2,27.0,2,1,5.0,1.0,7.0,0,3,12.324726
304975.0,5.0,0,14,2,2,27.0,2,1,5.0,1.0,7.0,0,3,12.324726
304979.0,4.0,0,16,2,2,27.0,2,1,5.0,1.0,8.0,1,3,12.1018
304980.0,4.0,1,17,1,2,27.0,2,1,3.0,4.0,0.0,0,3,10.819298
304980.0,5.0,1,14,1,2,27.0,2,1,3.0,4.0,5.0,1,3,10.819298
304984.0,3.0,1,16,2,2,27.0,2,1,3.0,5.0,5.0,0,2,11.065872
304984.0,4.0,1,14,2,2,27.0,2,1,3.0,5.0,5.0,0,2,11.065872
304987.0,2.0,0,14,2,2,27.0,2,1,5.0,1.0,8.0,1,5,11.770362
304995.0,3.0,1,12,2,2,27.0,2,1,3.0,3.0,4.0,1,2,10.799086
304996.0,3.0,1,14,1,2,27.0,2,1,3.0,4.0,5.0,1,4,11.404237
304996.0,4.0,1,16,2,2,27.0,2,1,3.0,5.0,5.0,0,4,11.404237
304997.0,2.0,1,12,2,2,27.0,2,1,3.0,5.0,5.0,0,5,10.584082
304998.0,3.0,0,16,1,2,27.0,2,1,5.0,2.0,8.0,0,4,11.040295
305000.0,3.0,1,15,2,2,27.0,2,1,3.0,5.0,5.0,0,2,11.528563
305001.0,4.0,1,12,2,2,27.0,2,1,3.0,3.0,3.0,0,4,12.922231
305003.0,4.0,1,15,1,2,27.0,2,1,3.0,4.0,4.0,0,3,10.403535
305003.0,5.0,1,12,2,2,27.0,2,1,3.0,4.0,4.0,0,3,10.403535
305004.0,4.0,1,17,1,2,27.0,2,1,3.0,5.0,0.0,0,4,10.4245405
305005.0,5.0,1,12,1,2,27.0,2,1,3.0,3.0,3.0,0,1,10.378976
305009.0,3.0,0,17,1,2,27.0,2,1,5.0,1.0,8.0,1,3,12.204927
305009.0,4.0,0,14,1,2,27.0,2,1,5.0,0.0,6.0,0,3,12.204927
305010.0,4.0,1,17,1,2,27.0,2,1,3.0,6.0,0.0,0,1,10.291331
305014.0,6.0,1,16,1,2,27.0,2,1,3.0,6.0,0.0,0,4,10.67304
305018.0,3.0,1,13,2,2,27.0,2,1,3.0,4.0,4.0,0,2,11.282896
305020.0,6.0,1,16,2,2,27.0,2,1,3.0,6.0,0.0,0,3,14.093749
305022.0,5.0,1,16,1,2,27.0,2,1,3.0,4.0,4.0,0,2,11.277848
305023.0,4.0,0,16,2,2,27.0,2,1,5.0,1.0,8.0,1,4,12.508881
305023.0,5.0,0,14,2,2,27.0,2,1,5.0,0.0,6.0,0,4,12.508881
305026.0,2.0,1,12,1,2,27.0,1,1,3.0,1.0,2.0,1,1,11.130947
305028.0,3.0,1,12,1,2,27.0,1,1,3.0,3.0,3.0,0,1,11.054075
305043.0,4.0,1,15,1,2,27.0,2,1,3.0,3.0,4.0,0,4,13.032134
305045.0,3.0,0,16,2,2,27.0,2,1,5.0,2.0,8.0,0,4,12.425553
305045.0,4.0,1,12,1,2,27.0,2,1,3.0,3.0,3.0,0,4,12.425553
305045.0,6.0,1,12,1,2,27.0,2,1,3.0,3.0,3.0,0,4,12.425553
305047.0,3.0,0,17,1,2,27.0,2,1,5.0,0.0,7.0,1,2,11.779405
305047.0,4.0,1,14,1,2,27.0,2,1,3.0,4.0,4.0,0,2,11.779405
305048.0,2.0,0,15,2,2,27.0,2,1,5.0,0.0,6.0,0,5,13.278266
305048.0,6.0,0,17,1,2,27.0,2,1,5.0,1.0,7.0,0,5,13.278266
305049.0,4.0,0,14,2,2,27.0,2,1,5.0,0.0,6.0,0,5,11.1252165
305051.0,4.0,0,17,1,2,27.0,2,1,5.0,1.0,7.0,0,4,11.513785
305052.0,5.0,1,14,1,2,27.0,2,1,3.0,4.0,4.0,0,2,12.536728
305052.0,6.0,1,12,1,2,27.0,2,1,3.0,4.0,4.0,0,2,12.536728
305060.0,5.0,1,14,2,2,27.0,2,1,3.0,4.0,5.0,1,4,12.679807
305061.0,2.0,0,14,1,2,27.0,2,1,5.0,0.0,6.0,0,5,13.1212845
305062.0,4.0,0,17,2,2,27.0,2,1,5.0,2.0,9.0,1,3,11.651478
305066.0,4.0,1,13,2,2,27.0,2,1,3.0,3.0,3.0,0,4,10.334491
305068.0,5.0,0,16,2,2,27.0,2,1,5.0,1.0,7.0,0,3,11.972285
305069.0,4.0,0,17,1,2,27.0,2,1,5.0,2.0,8.0,0,2,11.336916
305072.0,3.0,0,14,1,2,27.0,2,1,5.0,2.0,8.0,0,4,11.677049
305073.0,3.0,1,12,2,2,27.0,2,1,3.0,2.0,3.0,1,3,11.507421
305075.0,2.0,0,17,2,2,27.0,2,1,5.0,1.0,7.0,0,3,11.132558
305078.0,3.0,1,13,2,2,27.0,2,1,3.0,5.0,5.0,0,3,11.759208
305081.0,2.0,1,12,1,2,27.0,2,1,3.0,3.0,3.0,0,3,10.490607
305082.0,3.0,1,13,1,2,27.0,2,1,3.0,4.0,5.0,1,1,13.025657
305084.0,2.0,1,12,2,2,27.0,2,1,3.0,4.0,4.0,0,4,10.531456
305090.0,3.0,1,14,2,2,27.0,1,1,3.0,4.0,4.0,0,1,11.710349
305098.0,3.0,1,14,2,2,27.0,2,1,3.0,6.0,6.0,0,4,10.858538
305104.0,3.0,0,13,2,2,27.0,2,1,5.0,0.0,6.0,0,4,11.584185
305106.0,3.0,1,17,1,2,27.0,2,1,3.0,6.0,6.0,0,1,11.141151
305106.0,4.0,1,15,2,2,27.0,2,1,3.0,4.0,4.0,0,1,11.141151
305109.0,3.0,1,12,2,2,27.0,2,1,3.0,3.0,3.0,0,2,10.948628
305113.0,6.0,0,16,2,2,27.0,2,1,5.0,1.0,7.0,0,2,11.485667
305116.0,4.0,1,15,2,2,27.0,2,1,3.0,5.0,5.0,0,2,11.528563
305118.0,3.0,1,13,2,2,27.0,2,1,3.0,5.0,5.0,0,4,11.35862
305121.0,3.0,0,17,2,2,27.0,2,1,6.0,0.0,9.0,0,4,12.717686
305121.0,4.0,0,14,2,2,27.0,2,1,5.0,0.0,6.0,0,4,12.717686
305122.0,3.0,1,13,1,2,27.0,2,1,3.0,4.0,5.0,1,3,10.682261
305123.0,3.0,1,14,1,2,27.0,2,1,3.0,5.0,5.0,0,4,10.716105
305125.0,3.0,1,15,2,2,27.0,2,1,3.0,5.0,5.0,0,2,11.950703
305125.0,4.0,1,12,2,2,27.0,2,1,3.0,4.0,4.0,0,2,11.950703
305127.0,2.0,1,13,1,2,27.0,2,1,3.0,2.0,3.0,1,4,11.332015
305139.0,3.0,1,12,2,2,27.0,1,1,3.0,4.0,5.0,1,5,12.496411
305139.0,6.0,1,16,2,2,27.0,1,1,5.0,2.0,9.0,0,5,12.496411
305141.0,4.0,1,17,2,2,27.0,1,1,3.0,3.0,3.0,0,2,10.713884
305142.0,3.0,1,16,2,2,27.0,1,1,3.0,6.0,0.0,0,3,11.361532
305142.0,4.0,1,13,2,2,27.0,1,1,3.0,4.0,4.0,0,3,11.361532
305144.0,5.0,1,15,1,2,27.0,1,1,3.0,3.0,4.0,1,2,12.380807
305144.0,6.0,1,13,2,2,27.0,1,1,3.0,4.0,4.0,0,2,12.380807
305147.0,3.0,1,16,1,2,27.0,1,1,3.0,4.0,4.0,0,2,11.389921
305147.0,4.0,1,12,2,2,27.0,1,1,3.0,2.0,2.0,0,2,11.389921
305148.0,4.0,1,16,2,2,27.0,1,1,3.0,6.0,6.0,0,4,10.772183
305148.0,5.0,1,14,1,2,27.0,1,1,3.0,4.0,5.0,1,4,10.772183
305148.0,6.0,1,13,2,2,27.0,1,1,3.0,2.0,2.0,0,4,10.772183
305155.0,2.0,0,16,1,2,27.0,2,1,5.0,0.0,7.0,1,5,11.58246
305156.0,4.0,0,15,2,2,27.0,2,1,5.0,1.0,7.0,0,2,11.578816
305156.0,5.0,1,13,2,2,27.0,2,1,3.0,3.0,3.0,0,2,11.578816
305157.0,4.0,1,17,1,2,27.0,2,1,3.0,6.0,0.0,0,2,11.048681
305158.0,4.0,0,14,1,2,27.0,2,1,5.0,0.0,6.0,0,2,11.498178
305158.0,5.0,1,12,1,2,27.0,2,1,3.0,2.0,2.0,1,2,11.498178
305159.0,4.0,0,17,2,2,27.0,2,1,6.0,0.0,9.0,0,5,12.805867
305160.0,5.0,1,16,2,2,27.0,2,1,3.0,6.0,6.0,0,4,11.805826
305161.0,3.0,1,16,1,2,27.0,2,1,3.0,3.0,3.0,0,3,11.289169
305162.0,4.0,0,17,2,2,27.0,2,1,5.0,2.0,9.0,1,5,12.030057
305162.0,5.0,0,15,2,2,27.0,2,1,5.0,0.0,6.0,0,5,12.030057
305163.0,3.0,0,16,1,2,27.0,2,1,5.0,1.0,7.0,0,1,12.113332
305163.0,4.0,1,13,2,2,27.0,2,1,3.0,0.0,1.0,1,1,12.113332
305164.0,3.0,1,13,2,2,27.0,2,1,3.0,5.0,5.0,0,1,10.755261
305166.0,3.0,1,16,2,2,27.0,2,1,5.0,2.0,0.0,0,3,10.549962
305166.0,4.0,1,13,1,2,27.0,2,1,3.0,5.0,5.0,0,3,10.549962
305175.0,3.0,1,12,1,2,27.0,2,1,3.0,5.0,5.0,0,5,11.726713
305176.0,4.0,1,13,1,2,27.0,2,1,3.0,5.0,5.0,0,4,10.51124
305177.0,3.0,1,12,2,2,27.0,2,1,3.0,2.0,2.0,0,3,10.69367
305180.0,4.0,1,15,2,2,27.0,2,1,3.0,4.0,5.0,1,3,11.611285
305182.0,3.0,0,16,1,2,27.0,2,1,5.0,2.0,8.0,0,4,11.777871
305182.0,4.0,1,12,1,2,27.0,2,1,3.0,4.0,4.0,0,4,11.777871
305184.0,2.0,1,17,2,2,27.0,2,1,3.0,5.0,0.0,0,5,10.774802
305185.0,3.0,1,13,1,2,27.0,2,1,3.0,3.0,3.0,0,3,10.544709
305187.0,3.0,1,17,1,2,27.0,2,1,3.0,6.0,0.0,0,3,11.490179
305187.0,4.0,1,15,2,2,27.0,2,1,3.0,2.0,3.0,1,3,11.490179
305187.0,5.0,1,12,2,2,27.0,2,1,3.0,2.0,2.0,0,3,11.490179
305188.0,4.0,0,16,1,2,27.0,2,1,5.0,1.0,7.0,0,3,11.040295
305188.0,5.0,1,13,2,2,27.0,2,1,3.0,4.0,4.0,0,3,11.040295
305189.0,3.0,1,13,1,2,27.0,2,1,3.0,4.0,4.0,0,3,11.61842
305201.0,5.0,1,16,1,2,27.0,2,1,3.0,1.0,0.0,0,5,12.864528
305202.0,2.0,1,13,1,2,27.0,2,1,3.0,4.0,5.0,1,5,10.830243
305203.0,3.0,0,15,2,2,27.0,2,1,5.0,1.0,7.0,0,3,12.107969
305206.0,3.0,0,16,1,2,27.0,2,1,5.0,0.0,6.0,0,4,11.473519
305209.0,5.0,1,17,1,2,27.0,2,1,3.0,5.0,0.0,0,4,11.394829
305213.0,3.0,1,17,1,2,27.0,2,1,5.0,0.0,0.0,0,3,0.0
305223.0,3.0,1,14,2,2,27.0,1,1,3.0,6.0,6.0,0,5,14.1207695
305227.0,3.0,0,14,2,2,27.0,1,1,5.0,0.0,6.0,0,5,12.991391
305229.0,3.0,1,15,2,2,27.0,1,1,3.0,5.0,5.0,1,4,10.9200945
305237.0,3.0,1,12,1,2,27.0,1,1,3.0,2.0,2.0,0,2,11.532248
305244.0,4.0,0,16,2,2,27.0,2,1,5.0,1.0,7.0,0,4,13.17727
305245.0,4.0,0,17,1,2,27.0,2,1,5.0,2.0,8.0,0,2,12.533454
305245.0,5.0,1,14,2,2,27.0,2,1,3.0,5.0,5.0,0,2,12.533454
305247.0,4.0,1,14,1,2,27.0,2,1,3.0,5.0,0.0,0,4,0.0
305250.0,6.0,1,16,2,2,27.0,2,1,3.0,5.0,5.0,1,3,11.134238
305251.0,3.0,1,17,1,2,27.0,2,1,3.0,5.0,5.0,0,4,10.476612
305254.0,6.0,1,17,2,2,27.0,2,1,5.0,2.0,0.0,0,4,12.719603
305257.0,5.0,0,15,2,2,27.0,2,1,5.0,0.0,6.0,0,3,11.761705
305263.0,3.0,0,17,2,2,27.0,2,1,6.0,0.0,9.0,0,1,11.872947
305263.0,4.0,1,13,2,2,27.0,2,1,3.0,5.0,5.0,0,1,11.872947
305265.0,5.0,1,12,2,2,27.0,2,1,3.0,3.0,3.0,0,2,10.462418
305275.0,4.0,1,16,1,2,27.0,2,1,3.0,3.0,0.0,0,1,0.0
305277.0,3.0,0,14,2,2,27.0,2,1,5.0,0.0,6.0,0,4,11.392575
305279.0,3.0,1,13,1,2,27.0,2,1,3.0,2.0,2.0,0,5,10.668397
305280.0,3.0,1,14,1,2,27.0,2,1,3.0,4.0,4.0,1,4,11.62827
305280.0,4.0,1,12,2,2,27.0,2,1,3.0,4.0,4.0,0,4,11.62827
305282.0,3.0,1,14,2,2,27.0,2,1,3.0,5.0,5.0,0,3,11.434434
305283.0,3.0,0,15,1,2,27.0,2,1,5.0,0.0,6.0,0,2,11.715671
305285.0,3.0,0,16,2,2,27.0,2,1,5.0,2.0,8.0,0,5,11.883357
305285.0,4.0,1,13,2,2,27.0,2,1,3.0,5.0,5.0,1,5,11.883357
305286.0,2.0,1,16,1,2,27.0,2,1,3.0,5.0,,0,4,11.469506
305286.0,3.0,1,14,1,2,27.0,2,1,3.0,4.0,,0,4,11.469506
305287.0,3.0,0,17,1,2,27.0,2,1,5.0,2.0,,0,4,11.820675
305287.0,4.0,1,14,2,2,27.0,2,1,3.0,5.0,,0,4,11.820675
305290.0,2.0,1,14,2,2,27.0,2,1,3.0,5.0,,0,3,11.417801
305291.0,3.0,0,17,1,2,27.0,2,1,6.0,1.0,,0,3,12.208625
305291.0,4.0,1,13,2,2,27.0,2,1,5.0,0.0,,0,3,12.208625
305292.0,3.0,0,14,2,2,27.0,2,1,5.0,1.0,,0,4,12.011644
305292.0,5.0,1,12,2,2,27.0,2,1,3.0,2.0,,0,4,12.011644
305295.0,4.0,0,16,2,2,27.0,2,1,6.0,2.0,,0,4,11.256238
305302.0,4.0,1,12,2,2,27.0,2,1,3.0,4.0,,1,5,10.713884
305303.0,3.0,0,15,2,2,27.0,2,1,5.0,2.0,,0,4,10.665717
305306.0,2.0,1,13,2,2,27.0,2,1,3.0,2.0,,1,3,11.126542
305307.0,3.0,1,13,1,2,27.0,2,1,3.0,4.0,,0,2,11.191356
305311.0,4.0,1,13,2,2,27.0,2,1,3.0,4.0,,0,1,10.486429
305313.0,3.0,1,14,2,2,27.0,2,1,3.0,5.0,,0,2,9.510519
305315.0,3.0,1,17,2,2,27.0,2,1,3.0,5.0,,0,3,0.0
305316.0,3.0,0,17,2,2,27.0,2,1,5.0,2.0,,0,4,11.383512
305321.0,3.0,1,16,1,2,27.0,2,1,3.0,4.0,,0,1,11.305914
305321.0,7.0,1,13,1,2,27.0,2,1,3.0,4.0,,0,1,11.305914
305326.0,5.0,0,16,1,2,27.0,1,1,5.0,1.0,,0,4,12.534571
305327.0,5.0,0,17,1,2,27.0,1,1,5.0,0.0,,0,4,11.42776
305327.0,8.0,1,16,1,2,27.0,1,1,3.0,6.0,,0,4,11.42776
305328.0,3.0,1,12,2,2,27.0,1,1,3.0,5.0,,0,4,11.367333
305329.0,5.0,1,15,2,2,27.0,1,1,5.0,2.0,,0,4,12.0076275
305331.0,3.0,1,16,2,2,27.0,2,1,3.0,6.0,,0,5,0.0
305339.0,3.0,0,13,1,2,27.0,2,1,5.0,0.0,,0,2,11.161039
305340.0,4.0,1,17,2,2,28.0,2,1,3.0,4.0,0.0,0,4,0.0
305343.0,3.0,1,14,1,2,28.0,2,1,3.0,3.0,0.0,0,2,0.0
305346.0,3.0,1,13,2,2,28.0,2,1,3.0,5.0,6.0,1,3,11.2794285
305347.0,4.0,0,16,1,2,28.0,2,1,5.0,1.0,7.0,0,4,13.482183
305350.0,3.0,0,15,2,2,28.0,2,1,5.0,1.0,7.0,0,2,11.175507
305351.0,4.0,0,15,2,2,28.0,2,1,5.0,2.0,8.0,0,2,12.427699
305351.0,5.0,1,12,2,2,28.0,2,1,3.0,5.0,5.0,0,2,12.427699
305357.0,4.0,1,13,2,2,28.0,2,1,3.0,5.0,5.0,0,2,11.1143265
305359.0,7.0,1,16,1,2,28.0,1,1,3.0,2.0,0.0,0,1,8.389587
305360.0,2.0,1,17,1,2,28.0,1,1,3.0,6.0,7.0,0,1,10.415592
305360.0,3.0,1,14,1,2,28.0,1,1,3.0,5.0,5.0,0,1,10.415592
305362.0,10.0,1,14,2,2,28.0,1,1,5.0,0.0,6.0,0,2,13.128039
305363.0,4.0,0,17,2,2,28.0,1,1,5.0,1.0,7.0,0,2,11.568795
305364.0,2.0,1,17,2,2,28.0,1,1,3.0,6.0,0.0,0,5,0.0
305367.0,4.0,1,15,2,2,28.0,1,1,3.0,5.0,6.0,1,1,10.13761
305369.0,3.0,1,12,2,2,28.0,1,1,3.0,5.0,5.0,0,5,13.100325
305370.0,3.0,0,17,2,2,28.0,1,1,6.0,1.0,10.0,0,1,12.848206
305371.0,3.0,0,17,2,2,28.0,1,1,6.0,0.0,9.0,0,1,11.606744
305371.0,4.0,1,15,1,2,28.0,1,1,3.0,1.0,1.0,0,1,11.606744
305373.0,2.0,0,17,2,2,28.0,1,1,5.0,1.0,8.0,1,4,11.302217
305374.0,2.0,1,12,2,2,28.0,1,1,3.0,3.0,3.0,0,2,10.376642
305376.0,5.0,1,15,1,2,28.0,2,1,3.0,5.0,6.0,1,2,12.950331
305379.0,3.0,1,15,1,2,28.0,2,1,3.0,3.0,0.0,0,1,10.485032
305379.0,4.0,1,12,2,2,28.0,2,1,3.0,2.0,2.0,0,1,10.485032
305380.0,3.0,1,14,2,2,28.0,2,1,3.0,4.0,4.0,0,1,11.656384
305382.0,5.0,0,15,2,2,28.0,2,1,5.0,1.0,7.0,0,2,11.649735
305383.0,2.0,1,15,1,2,28.0,2,1,3.0,4.0,5.0,1,2,10.562975
305386.0,4.0,0,16,2,2,28.0,2,1,5.0,2.0,8.0,0,2,11.91903
305388.0,3.0,1,14,1,2,28.0,2,1,3.0,4.0,4.0,0,1,11.469245
305388.0,4.0,1,12,1,2,28.0,2,1,3.0,3.0,4.0,1,1,11.469245
305389.0,3.0,0,14,1,2,28.0,2,1,5.0,0.0,6.0,0,4,12.000345
305390.0,2.0,0,13,1,2,28.0,2,1,5.0,0.0,6.0,0,3,11.999731
305392.0,3.0,1,14,1,2,28.0,2,1,3.0,1.0,2.0,1,1,10.899531
305393.0,4.0,1,15,2,2,28.0,2,1,3.0,4.0,0.0,0,1,8.517393
305396.0,4.0,0,17,2,2,28.0,2,1,6.0,1.0,10.0,0,2,11.86735
305396.0,5.0,1,15,1,2,28.0,2,1,3.0,6.0,6.0,0,2,11.86735
305397.0,2.0,1,12,2,2,28.0,2,1,3.0,3.0,3.0,0,3,10.465272
305398.0,5.0,1,12,1,2,28.0,2,1,3.0,5.0,5.0,0,1,11.110222
305400.0,3.0,1,13,1,2,28.0,2,1,3.0,3.0,3.0,0,3,11.1397
305404.0,4.0,1,15,1,2,28.0,2,1,3.0,1.0,0.0,0,1,0.0
305406.0,5.0,1,17,2,2,28.0,2,1,3.0,6.0,0.0,0,3,12.074887
305406.0,6.0,0,15,2,2,28.0,2,1,5.0,1.0,7.0,0,3,12.074887
305406.0,7.0,1,12,2,2,28.0,2,1,3.0,2.0,2.0,0,3,12.074887
305407.0,2.0,1,13,1,2,28.0,2,1,3.0,3.0,4.0,1,1,11.107975
305412.0,5.0,1,16,2,2,28.0,1,1,3.0,5.0,0.0,0,5,13.1806345
305415.0,3.0,0,17,1,2,28.0,1,1,6.0,0.0,9.0,0,3,13.02408
305415.0,4.0,0,15,1,2,28.0,1,1,5.0,0.0,7.0,1,3,13.02408
305415.0,5.0,1,12,1,2,28.0,1,1,3.0,4.0,5.0,1,3,13.02408
305416.0,3.0,0,16,1,2,28.0,1,1,6.0,0.0,9.0,0,5,13.069724
305416.0,4.0,0,13,2,2,28.0,1,1,5.0,0.0,6.0,0,5,13.069724
305421.0,4.0,1,13,1,2,28.0,2,1,3.0,2.0,3.0,1,2,12.164213
305424.0,3.0,1,14,2,2,28.0,2,1,3.0,4.0,4.0,0,2,10.304811
305425.0,5.0,1,13,1,2,28.0,2,1,3.0,4.0,4.0,0,3,10.722738
305426.0,3.0,1,17,1,2,28.0,2,1,3.0,4.0,0.0,0,1,11.680777
305426.0,4.0,1,15,2,2,28.0,2,1,3.0,5.0,5.0,0,1,11.680777
305426.0,5.0,1,13,2,2,28.0,2,1,3.0,3.0,3.0,0,1,11.680777
305429.0,5.0,0,15,2,2,28.0,2,1,5.0,1.0,7.0,0,3,12.833404
305431.0,6.0,1,13,1,2,28.0,1,1,3.0,4.0,4.0,0,1,11.211969
305432.0,6.0,0,16,1,2,28.0,1,1,5.0,1.0,9.0,1,3,11.388903
305434.0,4.0,0,17,2,2,28.0,1,1,6.0,2.0,12.0,1,5,13.565408
305435.0,3.0,0,16,2,2,28.0,1,1,5.0,1.0,7.0,0,4,12.416621
305435.0,4.0,1,13,1,2,28.0,1,1,3.0,5.0,5.0,0,4,12.416621
305436.0,2.0,1,12,1,2,28.0,1,1,3.0,4.0,5.0,1,2,11.217896
305437.0,6.0,1,15,2,2,28.0,1,1,3.0,3.0,3.0,0,3,11.060385
305440.0,4.0,1,17,2,2,28.0,2,1,5.0,0.0,0.0,0,3,0.0
305445.0,4.0,1,17,1,2,28.0,2,1,3.0,4.0,0.0,0,4,9.7981825
305455.0,2.0,1,14,1,2,28.0,2,1,3.0,2.0,0.0,0,1,10.866203
305455.0,3.0,1,12,2,2,28.0,2,1,3.0,3.0,3.0,0,1,10.866203
305458.0,3.0,1,17,1,2,28.0,2,1,3.0,5.0,0.0,0,2,11.751556
305458.0,4.0,1,14,2,2,28.0,2,1,3.0,4.0,5.0,1,2,11.751556
305458.0,5.0,1,12,2,2,28.0,2,1,3.0,2.0,3.0,1,2,11.751556
305459.0,2.0,1,12,1,2,28.0,2,1,3.0,3.0,3.0,0,3,11.176767
305460.0,3.0,1,17,2,2,28.0,2,1,3.0,6.0,0.0,0,1,10.578369
305461.0,5.0,0,17,1,2,28.0,2,1,5.0,3.0,9.0,0,3,12.652795
305461.0,6.0,0,13,2,2,28.0,2,1,5.0,0.0,6.0,0,3,12.652795
305461.0,7.0,1,13,2,2,28.0,2,1,3.0,4.0,4.0,1,3,12.652795
305465.0,3.0,1,17,1,2,28.0,2,1,3.0,3.0,0.0,0,4,11.416976
305465.0,4.0,1,15,2,2,28.0,2,1,3.0,4.0,5.0,1,4,11.416976
305466.0,3.0,1,14,1,2,28.0,2,1,3.0,4.0,4.0,0,1,11.348652
305467.0,3.0,1,17,1,2,28.0,2,1,3.0,2.0,0.0,0,1,10.914197
305474.0,3.0,1,13,2,2,28.0,2,1,3.0,4.0,0.0,0,1,10.544709
305477.0,4.0,1,16,2,2,28.0,2,1,3.0,2.0,2.0,0,1,11.648121
305479.0,3.0,1,16,1,2,28.0,2,1,3.0,1.0,0.0,0,1,7.901377
305481.0,5.0,1,17,1,2,28.0,2,1,3.0,6.0,0.0,0,1,0.0
305482.0,3.0,0,15,2,2,28.0,2,1,5.0,0.0,6.0,0,1,11.186309
305482.0,5.0,1,14,2,2,28.0,2,1,3.0,2.0,2.0,0,1,11.186309
305484.0,5.0,1,14,1,2,28.0,1,1,3.0,2.0,3.0,1,1,12.555359
305486.0,3.0,0,14,2,2,28.0,1,1,5.0,0.0,6.0,0,2,11.88756
305487.0,3.0,1,13,2,2,28.0,1,1,3.0,5.0,5.0,0,1,12.156099
305490.0,4.0,0,16,2,2,28.0,1,1,5.0,0.0,6.0,0,2,11.620084
305493.0,3.0,1,13,2,2,28.0,1,1,3.0,4.0,4.0,1,3,12.230526
305496.0,6.0,1,17,2,2,28.0,1,1,3.0,3.0,3.0,0,1,11.034502
305498.0,3.0,0,16,1,2,28.0,1,1,5.0,2.0,8.0,0,1,12.7546015
305498.0,4.0,0,15,1,2,28.0,1,1,5.0,0.0,6.0,0,1,12.7546015
305498.0,5.0,0,15,1,2,28.0,1,1,5.0,2.0,8.0,0,1,12.7546015
305498.0,7.0,0,15,1,2,28.0,1,1,5.0,0.0,6.0,0,1,12.7546015
305500.0,2.0,1,14,2,2,28.0,1,1,3.0,3.0,3.0,0,1,11.286037
305501.0,2.0,1,16,2,2,28.0,1,1,3.0,5.0,5.0,0,4,12.1582
305503.0,3.0,1,15,2,2,28.0,2,1,3.0,5.0,6.0,0,5,0.0
305506.0,7.0,1,13,1,2,28.0,2,1,3.0,5.0,5.0,0,5,14.738315
305508.0,3.0,0,17,2,2,28.0,2,1,5.0,2.0,8.0,0,3,12.135763
305508.0,4.0,0,16,1,2,28.0,2,1,5.0,2.0,8.0,0,3,12.135763
305509.0,3.0,0,14,2,2,28.0,2,1,5.0,1.0,7.0,0,3,11.9804945
305509.0,6.0,1,15,2,2,28.0,2,1,3.0,5.0,5.0,0,3,11.9804945
305513.0,3.0,0,16,2,2,28.0,2,1,5.0,2.0,8.0,0,3,11.619544
305513.0,4.0,1,14,1,2,28.0,2,1,3.0,2.0,3.0,1,3,11.619544
305514.0,3.0,1,13,2,2,28.0,2,1,3.0,4.0,4.0,0,2,11.412563
305515.0,6.0,1,16,1,2,28.0,2,1,3.0,2.0,0.0,0,2,10.885772
305516.0,3.0,0,12,2,2,28.0,2,1,5.0,0.0,6.0,0,5,12.7413845
305517.0,3.0,1,15,1,2,28.0,2,1,3.0,3.0,0.0,0,1,11.025995
305517.0,4.0,1,14,2,2,28.0,2,1,3.0,6.0,6.0,0,1,11.025995
305517.0,5.0,1,12,1,2,28.0,2,1,3.0,2.0,2.0,0,1,11.025995
305529.0,3.0,1,14,1,2,28.0,2,1,3.0,1.0,0.0,0,1,0.0
305531.0,3.0,1,13,2,2,28.0,2,1,3.0,5.0,5.0,0,1,11.179563
305533.0,2.0,1,14,2,2,28.0,2,1,3.0,6.0,6.0,0,3,11.680565
305534.0,5.0,1,16,2,2,28.0,2,1,3.0,4.0,0.0,0,1,10.281102
305535.0,2.0,0,14,2,2,28.0,2,1,5.0,0.0,6.0,0,2,11.664238
305538.0,4.0,0,16,1,2,28.0,2,1,5.0,2.0,8.0,0,2,11.514284
305539.0,3.0,1,12,2,2,28.0,2,1,3.0,3.0,3.0,0,1,10.618299
305540.0,3.0,1,15,2,2,28.0,2,1,3.0,4.0,5.0,1,2,11.310209
305541.0,4.0,1,13,2,2,28.0,2,1,3.0,3.0,3.0,0,1,11.6030035
305541.0,5.0,1,12,1,2,28.0,2,1,3.0,2.0,2.0,0,1,11.6030035
305542.0,3.0,1,12,1,2,28.0,2,1,3.0,3.0,4.0,1,4,10.709428
305543.0,3.0,1,17,1,2,28.0,2,1,3.0,6.0,0.0,0,1,7.8636513
305546.0,3.0,1,16,2,2,28.0,2,1,3.0,3.0,3.0,0,1,11.2378435
305546.0,4.0,1,12,1,2,28.0,2,1,3.0,1.0,1.0,0,1,11.2378435
305548.0,3.0,0,12,2,2,28.0,1,1,5.0,0.0,6.0,0,5,13.102162
305554.0,8.0,1,17,2,2,28.0,1,1,6.0,0.0,10.0,0,5,13.343907
305557.0,3.0,0,16,1,2,28.0,1,1,5.0,1.0,7.0,0,5,13.215874
305557.0,4.0,1,12,1,2,28.0,1,1,3.0,4.0,4.0,0,5,13.215874
305558.0,2.0,1,14,1,2,28.0,1,1,3.0,4.0,4.0,0,2,11.452655
305560.0,3.0,1,12,2,2,28.0,1,1,3.0,4.0,4.0,0,5,14.476651
305560.0,7.0,1,17,2,2,28.0,1,1,5.0,2.0,0.0,0,5,14.476651
305561.0,6.0,0,16,1,2,28.0,1,1,5.0,1.0,7.0,0,2,11.274808
305562.0,3.0,1,12,2,2,28.0,1,1,3.0,3.0,3.0,0,1,11.437405
305562.0,7.0,1,15,2,2,28.0,1,1,3.0,6.0,6.0,0,1,11.437405
305566.0,3.0,1,15,2,2,28.0,2,1,3.0,3.0,4.0,0,1,11.200281
305566.0,4.0,1,13,1,2,28.0,2,1,3.0,3.0,3.0,0,1,11.200281
305567.0,4.0,1,15,2,2,28.0,2,1,3.0,4.0,5.0,0,1,11.365886
305567.0,5.0,1,13,1,2,28.0,2,1,3.0,2.0,2.0,0,1,11.365886
305569.0,2.0,0,17,2,2,28.0,2,1,5.0,1.0,7.0,0,1,11.312472
305569.0,3.0,1,16,1,2,28.0,2,1,3.0,5.0,5.0,0,1,11.312472
305572.0,2.0,1,13,1,2,28.0,2,1,3.0,4.0,5.0,1,5,11.349359
305572.0,4.0,1,15,1,2,28.0,2,1,3.0,5.0,5.0,0,5,11.349359
305573.0,4.0,1,16,1,2,28.0,2,1,3.0,6.0,6.0,0,5,12.678296
305573.0,5.0,1,14,1,2,28.0,2,1,3.0,5.0,5.0,0,5,12.678296
305574.0,3.0,0,16,2,2,28.0,2,1,5.0,1.0,7.0,0,2,11.557048
305577.0,4.0,1,16,2,2,28.0,2,1,3.0,3.0,3.0,0,1,11.638685
305577.0,5.0,1,13,1,2,28.0,2,1,3.0,3.0,3.0,0,1,11.638685
305580.0,6.0,1,16,2,2,28.0,2,1,3.0,6.0,0.0,0,1,11.28679
305585.0,3.0,1,17,2,2,28.0,2,1,6.0,2.0,0.0,0,3,10.378976
305587.0,5.0,0,17,2,2,28.0,2,1,5.0,0.0,7.0,1,2,12.950735
305587.0,6.0,1,12,1,2,28.0,2,1,3.0,4.0,4.0,0,2,12.950735
305588.0,3.0,1,13,1,2,28.0,2,1,3.0,4.0,4.0,0,2,11.3015995
305589.0,5.0,1,16,1,2,28.0,2,1,3.0,4.0,4.0,0,1,11.347296
305591.0,3.0,0,14,2,2,28.0,2,1,5.0,0.0,6.0,0,1,11.064073
305593.0,4.0,1,17,1,2,28.0,2,1,3.0,2.0,0.0,0,4,11.735677
305597.0,4.0,1,13,1,2,28.0,2,1,3.0,2.0,2.0,0,1,10.941571
305598.0,2.0,1,13,1,2,28.0,2,1,3.0,2.0,2.0,0,1,11.043737
305602.0,3.0,1,12,1,2,28.0,2,1,3.0,3.0,4.0,1,2,11.276583
305604.0,3.0,0,17,2,2,28.0,2,1,5.0,2.0,9.0,1,4,12.46534
305604.0,4.0,0,15,2,2,28.0,2,1,5.0,0.0,6.0,0,4,12.46534
305609.0,4.0,1,16,1,2,28.0,2,1,3.0,4.0,0.0,0,1,8.2943
305610.0,4.0,0,17,2,2,28.0,2,1,5.0,1.0,8.0,1,1,11.758268
305610.0,6.0,0,17,2,2,28.0,2,1,5.0,2.0,8.0,0,1,11.758268
305610.0,7.0,1,15,1,2,28.0,2,1,3.0,5.0,5.0,0,1,11.758268
305614.0,6.0,1,16,1,2,28.0,2,1,3.0,3.0,0.0,0,3,13.57071
305615.0,4.0,0,16,2,2,28.0,2,1,5.0,2.0,8.0,0,1,13.168094
305615.0,5.0,1,12,2,2,28.0,2,1,3.0,4.0,4.0,0,1,13.168094
305617.0,4.0,1,15,2,2,28.0,2,1,3.0,5.0,5.0,0,1,12.092125
305617.0,5.0,1,12,1,2,28.0,2,1,3.0,4.0,4.0,0,1,12.092125
305619.0,4.0,1,14,1,2,28.0,1,1,3.0,3.0,4.0,1,2,11.816808
305621.0,4.0,0,15,1,2,28.0,1,1,5.0,1.0,7.0,0,1,12.960364
305622.0,4.0,1,13,1,2,28.0,1,1,3.0,2.0,2.0,0,1,10.559089
305624.0,2.0,1,13,1,2,28.0,1,1,3.0,4.0,4.0,0,1,10.375863
305625.0,2.0,0,17,2,2,28.0,1,1,6.0,0.0,9.0,0,5,12.827995
305629.0,3.0,1,16,1,2,28.0,2,1,3.0,2.0,0.0,0,1,10.654338
305631.0,4.0,1,17,1,2,28.0,2,1,5.0,1.0,0.0,0,4,0.0
305632.0,3.0,1,15,1,2,28.0,2,1,3.0,3.0,0.0,0,2,11.349241
305632.0,4.0,1,12,2,2,28.0,2,1,3.0,4.0,4.0,0,2,11.349241
305634.0,3.0,0,16,1,2,28.0,2,1,5.0,0.0,6.0,0,4,11.171294
305635.0,4.0,1,16,2,2,28.0,2,1,3.0,5.0,0.0,0,3,10.50441
305635.0,5.0,1,12,2,2,28.0,2,1,3.0,2.0,2.0,0,3,10.50441
305637.0,3.0,1,13,2,2,28.0,1,1,3.0,5.0,5.0,0,5,11.384535
305638.0,2.0,1,16,1,2,28.0,1,1,3.0,2.0,3.0,0,1,11.519663
305638.0,3.0,1,14,1,2,28.0,1,1,3.0,0.0,1.0,1,1,11.519663
305639.0,2.0,0,16,2,2,28.0,1,1,5.0,2.0,8.0,0,1,10.265906
305640.0,4.0,0,17,2,2,28.0,1,1,6.0,0.0,9.0,0,2,12.563383
305641.0,4.0,1,15,1,2,28.0,1,1,3.0,2.0,2.0,0,1,10.389795
305644.0,3.0,0,16,1,2,28.0,1,1,5.0,0.0,6.0,0,3,11.762213
305644.0,4.0,1,12,1,2,28.0,1,1,3.0,4.0,4.0,0,3,11.762213
305646.0,3.0,1,16,2,2,28.0,2,1,3.0,4.0,0.0,0,1,11.558625
305646.0,4.0,1,15,2,2,28.0,2,1,3.0,1.0,2.0,1,1,11.558625
305646.0,5.0,1,12,1,2,28.0,2,1,3.0,2.0,3.0,1,1,11.558625
305647.0,3.0,1,13,2,2,28.0,2,1,3.0,3.0,4.0,1,2,11.594515
305647.0,4.0,1,12,2,2,28.0,2,1,3.0,3.0,3.0,0,2,11.594515
305648.0,2.0,1,12,1,2,28.0,2,1,3.0,1.0,1.0,0,1,10.619521
305648.0,3.0,1,17,1,2,28.0,2,1,3.0,6.0,0.0,0,1,10.619521
305650.0,2.0,1,14,2,2,28.0,2,1,3.0,1.0,1.0,0,1,11.512185
305650.0,3.0,1,12,1,2,28.0,2,1,3.0,1.0,1.0,0,1,11.512185
305650.0,4.0,1,12,1,2,28.0,2,1,3.0,1.0,1.0,0,1,11.512185
305652.0,5.0,1,16,1,2,28.0,2,1,3.0,4.0,4.0,0,4,13.276519
305654.0,3.0,1,14,2,2,28.0,2,1,3.0,5.0,5.0,0,1,11.384535
305655.0,4.0,0,15,1,2,28.0,2,1,5.0,0.0,6.0,0,2,11.942829
305655.0,5.0,1,13,1,2,28.0,2,1,3.0,4.0,5.0,1,2,11.942829
305661.0,3.0,0,16,2,2,28.0,2,1,5.0,2.0,8.0,0,3,11.451699
305663.0,6.0,1,17,2,2,28.0,2,1,3.0,5.0,0.0,0,3,11.609835
305663.0,7.0,1,17,2,2,28.0,2,1,3.0,3.0,3.0,0,3,11.609835
305663.0,8.0,1,14,2,2,28.0,2,1,3.0,1.0,1.0,0,3,11.609835
305663.0,9.0,1,13,2,2,28.0,2,1,3.0,1.0,0.0,0,3,11.609835
305664.0,2.0,1,14,2,2,28.0,2,1,3.0,5.0,5.0,0,3,10.372741
305666.0,4.0,1,17,1,2,28.0,2,1,3.0,5.0,0.0,0,4,12.641892
305666.0,5.0,0,15,2,2,28.0,2,1,5.0,0.0,6.0,0,4,12.641892
305666.0,6.0,1,12,1,2,28.0,2,1,3.0,3.0,3.0,0,4,12.641892
305667.0,3.0,1,13,2,2,28.0,2,1,3.0,5.0,5.0,0,2,11.130947
305668.0,3.0,1,13,1,2,28.0,2,1,3.0,3.0,3.0,0,3,11.245059
305670.0,3.0,1,16,1,2,28.0,2,1,3.0,5.0,5.0,0,1,10.624395
305673.0,5.0,1,14,1,2,28.0,1,1,3.0,5.0,5.0,0,3,12.285512
305676.0,4.0,0,17,1,2,28.0,1,1,5.0,2.0,8.0,0,4,11.681495
305682.0,4.0,1,16,1,2,28.0,1,1,3.0,3.0,3.0,0,2,11.252223
305682.0,5.0,1,12,1,2,28.0,1,1,3.0,2.0,2.0,0,2,11.252223
305683.0,5.0,1,16,2,2,28.0,1,1,3.0,1.0,1.0,0,1,11.096667
305683.0,6.0,1,13,2,2,28.0,1,1,3.0,2.0,2.0,1,1,11.096667
305690.0,4.0,1,17,2,2,28.0,2,1,3.0,2.0,0.0,0,1,0.0
305691.0,6.0,0,16,2,2,28.0,2,1,5.0,0.0,6.0,0,2,11.8854265
305692.0,5.0,1,12,1,2,28.0,2,1,3.0,2.0,2.0,0,2,12.760922
305697.0,3.0,1,15,2,2,28.0,2,1,3.0,6.0,6.0,0,2,11.361532
305700.0,3.0,1,12,2,2,28.0,2,1,3.0,3.0,3.0,0,2,11.0033655
305701.0,5.0,1,15,1,2,28.0,2,1,3.0,2.0,0.0,0,2,10.462418
305701.0,6.0,1,12,2,2,28.0,2,1,3.0,2.0,2.0,0,2,10.462418
305705.0,3.0,1,14,1,2,28.0,2,1,3.0,2.0,2.0,0,3,11.235207
305708.0,3.0,1,13,1,2,28.0,2,1,3.0,5.0,5.0,0,2,11.582694
305709.0,3.0,1,16,1,2,28.0,2,1,3.0,4.0,4.0,0,3,10.864293
305710.0,5.0,1,16,2,2,28.0,2,1,3.0,4.0,4.0,0,1,11.808769
305715.0,3.0,1,14,1,2,28.0,2,1,3.0,5.0,5.0,1,3,10.670721
305717.0,4.0,1,16,1,2,28.0,2,1,3.0,5.0,5.0,1,4,13.033174
305721.0,3.0,1,17,2,2,28.0,2,1,3.0,1.0,0.0,0,1,0.0
305721.0,4.0,1,14,1,2,28.0,2,0,,,,0,1,0.0
305724.0,4.0,0,17,1,2,28.0,2,1,6.0,1.0,10.0,0,2,13.578105
305724.0,5.0,1,12,1,2,28.0,2,1,3.0,5.0,5.0,0,2,13.578105
305728.0,3.0,1,12,1,2,28.0,1,1,3.0,4.0,4.0,0,5,13.254095
305728.0,5.0,1,15,2,2,28.0,1,1,3.0,5.0,5.0,0,5,13.254095
305731.0,3.0,1,17,1,2,28.0,1,1,3.0,5.0,0.0,0,2,0.0
305732.0,5.0,1,12,2,2,28.0,1,1,3.0,2.0,2.0,0,5,11.361823
305736.0,3.0,1,15,1,2,28.0,2,1,3.0,3.0,0.0,0,1,8.779712
305736.0,4.0,1,12,2,2,28.0,2,1,3.0,2.0,2.0,0,1,8.779712
305737.0,2.0,1,16,2,2,28.0,2,1,3.0,6.0,6.0,1,4,10.911008
305738.0,4.0,1,15,2,2,28.0,2,1,3.0,3.0,0.0,0,3,11.656384
305742.0,2.0,1,14,1,2,28.0,2,1,3.0,3.0,3.0,0,2,11.394154
305743.0,6.0,1,16,1,2,28.0,2,1,3.0,4.0,4.0,0,3,11.189423
305747.0,3.0,0,17,2,2,28.0,2,1,6.0,1.0,10.0,0,3,12.473849
305747.0,4.0,1,15,1,2,28.0,2,1,3.0,5.0,5.0,0,3,12.473849
305749.0,3.0,1,15,2,2,28.0,2,1,3.0,4.0,4.0,0,3,12.075257
305749.0,4.0,1,13,1,2,28.0,2,1,3.0,2.0,2.0,0,3,12.075257
305752.0,2.0,1,12,2,2,28.0,2,1,3.0,4.0,4.0,0,4,11.197543
305753.0,7.0,0,14,2,2,28.0,2,1,5.0,0.0,6.0,0,1,11.368605
305755.0,4.0,1,14,1,2,28.0,2,1,3.0,6.0,6.0,0,4,13.175925
305758.0,3.0,1,15,1,2,28.0,2,1,3.0,4.0,4.0,0,2,11.289169
305762.0,6.0,1,17,1,2,28.0,1,1,3.0,3.0,0.0,0,3,10.473789
305765.0,2.0,1,15,1,2,28.0,1,1,3.0,5.0,5.0,1,2,11.430098
305765.0,3.0,1,13,2,2,28.0,1,1,3.0,4.0,4.0,1,2,11.430098
305767.0,2.0,1,14,1,2,28.0,1,1,3.0,5.0,5.0,1,3,10.831232
305774.0,3.0,0,17,1,2,28.0,2,1,5.0,3.0,,0,2,12.256343
305774.0,4.0,1,12,2,2,28.0,2,1,3.0,3.0,,0,2,12.256343
305775.0,4.0,1,12,1,2,28.0,2,1,3.0,3.0,,0,3,10.47802
305779.0,6.0,1,15,2,2,28.0,2,1,3.0,4.0,,1,2,11.287292
305779.0,7.0,1,12,1,2,28.0,2,1,3.0,3.0,,1,2,11.287292
305785.0,3.0,0,17,2,2,28.0,1,1,6.0,2.0,,1,5,13.210559
305785.0,4.0,1,12,1,2,28.0,1,1,3.0,5.0,,0,5,13.210559
305786.0,4.0,0,17,1,2,28.0,1,1,6.0,2.0,,0,5,14.92266
305787.0,3.0,1,13,1,2,28.0,1,1,3.0,5.0,,0,1,10.598533
305788.0,6.0,1,16,2,2,28.0,2,1,3.0,5.0,,0,2,11.183741
305788.0,7.0,1,12,2,2,28.0,2,1,3.0,3.0,,0,2,11.183741
305790.0,3.0,1,16,1,2,28.0,2,1,3.0,5.0,,0,1,11.638906
305792.0,6.0,0,16,1,2,28.0,2,1,5.0,3.0,,0,3,13.351284
305793.0,3.0,1,13,1,2,28.0,2,1,3.0,3.0,,0,4,11.001699
305794.0,6.0,0,17,2,2,28.0,2,1,5.0,2.0,,0,1,11.167064
305795.0,2.0,0,13,1,2,28.0,2,1,5.0,0.0,,0,4,11.190113
305797.0,6.0,1,17,2,2,28.0,2,1,3.0,3.0,,0,1,11.177466
305798.0,5.0,1,12,1,2,28.0,2,1,3.0,2.0,,0,1,10.852749
305800.0,3.0,0,17,2,2,28.0,2,1,6.0,1.0,,0,2,12.756276
305801.0,3.0,1,16,1,2,28.0,2,1,3.0,6.0,,0,1,11.925704
305801.0,4.0,1,13,2,2,28.0,2,1,3.0,4.0,,0,1,11.925704
305801.0,5.0,1,12,1,2,28.0,2,1,3.0,3.0,,0,1,11.925704
305802.0,4.0,1,12,1,2,28.0,2,1,3.0,4.0,,1,2,11.792911
305805.0,4.0,0,14,2,2,28.0,2,1,5.0,1.0,,0,2,12.265855
305808.0,4.0,0,13,1,2,28.0,2,1,5.0,0.0,,0,3,12.050711
305812.0,4.0,1,16,2,2,28.0,2,1,3.0,6.0,,0,3,9.148571
305814.0,3.0,1,16,2,2,28.0,2,1,3.0,5.0,,0,1,10.476612
305815.0,4.0,1,13,2,2,28.0,1,1,3.0,4.0,,0,1,11.407298
305816.0,3.0,0,16,2,2,28.0,1,1,5.0,0.0,,0,1,11.741423
305818.0,7.0,0,16,2,2,28.0,1,1,5.0,1.0,,0,1,12.545116
305819.0,3.0,0,16,1,2,28.0,1,1,5.0,0.0,,0,3,9.500095
305821.0,8.0,1,13,2,2,28.0,1,1,3.0,5.0,,0,1,11.765208
305822.0,2.0,1,13,1,2,28.0,1,1,3.0,3.0,,0,4,11.332015
305826.0,4.0,1,17,1,3,31.0,2,1,3.0,6.0,0.0,0,2,10.372741
305827.0,5.0,0,16,1,3,31.0,2,1,5.0,1.0,7.0,0,1,11.884289
305828.0,2.0,1,13,1,3,31.0,2,1,3.0,3.0,3.0,0,3,11.885185
305828.0,4.0,1,16,1,3,31.0,2,1,3.0,4.0,5.0,1,3,11.885185
305829.0,6.0,0,16,2,3,31.0,2,1,5.0,1.0,7.0,0,1,11.156051
305830.0,3.0,1,13,1,3,31.0,2,1,3.0,3.0,4.0,1,1,11.338286
305831.0,3.0,1,13,1,3,31.0,2,1,3.0,3.0,4.0,1,2,11.309597
305834.0,4.0,1,14,1,3,31.0,2,1,3.0,4.0,4.0,0,1,12.755093
305834.0,5.0,1,13,2,3,31.0,2,1,3.0,5.0,5.0,0,1,12.755093
305836.0,6.0,1,16,1,3,31.0,2,1,3.0,5.0,5.0,0,2,11.943253
305836.0,7.0,1,13,1,3,31.0,2,1,3.0,4.0,4.0,0,2,11.943253
305837.0,3.0,1,17,1,3,31.0,2,1,3.0,5.0,6.0,0,3,12.254153
305837.0,5.0,1,13,1,3,31.0,2,1,3.0,2.0,2.0,0,3,12.254153
305838.0,3.0,1,14,1,3,31.0,2,1,3.0,5.0,5.0,0,2,11.513685
305838.0,4.0,1,12,1,3,31.0,2,1,3.0,3.0,4.0,1,2,11.513685
305839.0,3.0,1,15,1,3,31.0,2,1,3.0,4.0,5.0,1,1,11.054075
305839.0,4.0,1,12,1,3,31.0,2,1,3.0,3.0,3.0,0,1,11.054075
305842.0,4.0,1,17,1,3,31.0,2,1,3.0,5.0,5.0,0,1,11.630051
305842.0,5.0,1,15,1,3,31.0,2,1,3.0,5.0,5.0,0,1,11.630051
305844.0,4.0,1,15,2,3,31.0,2,1,3.0,6.0,0.0,0,1,11.078459
305845.0,3.0,0,16,1,3,31.0,2,1,5.0,1.0,7.0,0,2,10.896943
305847.0,6.0,0,17,1,3,31.0,2,1,5.0,2.0,8.0,0,1,12.114155
305847.0,7.0,0,14,1,3,31.0,2,1,5.0,0.0,6.0,0,1,12.114155
305850.0,6.0,0,16,1,3,31.0,2,1,5.0,0.0,7.0,1,2,12.577105
305850.0,7.0,1,13,2,3,31.0,2,1,3.0,4.0,4.0,0,2,12.577105
305855.0,4.0,1,16,2,3,31.0,1,1,3.0,6.0,0.0,0,5,13.603494
305856.0,3.0,0,16,1,3,31.0,1,1,6.0,1.0,10.0,0,4,13.465046
305856.0,4.0,0,13,2,3,31.0,1,1,5.0,1.0,7.0,0,4,13.465046
305856.0,6.0,1,15,2,3,31.0,1,1,3.0,3.0,0.0,0,4,13.465046
305860.0,3.0,1,16,2,3,31.0,2,1,3.0,6.0,0.0,0,2,11.824636
305860.0,4.0,0,14,2,3,31.0,2,1,5.0,0.0,6.0,0,2,11.824636
305860.0,5.0,1,12,1,3,31.0,2,1,3.0,3.0,3.0,1,2,11.824636
305864.0,4.0,1,15,2,3,31.0,2,1,3.0,5.0,0.0,0,2,11.67866
305864.0,6.0,1,13,2,3,31.0,2,1,3.0,4.0,4.0,0,2,11.67866
305865.0,3.0,1,13,1,3,31.0,2,1,3.0,4.0,4.0,0,2,11.168334
305868.0,4.0,0,16,2,3,31.0,2,1,5.0,0.0,6.0,0,2,11.825515
305868.0,5.0,1,12,2,3,31.0,2,1,3.0,5.0,5.0,0,2,11.825515
305872.0,2.0,1,13,1,3,31.0,2,1,3.0,0.0,1.0,0,1,11.122117
305873.0,4.0,1,14,2,3,31.0,2,1,3.0,5.0,5.0,0,1,11.276266
305874.0,3.0,1,17,2,3,31.0,2,1,3.0,5.0,0.0,0,3,11.793288
305875.0,3.0,1,13,1,3,31.0,2,1,3.0,3.0,4.0,1,1,11.650302
305877.0,4.0,0,16,2,3,31.0,2,1,5.0,1.0,7.0,0,1,12.136111
305877.0,5.0,1,14,2,3,31.0,2,1,3.0,4.0,4.0,0,1,12.136111
305877.0,6.0,1,12,2,3,31.0,2,1,3.0,4.0,4.0,0,1,12.136111
305878.0,3.0,1,17,1,3,31.0,2,1,3.0,5.0,5.0,0,3,11.921958
305879.0,2.0,0,14,1,3,31.0,2,1,5.0,1.0,7.0,0,3,12.553947
305880.0,3.0,0,17,2,3,31.0,2,1,5.0,1.0,7.0,0,3,12.767005
305880.0,4.0,1,13,2,3,31.0,2,1,3.0,4.0,4.0,0,3,12.767005
305883.0,3.0,1,16,2,3,31.0,2,1,3.0,5.0,0.0,0,3,11.284154
305883.0,4.0,1,14,1,3,31.0,2,1,3.0,3.0,3.0,0,3,11.284154
305885.0,3.0,1,15,1,3,31.0,2,1,3.0,4.0,4.0,0,1,12.018453
305885.0,4.0,0,13,1,3,31.0,2,1,5.0,0.0,6.0,0,1,12.018453
305886.0,6.0,1,13,1,3,31.0,2,1,3.0,4.0,5.0,1,2,12.045322
305887.0,3.0,0,14,2,3,31.0,2,1,5.0,0.0,6.0,0,1,11.954472
305887.0,4.0,1,12,1,3,31.0,2,1,3.0,4.0,5.0,1,1,11.954472
305889.0,4.0,1,15,1,3,31.0,2,1,3.0,4.0,5.0,1,1,10.644854
305893.0,2.0,1,13,2,3,31.0,2,1,3.0,4.0,5.0,1,2,11.048522
305897.0,3.0,0,17,2,3,31.0,2,1,6.0,0.0,9.0,0,3,11.76649
305898.0,5.0,1,14,1,3,31.0,2,1,3.0,3.0,4.0,1,3,12.763646
305899.0,3.0,1,13,1,3,31.0,2,1,3.0,4.0,4.0,0,3,11.662001
305905.0,3.0,0,13,1,3,31.0,1,1,5.0,0.0,6.0,0,5,14.466982
305914.0,3.0,1,13,1,3,31.0,2,1,3.0,5.0,5.0,0,1,11.303451
305916.0,2.0,0,14,2,3,31.0,2,1,5.0,0.0,6.0,0,3,11.478966
305918.0,2.0,1,13,2,3,31.0,2,1,3.0,3.0,3.0,0,3,10.709428
305922.0,3.0,0,17,2,3,31.0,2,1,5.0,2.0,0.0,0,4,13.372143
305922.0,4.0,0,15,2,3,31.0,2,1,6.0,0.0,0.0,0,4,13.372143
305922.0,6.0,1,12,1,3,31.0,2,1,3.0,5.0,0.0,0,4,13.372143
305924.0,3.0,1,14,1,3,31.0,2,1,3.0,1.0,0.0,0,1,11.122856
305924.0,4.0,1,12,1,3,31.0,2,0,,,,0,1,11.122856
305925.0,4.0,0,16,2,3,31.0,2,1,5.0,2.0,8.0,0,5,11.511535
305927.0,5.0,1,17,2,3,31.0,2,1,3.0,6.0,0.0,0,5,12.936036
305928.0,3.0,0,16,2,3,31.0,2,1,6.0,0.0,9.0,0,5,13.387955
305928.0,4.0,0,15,2,3,31.0,2,1,6.0,0.0,9.0,0,5,13.387955
305928.0,5.0,0,14,2,3,31.0,2,1,5.0,0.0,7.0,1,5,13.387955
305933.0,2.0,1,16,2,3,31.0,2,1,3.0,4.0,4.0,0,1,11.247018
305933.0,3.0,1,14,2,3,31.0,2,1,3.0,3.0,3.0,0,1,11.247018
305944.0,2.0,1,14,1,3,31.0,2,1,3.0,3.0,4.0,1,3,10.426024
305946.0,3.0,0,15,2,3,31.0,2,1,5.0,0.0,6.0,0,3,12.419109
305946.0,8.0,1,12,1,3,31.0,2,1,3.0,4.0,4.0,0,3,12.419109
305947.0,3.0,0,17,1,3,31.0,2,1,5.0,2.0,8.0,0,3,12.964413
305947.0,4.0,0,14,2,3,31.0,2,1,5.0,0.0,6.0,0,3,12.964413
305949.0,3.0,0,16,1,3,31.0,2,1,5.0,0.0,6.0,0,3,11.914456
305951.0,4.0,1,16,1,3,31.0,1,1,3.0,5.0,5.0,0,1,10.973546
305951.0,5.0,0,14,2,3,31.0,1,1,5.0,0.0,6.0,0,1,10.973546
305952.0,3.0,1,12,1,3,31.0,1,1,3.0,5.0,5.0,0,3,11.686256
305954.0,3.0,1,13,1,3,31.0,1,1,3.0,3.0,3.0,0,1,10.986156
305957.0,3.0,0,15,1,3,31.0,1,1,5.0,0.0,7.0,1,3,12.045528
305960.0,3.0,1,12,1,3,31.0,2,1,3.0,5.0,5.0,0,3,11.664581
305963.0,4.0,1,16,2,3,31.0,2,1,3.0,4.0,5.0,0,3,10.498912
305963.0,5.0,1,13,2,3,31.0,2,1,3.0,2.0,2.0,0,3,10.498912
305965.0,3.0,1,14,2,3,31.0,2,1,3.0,4.0,4.0,0,1,11.764665
305965.0,4.0,1,12,2,3,31.0,2,1,3.0,3.0,3.0,0,1,11.764665
305968.0,3.0,1,12,2,3,31.0,2,1,3.0,4.0,4.0,0,3,11.835741
305969.0,3.0,1,16,2,3,31.0,2,1,3.0,4.0,4.0,0,4,11.363857
305971.0,5.0,1,12,1,3,31.0,2,1,3.0,4.0,5.0,1,3,11.013304
305973.0,4.0,1,16,1,3,31.0,2,1,3.0,2.0,3.0,1,1,12.342726
305973.0,5.0,1,14,2,3,31.0,2,1,3.0,5.0,5.0,0,1,12.342726
305973.0,6.0,1,12,1,3,31.0,2,1,3.0,1.0,1.0,0,1,12.342726
305974.0,3.0,0,13,1,3,31.0,2,1,5.0,0.0,6.0,0,3,12.513782
305974.0,4.0,1,16,2,3,31.0,2,1,3.0,2.0,0.0,0,3,12.513782
305975.0,4.0,0,16,2,3,31.0,2,1,5.0,1.0,7.0,0,1,11.206686
305977.0,3.0,0,17,2,3,31.0,2,1,6.0,0.0,9.0,0,1,12.361305
305977.0,4.0,1,14,2,3,31.0,2,1,3.0,4.0,4.0,0,1,12.361305
305977.0,5.0,1,12,2,3,31.0,2,1,3.0,3.0,3.0,0,1,12.361305
305980.0,3.0,1,15,2,3,31.0,2,1,3.0,2.0,2.0,0,1,11.986678
305980.0,4.0,1,13,2,3,31.0,2,0,,,,0,1,11.986678
305980.0,7.0,1,16,1,3,31.0,2,1,3.0,4.0,5.0,0,1,11.986678
305980.0,8.0,1,12,2,3,31.0,2,1,3.0,1.0,1.0,0,1,11.986678
305981.0,5.0,0,15,1,3,31.0,2,1,5.0,0.0,6.0,0,1,11.270039
305981.0,6.0,1,12,1,3,31.0,2,1,3.0,5.0,5.0,0,1,11.270039
305982.0,3.0,1,12,2,3,31.0,2,1,3.0,2.0,2.0,0,1,11.902776
305984.0,3.0,0,15,1,3,31.0,2,1,5.0,2.0,8.0,0,1,11.550809
305991.0,3.0,1,14,2,3,31.0,2,1,3.0,4.0,0.0,0,2,0.0
305992.0,5.0,1,16,2,3,31.0,2,1,3.0,6.0,0.0,0,2,11.606288
305993.0,2.0,0,17,2,3,31.0,2,1,6.0,0.0,9.0,0,1,11.893148
305994.0,4.0,0,14,2,3,31.0,2,1,5.0,1.0,7.0,0,4,12.335876
305994.0,5.0,0,13,2,3,31.0,2,1,5.0,1.0,7.0,0,4,12.335876
305995.0,5.0,0,16,2,3,31.0,2,1,5.0,2.0,8.0,0,4,13.420238
305995.0,6.0,1,13,1,3,31.0,2,1,3.0,5.0,5.0,0,4,13.420238
306001.0,3.0,1,17,1,3,31.0,2,1,3.0,6.0,0.0,0,1,0.0
306001.0,4.0,1,13,1,3,31.0,2,1,5.0,0.0,0.0,0,1,0.0
306004.0,3.0,1,16,1,3,31.0,2,1,3.0,3.0,0.0,0,1,11.175366
306004.0,4.0,1,15,1,3,31.0,2,1,3.0,4.0,4.0,0,1,11.175366
306004.0,5.0,1,12,1,3,31.0,2,1,3.0,1.0,2.0,1,1,11.175366
306006.0,3.0,1,16,1,3,31.0,2,1,3.0,6.0,0.0,0,2,0.0
306007.0,3.0,0,17,2,3,31.0,2,1,6.0,1.0,10.0,0,4,13.4293785
306007.0,4.0,0,15,2,3,31.0,2,1,5.0,2.0,8.0,0,4,13.4293785
306007.0,5.0,0,13,1,3,31.0,2,1,5.0,0.0,6.0,0,4,13.4293785
306009.0,3.0,1,15,2,3,31.0,2,1,3.0,3.0,3.0,0,2,10.534121
306010.0,3.0,0,15,1,3,31.0,2,1,5.0,0.0,6.0,0,3,11.412397
306013.0,3.0,1,13,2,3,31.0,2,1,3.0,5.0,5.0,0,2,11.179563
306014.0,4.0,1,15,1,3,31.0,2,1,3.0,5.0,5.0,0,1,10.519376
306017.0,4.0,0,17,1,3,31.0,2,1,5.0,0.0,6.0,0,2,12.356693
306017.0,5.0,1,16,2,3,31.0,2,1,3.0,5.0,5.0,0,2,12.356693
306018.0,3.0,1,17,1,3,31.0,2,1,3.0,4.0,5.0,1,1,11.634488
306018.0,4.0,1,13,2,3,31.0,2,1,3.0,3.0,4.0,1,1,11.634488
306023.0,2.0,1,15,1,3,31.0,2,1,3.0,5.0,5.0,0,2,10.591019
306028.0,3.0,1,12,1,3,31.0,2,1,3.0,4.0,4.0,0,5,12.974967
306030.0,3.0,1,17,2,3,31.0,2,1,5.0,0.0,0.0,0,3,0.0
306032.0,4.0,1,17,1,3,31.0,2,1,3.0,6.0,0.0,0,1,0.0
306035.0,4.0,1,15,1,3,31.0,2,1,3.0,3.0,3.0,0,2,11.28541
306036.0,3.0,1,15,1,3,31.0,2,1,3.0,4.0,4.0,0,1,11.70706
306039.0,4.0,0,14,2,3,31.0,2,1,5.0,1.0,7.0,0,2,13.031007
306041.0,5.0,0,14,2,3,31.0,2,1,5.0,0.0,6.0,0,4,11.654737
306041.0,6.0,1,14,1,3,31.0,2,1,3.0,3.0,4.0,1,4,11.654737
306042.0,2.0,1,14,1,3,31.0,2,1,3.0,3.0,3.0,0,2,11.073661
306045.0,5.0,1,16,1,3,31.0,2,1,3.0,4.0,4.0,0,1,12.193347
306046.0,5.0,1,12,1,3,31.0,2,1,3.0,4.0,0.0,0,2,9.561068
306047.0,6.0,1,13,1,3,31.0,2,1,3.0,4.0,4.0,0,2,13.063963
306049.0,3.0,0,17,2,3,31.0,2,1,5.0,1.0,7.0,0,4,12.459885
306049.0,4.0,1,14,2,3,31.0,2,1,3.0,4.0,5.0,1,4,12.459885
306049.0,5.0,1,12,1,3,31.0,2,1,3.0,3.0,3.0,0,4,12.459885
306051.0,6.0,1,13,2,3,31.0,2,1,3.0,5.0,5.0,0,3,12.416722
306053.0,5.0,0,14,2,3,31.0,2,1,5.0,0.0,6.0,0,2,11.683815
306054.0,3.0,1,16,1,3,31.0,2,1,3.0,4.0,0.0,0,2,11.589201
306054.0,4.0,1,14,2,3,31.0,2,1,3.0,3.0,3.0,0,2,11.589201
306059.0,4.0,0,14,2,3,31.0,2,1,5.0,0.0,6.0,0,3,10.991393
306061.0,3.0,1,12,1,3,31.0,2,1,3.0,3.0,3.0,0,2,10.601025
306067.0,2.0,0,16,1,3,31.0,2,1,5.0,0.0,7.0,1,2,11.776988
306067.0,3.0,0,15,2,3,31.0,2,1,5.0,0.0,6.0,0,2,11.776988
306068.0,2.0,0,17,2,3,31.0,2,1,5.0,2.0,8.0,0,4,12.744453
306068.0,3.0,0,15,2,3,31.0,2,1,5.0,1.0,7.0,0,4,12.744453
306070.0,3.0,1,12,1,3,31.0,2,1,3.0,3.0,3.0,0,1,10.3279705
306074.0,3.0,1,16,2,3,31.0,2,1,3.0,5.0,6.0,1,2,11.5742655
306075.0,2.0,1,13,1,3,31.0,2,1,3.0,4.0,4.0,0,3,11.343926
306078.0,4.0,1,12,2,3,31.0,2,1,3.0,3.0,3.0,0,5,10.753125
306081.0,5.0,1,14,2,3,31.0,2,1,3.0,5.0,0.0,0,5,12.948012
306083.0,3.0,0,15,2,3,31.0,2,1,5.0,0.0,6.0,0,2,11.921791
306083.0,4.0,1,13,2,3,31.0,2,1,3.0,4.0,4.0,0,2,11.921791
306086.0,3.0,1,13,2,3,31.0,2,1,3.0,5.0,5.0,0,3,11.315096
306087.0,4.0,1,15,2,3,31.0,2,1,3.0,5.0,0.0,0,3,11.18235
306087.0,5.0,1,13,2,3,31.0,2,1,3.0,5.0,5.0,0,3,11.18235
306089.0,3.0,1,17,1,3,31.0,2,1,3.0,5.0,0.0,0,2,0.0
306090.0,2.0,1,16,2,3,31.0,2,1,3.0,4.0,4.0,0,3,10.397451
306093.0,3.0,1,14,2,3,31.0,2,1,3.0,3.0,3.0,0,1,10.368039
306094.0,4.0,1,15,1,3,31.0,2,1,3.0,4.0,4.0,0,4,10.782617
306095.0,3.0,1,12,2,3,31.0,2,1,3.0,5.0,5.0,0,2,11.400328
306096.0,2.0,1,15,2,3,31.0,2,1,3.0,4.0,5.0,1,3,11.339179
306096.0,4.0,1,13,2,3,31.0,2,1,3.0,3.0,3.0,0,3,11.339179
306101.0,3.0,1,12,1,3,31.0,2,1,3.0,3.0,3.0,0,3,10.538105
306107.0,2.0,0,15,2,3,31.0,2,1,5.0,2.0,8.0,0,3,11.533326
306110.0,3.0,1,13,1,3,31.0,2,1,3.0,4.0,4.0,0,2,11.572382
306111.0,3.0,1,15,1,3,31.0,2,1,3.0,1.0,2.0,1,3,11.136791
306111.0,4.0,1,12,2,3,31.0,2,1,3.0,2.0,2.0,0,3,11.136791
306112.0,5.0,0,16,1,3,31.0,2,1,5.0,2.0,8.0,0,4,13.109452
306112.0,6.0,1,13,1,3,31.0,2,1,3.0,5.0,5.0,0,4,13.109452
306114.0,4.0,1,16,2,3,31.0,2,1,3.0,4.0,0.0,0,3,0.0
306116.0,3.0,0,14,2,3,31.0,2,1,5.0,0.0,6.0,0,3,11.055815
306117.0,3.0,1,12,2,3,31.0,2,1,3.0,3.0,4.0,1,2,11.263194
306122.0,3.0,1,12,1,3,31.0,2,1,3.0,4.0,4.0,0,3,11.426016
306133.0,3.0,1,12,2,3,31.0,1,1,3.0,4.0,5.0,1,1,11.1490965
306135.0,3.0,0,16,1,3,31.0,1,1,5.0,0.0,6.0,0,3,11.814037
306135.0,4.0,1,13,1,3,31.0,1,1,3.0,4.0,4.0,0,3,11.814037
306136.0,5.0,0,16,1,3,31.0,1,1,5.0,2.0,8.0,0,5,14.411189
306137.0,3.0,0,17,2,3,31.0,1,1,6.0,2.0,11.0,0,5,14.149208
306137.0,4.0,0,14,2,3,31.0,1,1,5.0,2.0,8.0,0,5,14.149208
306139.0,5.0,1,13,1,3,31.0,2,1,3.0,3.0,4.0,1,2,11.671005
306140.0,3.0,0,14,1,3,31.0,2,1,5.0,0.0,6.0,0,3,11.843925
306142.0,5.0,0,16,1,3,31.0,2,1,5.0,1.0,7.0,0,2,13.073974
306144.0,4.0,1,16,2,3,31.0,2,1,3.0,5.0,5.0,0,4,12.170373
306145.0,4.0,1,15,1,3,31.0,2,1,3.0,4.0,4.0,0,3,10.698198
306146.0,3.0,1,14,2,3,31.0,2,1,3.0,4.0,4.0,0,1,11.248322
306147.0,3.0,1,12,2,3,31.0,2,1,3.0,1.0,1.0,0,1,10.9707985
306148.0,3.0,0,16,2,3,31.0,2,1,5.0,0.0,7.0,1,2,11.305299
306148.0,4.0,1,13,2,3,31.0,2,1,3.0,4.0,4.0,0,2,11.305299
306151.0,3.0,1,13,1,3,31.0,2,1,3.0,3.0,4.0,1,3,11.728247
306152.0,3.0,1,17,2,3,31.0,2,1,3.0,6.0,0.0,0,2,0.0
306153.0,4.0,0,16,2,3,31.0,2,1,6.0,0.0,9.0,0,3,11.307879
306157.0,3.0,1,13,2,3,31.0,2,1,3.0,3.0,3.0,0,4,11.1739645
306157.0,4.0,1,12,2,3,31.0,2,1,3.0,2.0,2.0,0,4,11.1739645
306158.0,5.0,0,17,1,3,31.0,2,1,5.0,2.0,8.0,0,4,14.00268
306158.0,6.0,0,17,1,3,31.0,2,1,5.0,2.0,8.0,0,4,14.00268
306160.0,3.0,1,17,2,3,31.0,2,1,3.0,5.0,0.0,0,2,11.061563
306162.0,3.0,1,13,2,3,31.0,2,1,3.0,4.0,4.0,0,3,11.424651
306165.0,4.0,0,17,2,3,31.0,2,1,5.0,1.0,7.0,0,5,12.413376
306165.0,5.0,0,15,2,3,31.0,2,1,5.0,0.0,6.0,0,5,12.413376
306165.0,6.0,1,12,1,3,31.0,2,1,3.0,4.0,4.0,0,5,12.413376
306167.0,4.0,1,15,2,3,31.0,2,1,3.0,5.0,5.0,0,2,12.082837
306167.0,5.0,1,13,1,3,31.0,2,1,3.0,1.0,2.0,1,2,12.082837
306169.0,4.0,1,17,2,3,31.0,2,1,3.0,6.0,0.0,0,1,0.0
306173.0,2.0,1,14,2,3,31.0,2,1,3.0,5.0,5.0,0,1,10.473789
306180.0,4.0,0,17,2,3,31.0,1,1,6.0,0.0,9.0,0,5,14.513546
306180.0,5.0,0,15,1,3,31.0,1,1,5.0,1.0,7.0,0,5,14.513546
306184.0,3.0,1,17,1,3,31.0,2,1,5.0,1.0,0.0,0,3,11.270866
306184.0,4.0,1,12,1,3,31.0,2,1,3.0,2.0,2.0,0,3,11.270866
306185.0,5.0,1,15,2,3,31.0,2,1,3.0,1.0,0.0,0,4,0.0
306186.0,3.0,0,16,2,3,31.0,2,1,5.0,0.0,6.0,0,4,11.590682
306186.0,4.0,1,14,1,3,31.0,2,1,3.0,1.0,2.0,0,4,11.590682
306190.0,4.0,1,16,2,3,31.0,2,1,3.0,3.0,0.0,0,3,11.09226
306191.0,5.0,0,15,1,3,31.0,2,1,5.0,1.0,7.0,0,4,13.438904
306191.0,6.0,1,13,2,3,31.0,2,1,3.0,4.0,4.0,0,4,13.438904
306192.0,5.0,1,15,1,3,31.0,2,1,3.0,3.0,3.0,0,2,11.3510065
306192.0,6.0,1,13,1,3,31.0,2,1,3.0,3.0,3.0,0,2,11.3510065
306194.0,3.0,0,16,1,3,31.0,2,1,5.0,0.0,7.0,1,2,11.914456
306196.0,4.0,1,17,1,3,31.0,2,1,3.0,4.0,4.0,0,1,11.135333
306196.0,5.0,1,15,1,3,31.0,2,1,3.0,4.0,4.0,0,1,11.135333
306197.0,4.0,0,16,2,3,31.0,2,1,5.0,0.0,7.0,1,4,12.270623
306200.0,6.0,1,13,2,3,31.0,2,1,3.0,3.0,3.0,0,2,11.702189
306201.0,3.0,1,13,2,3,31.0,2,1,3.0,4.0,4.0,0,3,11.369644
306202.0,3.0,1,17,1,3,31.0,2,1,3.0,5.0,5.0,0,2,10.524763
306203.0,3.0,1,12,2,3,31.0,2,1,3.0,3.0,4.0,1,3,10.360152
306206.0,3.0,1,15,2,3,31.0,2,1,3.0,1.0,1.0,0,1,10.996266
306206.0,4.0,1,12,1,3,31.0,2,0,,,,0,1,10.996266
306209.0,2.0,1,15,1,3,31.0,2,1,3.0,4.0,4.0,0,2,11.77318
306209.0,3.0,1,13,2,3,31.0,2,1,3.0,5.0,5.0,0,2,11.77318
306210.0,5.0,0,15,1,3,31.0,2,1,5.0,1.0,7.0,0,2,13.101152
306210.0,6.0,1,13,1,3,31.0,2,1,3.0,4.0,4.0,0,2,13.101152
306213.0,3.0,1,16,1,3,31.0,2,1,3.0,3.0,3.0,0,2,11.346883
306213.0,4.0,1,12,1,3,31.0,2,1,3.0,2.0,2.0,0,2,11.346883
306215.0,3.0,1,16,2,3,31.0,2,1,3.0,5.0,5.0,0,3,11.407021
306215.0,4.0,1,14,2,3,31.0,2,1,3.0,4.0,4.0,0,3,11.407021
306216.0,3.0,1,16,2,3,31.0,2,1,3.0,2.0,0.0,0,1,11.144048
306216.0,4.0,1,13,2,3,31.0,2,1,3.0,1.0,1.0,0,1,11.144048
306219.0,4.0,0,17,2,3,31.0,2,1,5.0,2.0,8.0,0,1,12.472548
306219.0,5.0,1,14,2,3,31.0,2,1,3.0,5.0,5.0,0,1,12.472548
306220.0,5.0,0,16,2,3,31.0,2,1,5.0,1.0,7.0,0,3,11.473779
306221.0,2.0,0,17,1,3,31.0,2,1,5.0,0.0,6.0,0,3,11.322503
306222.0,4.0,1,12,2,3,31.0,2,1,3.0,3.0,3.0,0,2,11.00934
306223.0,5.0,1,13,2,3,31.0,2,1,3.0,5.0,5.0,0,3,12.057781
306224.0,4.0,0,17,2,3,31.0,2,1,5.0,1.0,7.0,0,1,11.892122
306224.0,5.0,1,14,2,3,31.0,2,1,3.0,4.0,4.0,0,1,11.892122
306228.0,3.0,0,14,1,3,31.0,2,1,5.0,0.0,6.0,0,1,11.03127
306228.0,4.0,1,14,1,3,31.0,2,1,3.0,3.0,3.0,0,1,11.03127
306231.0,5.0,0,16,2,3,31.0,2,1,5.0,1.0,7.0,0,1,12.504401
306232.0,3.0,1,16,1,3,31.0,2,1,3.0,5.0,5.0,0,1,10.668397
306233.0,4.0,1,13,2,3,31.0,2,1,3.0,5.0,5.0,0,2,11.802052
306235.0,3.0,1,16,2,3,31.0,2,1,3.0,4.0,5.0,1,2,11.036517
306235.0,4.0,1,13,2,3,31.0,2,1,3.0,2.0,3.0,1,2,11.036517
306236.0,4.0,0,16,2,3,31.0,2,1,5.0,1.0,7.0,0,3,11.22272
306240.0,2.0,1,15,1,3,31.0,2,1,3.0,4.0,4.0,1,2,11.220579
306240.0,3.0,1,12,2,3,31.0,2,1,3.0,2.0,2.0,1,2,11.220579
306241.0,6.0,1,12,1,3,31.0,2,1,3.0,2.0,2.0,0,1,11.126542
306241.0,8.0,1,15,2,3,31.0,2,1,3.0,2.0,0.0,0,1,11.126542
306242.0,3.0,1,14,2,3,31.0,2,1,3.0,4.0,4.0,0,4,10.615849
306243.0,2.0,1,12,1,3,31.0,2,1,3.0,3.0,3.0,0,2,10.459554
306245.0,4.0,1,15,2,3,31.0,2,1,3.0,5.0,5.0,0,2,11.737077
306246.0,7.0,0,17,2,3,31.0,2,1,5.0,0.0,6.0,0,2,13.405617
306247.0,4.0,0,16,2,3,31.0,2,1,5.0,2.0,8.0,0,1,11.650389
306247.0,5.0,1,13,2,3,31.0,2,1,3.0,2.0,2.0,0,1,11.650389
306251.0,5.0,0,13,1,3,31.0,2,1,5.0,0.0,6.0,0,5,13.809126
306254.0,3.0,1,15,1,3,31.0,2,1,3.0,4.0,4.0,0,1,11.9812155
306254.0,4.0,1,13,2,3,31.0,2,1,3.0,5.0,5.0,0,1,11.9812155
306255.0,3.0,1,15,1,3,31.0,2,1,3.0,2.0,3.0,1,1,10.3664665
306264.0,5.0,1,13,2,3,31.0,2,1,3.0,5.0,,0,2,10.792941
306265.0,6.0,1,13,1,3,31.0,2,1,3.0,2.0,,0,3,12.882508
306267.0,3.0,0,16,2,3,31.0,2,1,5.0,2.0,,0,2,11.569646
306269.0,3.0,1,16,1,3,31.0,2,1,3.0,5.0,,0,1,10.548652
306273.0,4.0,0,16,2,3,31.0,2,1,6.0,0.0,,0,1,11.167275
306274.0,3.0,1,16,2,3,31.0,2,1,5.0,1.0,,0,2,11.921725
306274.0,4.0,1,15,1,3,31.0,2,1,3.0,4.0,,1,2,11.921725
306274.0,5.0,1,14,1,3,31.0,2,1,3.0,4.0,,0,2,11.921725
306274.0,8.0,1,16,2,3,31.0,2,1,3.0,3.0,,0,2,11.921725
306275.0,2.0,1,13,1,3,31.0,2,1,3.0,2.0,,1,2,10.620742
306277.0,7.0,0,14,2,3,31.0,2,1,5.0,1.0,,0,1,11.029407
306280.0,4.0,1,17,1,3,31.0,2,1,3.0,6.0,,0,2,13.106551
306280.0,5.0,0,17,1,3,31.0,2,1,5.0,2.0,,0,2,13.106551
306280.0,6.0,0,14,2,3,31.0,2,1,5.0,0.0,,0,2,13.106551
306281.0,3.0,1,13,1,3,31.0,2,1,3.0,4.0,,0,2,10.625611
306283.0,5.0,0,17,2,3,31.0,2,1,5.0,2.0,,0,2,12.076596
306284.0,3.0,1,12,2,3,31.0,2,1,3.0,4.0,,0,2,11.443854
306287.0,6.0,0,13,1,3,31.0,2,1,5.0,1.0,,0,2,12.341569
306291.0,3.0,1,16,1,3,31.0,2,1,3.0,5.0,,0,1,11.448398
306292.0,3.0,1,15,2,3,31.0,2,1,3.0,4.0,,0,2,11.686256
306292.0,4.0,1,13,1,3,31.0,2,1,3.0,4.0,,0,2,11.686256
306294.0,2.0,1,13,1,3,31.0,2,1,3.0,2.0,,0,2,10.448019
306295.0,3.0,0,15,2,3,31.0,2,1,5.0,0.0,,0,1,11.995018
306295.0,4.0,1,13,1,3,31.0,2,1,3.0,3.0,,0,1,11.995018
306297.0,4.0,1,16,1,3,31.0,2,1,3.0,3.0,,0,1,11.146935
306298.0,3.0,1,17,2,3,31.0,2,1,3.0,6.0,,0,1,11.164587
306298.0,4.0,0,15,2,3,31.0,2,1,5.0,1.0,,0,1,11.164587
306298.0,5.0,1,12,1,3,31.0,2,1,3.0,5.0,,0,1,11.164587
306299.0,3.0,1,17,2,3,31.0,2,1,3.0,6.0,,0,1,11.997115
306299.0,4.0,0,15,1,3,31.0,2,1,5.0,0.0,,0,1,11.997115
306299.0,5.0,1,13,2,3,31.0,2,1,3.0,3.0,,0,1,11.997115
306300.0,3.0,1,16,2,3,31.0,2,1,3.0,4.0,,1,1,11.588135
306300.0,4.0,1,12,2,3,31.0,2,1,3.0,3.0,,0,1,11.588135
306301.0,5.0,1,15,2,3,31.0,2,1,3.0,5.0,,0,2,11.799802
306301.0,6.0,1,12,1,3,31.0,2,1,3.0,4.0,,0,2,11.799802
306303.0,4.0,0,13,2,3,31.0,2,1,5.0,1.0,,0,5,13.504759
306307.0,3.0,0,16,1,3,31.0,2,1,5.0,1.0,,0,4,12.600766
306308.0,3.0,1,17,1,3,31.0,2,1,3.0,2.0,,0,2,10.415592
306311.0,2.0,1,16,1,3,32.0,1,1,3.0,1.0,0.0,0,1,11.217896
306311.0,3.0,1,13,1,3,32.0,1,1,3.0,2.0,0.0,0,1,11.217896
306313.0,4.0,0,16,2,3,32.0,1,1,5.0,2.0,8.0,0,4,12.867628
306316.0,3.0,0,17,2,3,32.0,1,1,5.0,2.0,8.0,0,1,11.856416
306316.0,4.0,1,15,1,3,32.0,1,1,3.0,4.0,5.0,1,1,11.856416
306318.0,5.0,1,17,1,3,32.0,1,1,3.0,6.0,0.0,0,2,12.21206
306318.0,6.0,1,17,2,3,32.0,1,1,3.0,6.0,0.0,0,2,12.21206
306318.0,7.0,1,15,2,3,32.0,1,1,3.0,5.0,5.0,0,2,12.21206
306318.0,8.0,1,12,2,3,32.0,1,1,3.0,4.0,4.0,0,2,12.21206
306319.0,3.0,0,16,1,3,32.0,2,1,5.0,1.0,7.0,0,2,12.1688175
306319.0,4.0,1,12,2,3,32.0,2,1,3.0,3.0,3.0,0,2,12.1688175
306320.0,3.0,1,12,2,3,32.0,2,1,3.0,2.0,2.0,0,4,10.905516
306321.0,4.0,1,16,2,3,32.0,2,1,3.0,4.0,4.0,0,2,11.667156
306321.0,5.0,1,12,1,3,32.0,2,1,3.0,2.0,2.0,0,2,11.667156
306322.0,3.0,1,17,2,3,32.0,2,1,3.0,5.0,0.0,0,2,11.339179
306322.0,4.0,1,15,1,3,32.0,2,1,3.0,3.0,4.0,1,2,11.339179
306322.0,5.0,1,13,1,3,32.0,2,1,3.0,2.0,3.0,1,2,11.339179
306323.0,2.0,1,13,1,3,32.0,2,1,3.0,3.0,3.0,0,3,11.224923
306324.0,2.0,1,12,1,3,32.0,2,1,3.0,3.0,3.0,0,3,10.347404
306325.0,5.0,1,12,1,3,32.0,2,1,3.0,3.0,3.0,0,1,10.700454
306330.0,3.0,0,16,1,3,32.0,2,1,5.0,0.0,6.0,0,2,10.806916
306331.0,4.0,1,15,2,3,32.0,2,1,3.0,5.0,5.0,0,2,11.389072
306333.0,3.0,1,12,2,3,32.0,2,1,3.0,5.0,5.0,0,1,10.491718
306334.0,3.0,1,14,2,3,32.0,2,1,3.0,5.0,5.0,0,2,11.381119
306334.0,4.0,1,12,1,3,32.0,2,1,3.0,2.0,3.0,1,2,11.381119
306338.0,6.0,0,17,1,3,32.0,2,1,6.0,1.0,10.0,0,2,13.811031
306338.0,7.0,1,14,1,3,32.0,2,1,3.0,4.0,4.0,0,2,13.811031
306340.0,3.0,1,12,2,3,32.0,2,1,3.0,4.0,5.0,1,3,10.606114
306342.0,3.0,0,15,1,3,32.0,2,1,6.0,0.0,9.0,0,4,11.779979
306343.0,2.0,1,12,2,3,32.0,2,1,3.0,3.0,4.0,1,1,11.249623
306346.0,3.0,1,13,1,3,32.0,2,1,3.0,4.0,4.0,0,3,11.580126
306347.0,3.0,0,17,1,3,32.0,2,1,5.0,0.0,6.0,0,2,11.638554
306347.0,4.0,1,12,1,3,32.0,2,1,3.0,3.0,3.0,0,2,11.638554
306349.0,3.0,0,17,1,3,32.0,2,1,6.0,0.0,9.0,0,3,10.657283
306353.0,4.0,0,16,2,3,32.0,2,1,6.0,0.0,9.0,0,4,13.618639
306353.0,5.0,0,14,1,3,32.0,2,1,5.0,1.0,7.0,0,4,13.618639
306355.0,3.0,1,16,1,3,32.0,2,1,3.0,3.0,0.0,0,1,10.400498
306356.0,4.0,1,16,1,3,32.0,2,1,3.0,3.0,0.0,0,1,11.045733
306356.0,5.0,1,12,2,3,32.0,2,1,3.0,1.0,2.0,1,1,11.045733
306357.0,5.0,1,12,2,3,32.0,2,1,3.0,5.0,5.0,0,1,11.03127
306361.0,5.0,1,16,2,3,32.0,2,1,3.0,4.0,0.0,0,3,11.248322
306365.0,2.0,1,17,1,3,32.0,1,1,3.0,4.0,5.0,1,3,10.496151
306370.0,6.0,1,12,1,3,32.0,1,1,3.0,3.0,3.0,0,1,10.897221
306371.0,4.0,1,17,2,3,32.0,1,1,3.0,3.0,0.0,0,1,11.655605
306371.0,5.0,0,14,1,3,32.0,1,1,5.0,1.0,7.0,0,1,11.655605
306372.0,3.0,0,17,1,3,32.0,1,1,5.0,1.0,7.0,0,3,12.2557955
306372.0,4.0,0,14,1,3,32.0,1,1,5.0,1.0,7.0,0,3,12.2557955
306373.0,6.0,1,15,1,3,32.0,2,1,3.0,5.0,0.0,0,4,10.797042
306376.0,2.0,1,15,1,3,32.0,2,1,3.0,4.0,5.0,1,3,10.8361635
306378.0,2.0,1,12,2,3,32.0,2,1,3.0,4.0,4.0,0,4,10.476612
306380.0,4.0,0,17,2,3,32.0,2,1,5.0,1.0,8.0,1,1,11.536506
306380.0,5.0,1,15,1,3,32.0,2,1,3.0,6.0,6.0,0,1,11.536506
306380.0,6.0,1,13,2,3,32.0,2,1,3.0,3.0,3.0,0,1,11.536506
306381.0,2.0,1,17,1,3,32.0,2,1,3.0,6.0,6.0,0,2,10.815289
306383.0,3.0,1,17,2,3,32.0,2,1,5.0,1.0,0.0,0,2,11.433081
306383.0,4.0,1,15,1,3,32.0,2,1,3.0,4.0,5.0,0,2,11.433081
306385.0,3.0,0,14,2,3,32.0,2,1,5.0,0.0,6.0,0,2,11.429935
306387.0,5.0,1,14,2,3,32.0,2,1,3.0,5.0,5.0,0,3,11.62827
306388.0,9.0,0,17,2,3,32.0,2,1,6.0,1.0,10.0,0,2,12.574532
306388.0,10.0,1,15,1,3,32.0,2,1,3.0,5.0,5.0,0,2,12.574532
306389.0,2.0,0,14,2,3,32.0,2,1,5.0,1.0,8.0,1,2,10.814585
306390.0,4.0,0,15,2,3,32.0,2,1,5.0,1.0,8.0,1,3,11.327331
306391.0,5.0,0,16,2,3,32.0,2,1,5.0,0.0,6.0,0,4,11.899792
306391.0,6.0,1,14,2,3,32.0,2,1,3.0,5.0,5.0,0,4,11.899792
306392.0,6.0,1,17,2,3,32.0,2,1,3.0,6.0,0.0,0,5,11.240802
306393.0,5.0,0,15,1,3,32.0,2,1,5.0,1.0,7.0,0,1,11.052095
306393.0,6.0,1,16,2,3,32.0,2,1,3.0,3.0,0.0,0,1,11.052095
306395.0,3.0,0,16,1,3,32.0,2,1,5.0,1.0,7.0,0,3,12.102577
306395.0,4.0,1,13,1,3,32.0,2,1,3.0,4.0,5.0,1,3,12.102577
306396.0,4.0,0,17,1,3,32.0,2,1,5.0,2.0,8.0,0,3,12.897208
306396.0,5.0,0,15,1,3,32.0,2,1,5.0,0.0,7.0,1,3,12.897208
306396.0,6.0,0,13,1,3,32.0,2,1,5.0,0.0,6.0,0,3,12.897208
306397.0,3.0,1,14,1,3,32.0,2,1,3.0,3.0,3.0,0,2,10.642468
306398.0,3.0,1,15,2,3,32.0,2,1,3.0,4.0,5.0,1,2,11.62291
306398.0,4.0,1,12,2,3,32.0,2,1,3.0,4.0,5.0,1,2,11.62291
306400.0,3.0,1,13,2,3,32.0,2,1,2.0,1.0,,0,1,10.406563
306404.0,3.0,1,15,1,3,32.0,2,1,3.0,5.0,5.0,0,1,11.3480625
306407.0,3.0,1,14,1,3,32.0,2,1,3.0,2.0,3.0,0,2,11.75372
306408.0,3.0,1,16,1,3,32.0,2,1,3.0,6.0,0.0,0,1,11.205734
306408.0,4.0,1,13,2,3,32.0,2,1,3.0,1.0,1.0,0,1,11.205734
306409.0,4.0,0,14,2,3,32.0,2,1,5.0,0.0,7.0,1,3,11.3127775
306411.0,3.0,1,16,1,3,32.0,2,1,3.0,3.0,0.0,0,3,0.0
306412.0,2.0,1,13,1,3,32.0,2,1,3.0,1.0,2.0,1,1,11.053284
306413.0,4.0,0,17,1,3,32.0,2,1,6.0,1.0,10.0,0,2,11.642953
306413.0,5.0,1,14,2,3,32.0,2,1,3.0,5.0,5.0,0,2,11.642953
306416.0,3.0,1,12,2,3,32.0,2,1,3.0,2.0,2.0,0,2,11.333811
306417.0,4.0,1,16,1,3,32.0,2,1,3.0,4.0,5.0,1,3,13.160451
306417.0,5.0,1,12,2,3,32.0,2,1,3.0,3.0,3.0,0,3,13.160451
306418.0,2.0,1,13,1,3,32.0,2,1,3.0,2.0,2.0,0,1,9.752723
306419.0,4.0,1,16,1,3,32.0,2,1,3.0,5.0,5.0,0,1,11.72744
306419.0,5.0,1,13,1,3,32.0,2,1,3.0,3.0,4.0,1,1,11.72744
306421.0,3.0,1,15,2,3,32.0,2,1,3.0,4.0,4.0,0,1,11.523133
306421.0,4.0,1,12,2,3,32.0,2,1,3.0,2.0,2.0,0,1,11.523133
306422.0,3.0,1,14,1,3,32.0,2,1,3.0,1.0,1.0,0,1,11.553069
306422.0,4.0,1,12,2,3,32.0,2,1,3.0,0.0,1.0,1,1,11.553069
306426.0,3.0,0,14,1,3,32.0,2,1,5.0,1.0,7.0,0,5,12.143457
306433.0,4.0,1,17,2,3,32.0,2,1,3.0,3.0,0.0,0,1,11.126542
306433.0,5.0,1,14,1,3,32.0,2,1,3.0,3.0,3.0,0,1,11.126542
306438.0,3.0,1,12,2,3,32.0,2,1,3.0,3.0,3.0,0,1,10.618299
306441.0,3.0,1,17,1,3,32.0,2,1,3.0,5.0,0.0,0,1,10.465272
306441.0,4.0,1,16,1,3,32.0,2,1,3.0,6.0,0.0,0,1,10.465272
306448.0,5.0,0,17,2,3,32.0,2,1,5.0,0.0,6.0,0,3,11.667885
306449.0,3.0,1,13,1,3,32.0,2,1,3.0,3.0,3.0,0,4,11.872179
306450.0,5.0,0,17,2,3,32.0,2,1,5.0,0.0,6.0,0,3,11.956399
306450.0,6.0,1,15,2,3,32.0,2,1,3.0,5.0,6.0,1,3,11.956399
306450.0,7.0,1,13,2,3,32.0,2,1,3.0,4.0,4.0,0,3,11.956399
306451.0,2.0,1,17,2,3,32.0,2,1,3.0,5.0,6.0,0,5,8.981053
306455.0,4.0,0,15,2,3,32.0,2,1,5.0,0.0,6.0,0,3,13.483474
306456.0,4.0,1,15,1,3,32.0,2,1,3.0,4.0,4.0,0,1,11.877054
306456.0,5.0,1,12,2,3,32.0,2,1,3.0,4.0,4.0,0,1,11.877054
306463.0,3.0,0,17,2,3,32.0,2,1,5.0,1.0,7.0,0,4,13.466196
306463.0,4.0,0,13,1,3,32.0,2,1,5.0,0.0,6.0,0,4,13.466196
306463.0,5.0,1,13,2,3,32.0,2,1,3.0,4.0,5.0,1,4,13.466196
306464.0,2.0,1,12,2,3,32.0,2,1,3.0,4.0,4.0,0,4,11.358036
306467.0,4.0,0,16,2,3,32.0,2,1,5.0,2.0,8.0,0,2,12.816819
306468.0,3.0,1,12,1,3,32.0,2,1,3.0,0.0,1.0,1,3,11.365017
306469.0,3.0,1,13,2,3,32.0,2,1,3.0,4.0,4.0,0,4,11.289169
306476.0,4.0,1,13,1,3,32.0,2,1,3.0,2.0,2.0,0,2,11.085997
306481.0,3.0,1,14,1,3,32.0,2,1,3.0,5.0,5.0,0,3,11.656602
306484.0,5.0,1,16,2,3,32.0,2,1,3.0,3.0,3.0,0,2,12.245827
306485.0,3.0,1,13,2,3,32.0,2,1,3.0,3.0,3.0,0,1,11.017825
306488.0,3.0,1,16,1,3,32.0,2,1,3.0,5.0,0.0,0,1,10.635279
306488.0,4.0,1,12,1,3,32.0,2,1,3.0,2.0,2.0,0,1,10.635279
306489.0,6.0,0,16,2,3,32.0,2,1,5.0,2.0,8.0,0,1,13.337388
306489.0,7.0,1,13,2,3,32.0,2,1,3.0,5.0,5.0,0,1,13.337388
306490.0,4.0,1,15,2,3,32.0,2,1,3.0,6.0,0.0,0,1,9.975855
306490.0,5.0,0,13,2,3,32.0,2,1,5.0,0.0,6.0,0,1,9.975855
306492.0,3.0,1,14,2,3,32.0,2,1,3.0,3.0,3.0,0,1,12.019749
306492.0,4.0,1,12,1,3,32.0,2,1,3.0,4.0,4.0,0,1,12.019749
306493.0,3.0,1,12,2,3,32.0,2,1,3.0,2.0,3.0,1,2,11.500357
306494.0,3.0,1,17,2,3,32.0,2,1,3.0,6.0,6.0,0,3,11.741064
306494.0,4.0,1,14,2,3,32.0,2,1,3.0,3.0,3.0,0,3,11.741064
306499.0,3.0,1,17,1,3,32.0,2,1,3.0,4.0,0.0,0,3,10.490607
306499.0,4.0,1,14,1,3,32.0,2,1,3.0,2.0,2.0,0,3,10.490607
306501.0,4.0,1,13,1,3,32.0,2,1,3.0,5.0,5.0,0,4,11.663378
306503.0,4.0,1,17,2,3,32.0,2,1,3.0,5.0,5.0,0,1,12.37015
306503.0,5.0,1,14,1,3,32.0,2,1,3.0,3.0,3.0,0,1,12.37015
306503.0,6.0,1,12,2,3,32.0,2,1,3.0,3.0,3.0,0,1,12.37015
306504.0,4.0,1,16,2,3,32.0,2,1,3.0,5.0,5.0,0,1,11.330215
306504.0,5.0,1,13,2,3,32.0,2,1,3.0,2.0,2.0,0,1,11.330215
306509.0,4.0,0,17,2,3,32.0,2,1,6.0,0.0,9.0,0,2,13.155839
306509.0,5.0,0,15,1,3,32.0,2,1,5.0,0.0,6.0,0,2,13.155839
306509.0,6.0,1,12,1,3,32.0,2,1,3.0,3.0,3.0,0,2,13.155839
306512.0,4.0,1,15,2,3,32.0,2,1,3.0,4.0,5.0,1,3,10.794993
306513.0,5.0,1,16,2,3,32.0,2,1,3.0,4.0,4.0,0,4,11.326909
306513.0,7.0,1,14,2,3,32.0,2,1,3.0,2.0,2.0,0,4,11.326909
306515.0,5.0,0,17,1,3,32.0,2,1,5.0,0.0,6.0,0,1,11.256238
306517.0,3.0,0,16,2,3,32.0,2,1,5.0,2.0,8.0,0,2,11.718809
306518.0,2.0,1,13,2,3,32.0,2,1,3.0,2.0,2.0,0,1,10.561681
306519.0,4.0,0,17,2,3,32.0,2,1,5.0,2.0,8.0,0,3,13.003965
306520.0,3.0,1,17,1,3,32.0,2,1,3.0,2.0,0.0,0,1,0.0
306524.0,3.0,0,15,2,3,32.0,2,1,5.0,0.0,7.0,1,2,10.854682
306525.0,4.0,1,16,1,3,32.0,2,1,3.0,4.0,5.0,0,2,11.993505
306526.0,7.0,1,13,1,3,32.0,2,1,3.0,5.0,5.0,0,1,11.657121
306528.0,4.0,1,17,1,3,32.0,2,1,3.0,3.0,0.0,0,1,11.42765
306528.0,5.0,1,14,1,3,32.0,2,1,3.0,2.0,3.0,0,1,11.42765
306528.0,6.0,1,12,2,3,32.0,2,1,3.0,1.0,2.0,1,1,11.42765
306531.0,5.0,1,12,1,3,32.0,2,1,3.0,2.0,3.0,0,1,11.771135
306532.0,4.0,1,12,2,3,32.0,2,1,3.0,2.0,3.0,1,1,10.992908
306535.0,3.0,0,16,1,3,32.0,2,1,5.0,2.0,8.0,0,1,12.570702
306536.0,7.0,1,14,1,3,32.0,2,1,3.0,4.0,0.0,0,5,13.173695
306536.0,8.0,1,13,1,3,32.0,2,0,,,,0,5,13.173695
306541.0,2.0,1,13,1,3,32.0,2,1,3.0,2.0,0.0,0,3,10.531456
306542.0,6.0,1,13,2,3,32.0,2,1,3.0,1.0,2.0,1,1,10.409582
306543.0,3.0,1,17,1,3,32.0,2,1,5.0,2.0,0.0,0,1,8.343078
306543.0,4.0,1,12,2,3,32.0,2,1,3.0,3.0,4.0,1,1,8.343078
306548.0,4.0,1,12,2,3,32.0,2,1,3.0,2.0,2.0,0,3,10.534121
306549.0,5.0,1,13,1,3,32.0,2,1,3.0,1.0,2.0,1,1,9.942757
306550.0,3.0,0,17,1,3,32.0,2,1,5.0,2.0,8.0,0,5,12.490447
306550.0,4.0,1,13,1,3,32.0,2,1,3.0,5.0,5.0,0,5,12.490447
306553.0,3.0,1,15,2,3,32.0,2,1,3.0,5.0,5.0,0,3,10.570702
306554.0,4.0,1,15,1,3,32.0,2,1,3.0,2.0,3.0,1,1,9.82558
306554.0,5.0,1,12,1,3,32.0,2,1,3.0,0.0,1.0,1,1,9.82558
306557.0,2.0,0,16,1,3,32.0,2,1,5.0,0.0,6.0,0,4,10.645449
306558.0,3.0,1,12,2,3,32.0,2,1,3.0,2.0,2.0,0,1,10.46812
306559.0,4.0,1,16,1,3,32.0,2,1,3.0,6.0,6.0,0,2,11.021102
306559.0,5.0,1,12,2,3,32.0,2,1,3.0,2.0,2.0,0,2,11.021102
306561.0,4.0,1,14,1,3,32.0,2,1,3.0,3.0,4.0,1,2,10.859499
306566.0,3.0,0,17,1,3,32.0,2,1,5.0,1.0,7.0,0,3,10.740757
306567.0,4.0,0,15,1,3,32.0,2,1,5.0,2.0,8.0,0,3,12.873019
306567.0,5.0,0,13,2,3,32.0,2,1,5.0,0.0,6.0,0,3,12.873019
306567.0,7.0,1,13,1,3,32.0,2,1,3.0,3.0,4.0,1,3,12.873019
306569.0,3.0,1,14,1,3,32.0,2,1,3.0,4.0,5.0,1,1,10.555187
306573.0,5.0,1,17,2,3,32.0,2,1,3.0,4.0,5.0,1,2,10.372741
306576.0,3.0,0,13,2,3,32.0,2,1,5.0,0.0,6.0,0,5,11.666813
306580.0,2.0,1,12,2,3,32.0,2,1,3.0,2.0,2.0,0,2,10.76798
306582.0,4.0,0,17,2,3,32.0,2,1,6.0,0.0,9.0,0,4,14.096694
306582.0,5.0,0,15,2,3,32.0,2,1,5.0,0.0,6.0,0,4,14.096694
306582.0,6.0,1,12,2,3,32.0,2,1,3.0,5.0,5.0,0,4,14.096694
306583.0,3.0,1,13,1,3,32.0,2,1,3.0,4.0,4.0,0,2,11.235867
306584.0,3.0,0,17,2,3,32.0,2,1,5.0,1.0,7.0,0,1,12.512163
306584.0,4.0,0,16,2,3,32.0,2,1,5.0,1.0,7.0,0,1,12.512163
306584.0,5.0,1,14,1,3,32.0,2,1,3.0,1.0,2.0,1,1,12.512163
306585.0,3.0,1,17,2,3,32.0,2,1,3.0,5.0,6.0,1,3,11.7917
306585.0,4.0,1,15,1,3,32.0,2,1,3.0,4.0,5.0,1,3,11.7917
306585.0,5.0,1,13,1,3,32.0,2,1,3.0,2.0,2.0,0,3,11.7917
306588.0,4.0,1,13,2,3,32.0,2,0,,,,0,2,0.0
306589.0,3.0,1,13,2,3,32.0,2,1,3.0,2.0,2.0,0,2,11.665011
306592.0,5.0,1,14,2,3,32.0,2,1,3.0,2.0,3.0,0,1,6.908755
306593.0,3.0,1,15,1,3,32.0,2,1,3.0,5.0,5.0,0,1,11.104596
306594.0,4.0,1,15,2,3,32.0,2,0,,,,0,4,12.716907
306597.0,4.0,1,17,1,3,32.0,2,1,3.0,0.0,0.0,0,1,10.50441
306597.0,5.0,1,13,2,3,32.0,2,1,3.0,3.0,3.0,0,1,10.50441
306599.0,3.0,1,17,2,3,32.0,2,1,3.0,4.0,0.0,0,1,11.570496
306599.0,4.0,1,15,2,3,32.0,2,1,3.0,3.0,3.0,0,1,11.570496
306599.0,5.0,1,13,1,3,32.0,2,1,3.0,2.0,2.0,0,1,11.570496
306600.0,6.0,1,15,1,3,32.0,2,1,3.0,5.0,0.0,0,4,9.546884
306602.0,4.0,1,17,1,3,32.0,2,1,3.0,6.0,0.0,0,1,11.271503
306602.0,5.0,1,13,2,3,32.0,2,1,3.0,5.0,5.0,0,1,11.271503
306604.0,3.0,1,13,1,3,32.0,2,1,3.0,3.0,4.0,1,2,11.673564
306608.0,3.0,1,13,2,3,32.0,2,1,3.0,5.0,5.0,0,2,11.15555
306610.0,4.0,1,12,1,3,32.0,2,1,3.0,2.0,3.0,1,3,11.384535
306610.0,6.0,1,14,1,3,32.0,2,1,3.0,3.0,3.0,0,3,11.384535
306612.0,4.0,1,16,2,3,32.0,2,1,3.0,2.0,0.0,0,3,10.314802
306613.0,4.0,0,15,2,3,32.0,2,1,5.0,1.0,7.0,0,4,12.022966
306614.0,3.0,1,16,1,3,32.0,2,1,3.0,3.0,0.0,0,2,11.363857
306614.0,4.0,1,12,1,3,32.0,2,1,3.0,1.0,2.0,1,2,11.363857
306615.0,4.0,0,14,1,3,32.0,2,1,5.0,0.0,6.0,0,3,11.960339
306616.0,2.0,1,13,1,3,32.0,2,1,3.0,3.0,4.0,1,4,10.552578
306617.0,4.0,0,17,2,3,32.0,2,1,5.0,1.0,8.0,1,3,12.005796
306617.0,5.0,0,15,1,3,32.0,2,1,5.0,1.0,7.0,0,3,12.005796
306618.0,2.0,1,12,1,3,32.0,2,1,3.0,4.0,5.0,1,2,10.632871
306621.0,4.0,1,17,2,3,32.0,2,1,3.0,6.0,0.0,0,2,11.362696
306621.0,5.0,1,12,2,3,32.0,2,1,3.0,2.0,2.0,0,2,11.362696
306624.0,3.0,0,16,1,3,32.0,2,1,6.0,0.0,9.0,0,4,13.242475
306624.0,4.0,1,12,2,3,32.0,2,1,3.0,5.0,5.0,0,4,13.242475
306626.0,2.0,0,15,2,3,32.0,1,1,5.0,1.0,7.0,0,5,13.92648
306630.0,6.0,0,17,1,3,32.0,1,1,6.0,0.0,9.0,0,4,13.934076
306630.0,7.0,0,15,1,3,32.0,1,1,5.0,0.0,6.0,0,4,13.934076
306632.0,2.0,1,14,1,3,32.0,1,1,3.0,2.0,2.0,0,4,10.225607
306632.0,3.0,1,13,1,3,32.0,1,1,3.0,1.0,1.0,0,4,10.225607
306633.0,5.0,0,17,2,3,32.0,1,1,5.0,1.0,7.0,0,1,10.480129
306637.0,4.0,1,17,1,3,32.0,2,1,3.0,5.0,5.0,0,3,11.334409
306640.0,3.0,1,13,2,3,32.0,2,1,3.0,5.0,5.0,0,3,10.778456
306641.0,3.0,0,16,2,3,32.0,2,1,6.0,0.0,9.0,0,5,13.0926485
306643.0,2.0,1,14,1,3,32.0,2,1,3.0,4.0,0.0,0,1,10.281102
306643.0,3.0,1,12,1,3,32.0,2,1,3.0,2.0,2.0,0,1,10.281102
306645.0,3.0,1,12,2,3,32.0,2,1,3.0,2.0,2.0,0,1,11.138973
306647.0,2.0,1,14,2,3,32.0,2,1,3.0,2.0,2.0,0,1,10.321408
306647.0,3.0,1,12,1,3,32.0,2,0,,,,0,1,10.321408
306648.0,2.0,0,17,1,3,32.0,2,1,5.0,1.0,8.0,1,1,10.51491
306650.0,3.0,1,12,2,3,32.0,2,1,3.0,4.0,4.0,0,1,11.074436
306651.0,4.0,1,14,2,3,32.0,2,1,3.0,5.0,5.0,0,1,11.050906
306653.0,3.0,1,14,1,3,32.0,2,1,3.0,3.0,0.0,0,1,11.597965
306653.0,4.0,1,12,2,3,32.0,2,1,3.0,4.0,4.0,0,1,11.597965
306654.0,5.0,1,15,2,3,32.0,2,1,3.0,2.0,3.0,0,1,10.501664
306655.0,3.0,1,15,1,3,32.0,2,1,3.0,1.0,0.0,0,3,11.265118
306655.0,4.0,1,13,1,3,32.0,2,1,3.0,1.0,0.0,0,3,11.265118
306657.0,2.0,1,17,1,3,32.0,2,1,3.0,5.0,0.0,0,2,10.021315
306657.0,3.0,0,14,2,3,32.0,2,1,5.0,1.0,7.0,0,2,10.021315
306661.0,3.0,0,14,1,3,32.0,2,1,5.0,0.0,6.0,0,4,11.132558
306663.0,3.0,1,15,1,3,32.0,2,1,3.0,4.0,4.0,0,1,11.292914
306663.0,4.0,1,13,2,3,32.0,2,1,3.0,4.0,4.0,0,1,11.292914
306664.0,5.0,1,13,1,3,32.0,2,1,3.0,5.0,5.0,0,3,10.937135
306669.0,3.0,1,14,2,3,32.0,2,1,3.0,4.0,5.0,1,1,11.396964
306669.0,4.0,1,12,2,3,32.0,2,1,3.0,3.0,3.0,0,1,11.396964
306671.0,3.0,1,17,1,3,32.0,2,1,3.0,3.0,0.0,0,2,6.8035054
306672.0,6.0,1,15,1,3,32.0,2,1,3.0,5.0,5.0,0,3,11.158762
306673.0,2.0,0,15,2,3,32.0,2,1,6.0,0.0,9.0,0,3,12.9699955
306673.0,3.0,1,12,1,3,32.0,2,1,3.0,3.0,3.0,0,3,12.9699955
306675.0,2.0,0,15,2,3,32.0,2,1,5.0,1.0,7.0,0,3,10.114599
306677.0,4.0,1,17,1,3,32.0,2,1,3.0,4.0,0.0,0,2,11.2365265
306677.0,5.0,1,15,1,3,32.0,2,1,3.0,2.0,2.0,0,2,11.2365265
306679.0,4.0,1,14,1,3,32.0,2,1,3.0,5.0,5.0,1,1,11.506414
306680.0,3.0,0,17,1,3,32.0,2,1,6.0,0.0,9.0,0,4,12.828022
306680.0,4.0,1,12,1,3,32.0,2,1,3.0,5.0,5.0,0,4,12.828022
306683.0,3.0,1,14,2,3,32.0,2,1,3.0,6.0,6.0,0,5,12.563576
306686.0,4.0,1,17,2,3,32.0,2,1,3.0,3.0,0.0,0,1,10.753125
306686.0,5.0,1,14,1,3,32.0,2,1,3.0,4.0,4.0,0,1,10.753125
306689.0,3.0,1,13,1,3,32.0,2,1,3.0,2.0,2.0,0,1,11.006274
306690.0,4.0,1,16,2,3,32.0,2,1,3.0,3.0,4.0,1,2,11.783151
306690.0,5.0,1,13,1,3,32.0,2,1,3.0,3.0,3.0,0,2,11.783151
306692.0,3.0,1,15,2,3,32.0,2,1,3.0,4.0,4.0,0,3,11.670365
306692.0,4.0,1,12,2,3,32.0,2,1,3.0,2.0,3.0,1,3,11.670365
306693.0,3.0,1,15,1,3,32.0,2,1,3.0,5.0,5.0,0,2,11.704999
306694.0,2.0,1,13,2,3,32.0,2,1,3.0,3.0,3.0,0,2,11.12507
306696.0,3.0,1,14,1,3,32.0,2,1,3.0,2.0,2.0,0,2,11.338584
306700.0,5.0,1,12,2,3,32.0,2,0,,,,0,1,9.047939
306701.0,3.0,1,13,2,3,32.0,2,1,3.0,2.0,0.0,0,3,0.0
306702.0,3.0,1,17,1,3,32.0,2,1,3.0,3.0,0.0,0,5,10.700454
306702.0,4.0,1,14,1,3,32.0,2,1,3.0,3.0,3.0,0,5,10.700454
306703.0,4.0,0,17,1,3,32.0,2,1,5.0,1.0,7.0,0,3,11.817914
306703.0,5.0,1,15,2,3,32.0,2,1,3.0,5.0,5.0,0,3,11.817914
306703.0,6.0,1,12,1,3,32.0,2,1,3.0,2.0,2.0,0,3,11.817914
306707.0,5.0,1,12,2,3,32.0,2,1,3.0,4.0,4.0,0,5,11.847439
306709.0,8.0,0,16,2,3,32.0,2,1,5.0,2.0,8.0,0,1,12.224506
306710.0,3.0,1,12,1,3,32.0,2,1,3.0,3.0,3.0,0,3,11.263836
306711.0,4.0,1,14,2,3,32.0,2,1,3.0,4.0,4.0,0,2,11.155908
306715.0,5.0,1,17,1,3,32.0,2,1,3.0,4.0,0.0,0,1,10.518024
306716.0,3.0,1,12,2,3,32.0,2,1,3.0,2.0,2.0,0,1,11.030866
306717.0,5.0,1,13,1,3,32.0,2,1,3.0,0.0,0.0,0,1,11.205734
306718.0,3.0,1,16,1,3,32.0,2,0,,,,0,1,9.116139
306718.0,4.0,1,13,2,3,32.0,2,1,3.0,1.0,1.0,0,1,9.116139
306721.0,3.0,1,17,2,3,32.0,2,1,3.0,3.0,0.0,0,1,11.819682
306721.0,4.0,1,16,1,3,32.0,2,1,3.0,1.0,0.0,0,1,11.819682
306721.0,5.0,1,13,1,3,32.0,2,1,3.0,2.0,2.0,0,1,11.819682
306722.0,4.0,0,16,2,3,32.0,2,1,5.0,2.0,8.0,0,2,12.169336
306722.0,5.0,1,14,1,3,32.0,2,1,3.0,2.0,2.0,0,2,12.169336
306726.0,3.0,1,14,1,3,32.0,2,1,3.0,5.0,6.0,0,1,10.490607
306726.0,4.0,1,13,1,3,32.0,2,1,3.0,2.0,0.0,0,1,10.490607
306727.0,3.0,1,14,1,3,32.0,2,1,3.0,5.0,5.0,0,1,11.555515
306727.0,4.0,1,12,1,3,32.0,2,1,3.0,3.0,4.0,1,1,11.555515
306729.0,3.0,1,14,1,3,32.0,2,1,3.0,1.0,1.0,0,3,10.403535
306737.0,2.0,0,17,1,3,32.0,2,1,5.0,2.0,8.0,0,2,11.540161
306739.0,4.0,0,15,1,3,32.0,2,1,5.0,2.0,8.0,0,2,12.850518
306741.0,3.0,1,14,1,3,32.0,2,1,3.0,5.0,5.0,0,2,11.474714
306744.0,5.0,1,13,1,3,32.0,2,1,3.0,1.0,,0,1,10.742379
306747.0,3.0,1,12,1,3,32.0,2,1,3.0,2.0,,0,1,11.631384
306751.0,3.0,1,17,1,3,32.0,2,1,3.0,5.0,,0,1,11.467416
306751.0,4.0,1,15,2,3,32.0,2,1,3.0,4.0,,0,1,11.467416
306751.0,5.0,1,13,1,3,32.0,2,1,3.0,3.0,,0,1,11.467416
306753.0,7.0,1,13,2,3,32.0,2,1,3.0,2.0,,0,1,11.3248
306754.0,2.0,1,13,1,3,32.0,2,1,3.0,2.0,,0,2,8.699681
306756.0,5.0,1,16,2,3,32.0,2,1,3.0,6.0,,0,3,13.043723
306756.0,6.0,1,13,2,3,32.0,2,1,3.0,4.0,,0,3,13.043723
306757.0,3.0,1,16,1,3,32.0,2,1,3.0,2.0,,0,2,10.929099
306757.0,4.0,1,12,2,3,32.0,2,1,3.0,4.0,,0,2,10.929099
306760.0,6.0,1,15,2,3,32.0,2,1,3.0,4.0,,0,2,11.263836
306760.0,7.0,1,12,2,3,32.0,2,1,3.0,3.0,,0,2,11.263836
306762.0,3.0,1,13,1,3,32.0,2,1,3.0,4.0,,1,4,10.588502
306765.0,3.0,1,12,1,3,32.0,2,1,3.0,4.0,,1,1,10.918283
306770.0,4.0,1,15,1,3,32.0,2,1,3.0,4.0,,0,5,13.790194
306772.0,6.0,1,17,1,3,32.0,2,1,3.0,6.0,,0,4,0.0
306773.0,4.0,0,16,2,3,32.0,2,1,5.0,2.0,,0,3,12.007597
306773.0,5.0,1,14,1,3,32.0,2,1,3.0,4.0,,1,3,12.007597
306776.0,3.0,1,15,1,3,32.0,2,0,,,,0,1,10.340968
306779.0,4.0,1,15,2,3,32.0,2,1,3.0,5.0,,0,1,11.799051
306779.0,5.0,1,12,2,3,32.0,2,1,3.0,2.0,,0,1,11.799051
306780.0,3.0,1,15,2,3,32.0,2,1,3.0,3.0,,1,1,11.677813
306780.0,4.0,1,12,1,3,32.0,2,1,3.0,2.0,,1,1,11.677813
306781.0,2.0,0,16,2,3,32.0,2,1,5.0,2.0,,0,4,12.409813
306781.0,3.0,0,12,1,3,32.0,2,1,5.0,0.0,,1,4,12.409813
306783.0,3.0,1,15,1,3,32.0,2,1,3.0,5.0,,0,1,11.853752
306783.0,4.0,0,13,2,3,32.0,2,1,5.0,0.0,,0,1,11.853752
306785.0,2.0,0,13,1,3,32.0,2,1,5.0,0.0,,0,1,11.064073
306785.0,3.0,1,12,1,3,32.0,2,1,3.0,4.0,,0,1,11.064073
306786.0,4.0,0,17,2,3,32.0,2,1,6.0,0.0,,1,3,13.491615
306786.0,5.0,1,14,1,3,32.0,2,1,3.0,6.0,,0,3,13.491615
306788.0,2.0,0,17,2,3,32.0,2,1,6.0,1.0,,0,3,11.252353
306789.0,3.0,0,12,1,3,32.0,2,1,5.0,0.0,,0,3,11.491048
306790.0,3.0,1,13,1,3,32.0,2,1,3.0,4.0,,0,3,11.400328
306793.0,3.0,1,12,2,3,32.0,2,1,3.0,5.0,,0,1,11.423558
306794.0,6.0,0,15,1,3,32.0,2,1,6.0,0.0,,0,3,13.594304
306794.0,7.0,1,15,2,3,32.0,2,1,3.0,3.0,,0,3,13.594304
306795.0,5.0,1,13,1,3,32.0,2,1,3.0,5.0,,0,3,13.670544
306796.0,2.0,1,16,2,3,33.0,2,1,3.0,0.0,0.0,0,3,0.0
306797.0,3.0,1,16,1,3,33.0,2,1,3.0,3.0,0.0,0,4,0.0
306797.0,4.0,1,14,2,3,33.0,2,1,3.0,3.0,0.0,0,4,0.0
306800.0,3.0,1,16,2,3,33.0,2,1,3.0,3.0,4.0,0,1,11.322382
306800.0,4.0,1,14,1,3,33.0,2,1,3.0,1.0,2.0,0,1,11.322382
306801.0,5.0,1,15,2,3,33.0,2,1,3.0,5.0,0.0,0,1,11.7194195
306803.0,7.0,1,17,2,3,33.0,2,1,3.0,3.0,3.0,0,1,7.3783836
306806.0,7.0,0,12,1,3,33.0,1,1,5.0,1.0,7.0,0,5,13.740848
306806.0,8.0,0,12,2,3,33.0,1,1,5.0,1.0,7.0,0,5,13.740848
306810.0,3.0,1,12,2,3,33.0,1,1,3.0,5.0,5.0,0,1,10.994588
306813.0,4.0,0,17,1,3,33.0,1,1,5.0,1.0,7.0,0,1,11.445727
306813.0,5.0,1,14,1,3,33.0,1,1,3.0,3.0,0.0,0,1,11.445727
306815.0,6.0,0,13,2,3,33.0,1,1,5.0,0.0,6.0,0,5,14.503877
306821.0,3.0,0,16,2,3,33.0,1,1,5.0,1.0,7.0,0,2,12.577019
306821.0,4.0,0,14,2,3,33.0,1,1,5.0,0.0,6.0,0,2,12.577019
306821.0,5.0,1,12,2,3,33.0,1,1,3.0,4.0,5.0,1,2,12.577019
306827.0,5.0,0,17,2,3,33.0,1,1,5.0,1.0,8.0,0,1,10.956684
306830.0,6.0,0,16,2,3,33.0,1,1,5.0,2.0,8.0,0,4,14.123224
306830.0,7.0,0,13,2,3,33.0,1,1,5.0,0.0,6.0,0,4,14.123224
306837.0,4.0,1,15,2,3,33.0,2,1,3.0,4.0,0.0,0,1,11.362114
306838.0,5.0,1,15,1,3,33.0,2,0,,,,0,2,0.0
306839.0,1.0,1,17,1,3,33.0,2,0,,,,0,1,0.0
306843.0,4.0,0,15,1,3,33.0,1,1,5.0,1.0,7.0,0,1,11.730542
306843.0,5.0,1,13,2,3,33.0,1,1,3.0,3.0,4.0,1,1,11.730542
306843.0,6.0,1,12,2,3,33.0,1,1,3.0,2.0,3.0,1,1,11.730542
306847.0,3.0,1,14,1,3,33.0,1,1,3.0,0.0,1.0,0,2,10.418584
306848.0,5.0,1,17,2,3,33.0,1,1,3.0,5.0,6.0,1,1,11.813852
306848.0,6.0,1,14,2,3,33.0,1,1,3.0,4.0,4.0,0,1,11.813852
306849.0,3.0,1,12,1,3,33.0,1,1,3.0,3.0,3.0,0,1,11.597506
306850.0,2.0,1,12,1,3,33.0,1,1,3.0,3.0,4.0,1,3,10.788824
306852.0,6.0,1,16,1,3,33.0,1,1,3.0,6.0,0.0,0,3,11.282959
306854.0,2.0,1,15,2,3,33.0,1,1,3.0,5.0,5.0,0,1,11.068215
306857.0,4.0,0,17,2,3,33.0,1,1,6.0,0.0,9.0,0,3,12.051236
306857.0,6.0,1,13,1,3,33.0,1,1,3.0,3.0,3.0,0,3,12.051236
306858.0,4.0,0,16,2,3,33.0,1,1,5.0,1.0,7.0,0,2,12.390979
306858.0,5.0,0,14,2,3,33.0,1,1,5.0,0.0,6.0,0,2,12.390979
306862.0,3.0,0,17,1,3,33.0,1,1,6.0,1.0,10.0,0,5,15.155911
306862.0,4.0,1,13,2,3,33.0,1,1,3.0,5.0,5.0,0,5,15.155911
306863.0,2.0,0,15,1,3,33.0,1,1,5.0,2.0,8.0,0,5,13.241427
306863.0,3.0,0,12,1,3,33.0,1,1,5.0,0.0,6.0,0,5,13.241427
306865.0,4.0,0,17,2,3,33.0,1,1,6.0,1.0,10.0,0,5,14.837622
306865.0,5.0,0,15,1,3,33.0,1,1,6.0,0.0,9.0,0,5,14.837622
306865.0,7.0,0,17,1,3,33.0,1,1,5.0,2.0,8.0,0,5,14.837622
306867.0,8.0,1,12,2,3,33.0,1,1,3.0,5.0,5.0,0,5,14.867722
306871.0,2.0,1,17,2,3,33.0,2,1,3.0,3.0,0.0,0,2,11.005029
306872.0,3.0,1,14,1,3,33.0,2,1,3.0,3.0,3.0,0,3,11.693796
306877.0,6.0,0,16,2,3,33.0,1,1,6.0,0.0,9.0,0,5,15.288148
306877.0,7.0,0,13,1,3,33.0,1,1,5.0,2.0,8.0,0,5,15.288148
306877.0,9.0,1,16,2,3,33.0,1,1,3.0,5.0,0.0,0,5,15.288148
306879.0,2.0,0,15,2,3,33.0,1,1,5.0,1.0,7.0,0,5,12.031339
306881.0,3.0,0,16,1,3,33.0,1,1,6.0,0.0,9.0,0,4,12.2596655
306883.0,4.0,1,15,2,3,33.0,1,1,3.0,3.0,4.0,1,1,11.481703
306888.0,5.0,1,16,1,3,33.0,2,1,3.0,5.0,0.0,0,1,12.704758
306888.0,6.0,0,13,1,3,33.0,2,1,5.0,0.0,6.0,0,1,12.704758
306889.0,3.0,1,14,1,3,33.0,2,1,3.0,3.0,4.0,1,1,11.694422
306889.0,4.0,1,13,1,3,33.0,2,1,3.0,3.0,4.0,1,1,11.694422
306891.0,3.0,1,17,1,3,33.0,2,1,3.0,2.0,3.0,0,1,8.2943
306891.0,4.0,1,14,1,3,33.0,2,1,3.0,2.0,0.0,0,1,8.2943
306898.0,3.0,1,15,2,3,33.0,2,1,3.0,6.0,0.0,0,3,11.663292
306898.0,4.0,1,12,2,3,33.0,2,1,3.0,4.0,5.0,1,3,11.663292
306899.0,5.0,1,16,2,3,33.0,2,1,3.0,5.0,0.0,0,1,11.468984
306899.0,6.0,1,15,1,3,33.0,2,1,3.0,5.0,0.0,0,1,11.468984
306899.0,7.0,1,12,1,3,33.0,2,1,3.0,3.0,0.0,0,1,11.468984
306900.0,2.0,1,14,2,3,33.0,2,1,3.0,1.0,0.0,0,3,10.291331
306900.0,4.0,1,17,2,3,33.0,2,1,3.0,3.0,0.0,0,3,10.291331
306907.0,4.0,1,17,2,3,33.0,1,1,3.0,5.0,0.0,0,5,12.135655
306908.0,8.0,1,16,1,3,33.0,1,1,3.0,5.0,5.0,0,1,11.589201
306908.0,9.0,1,14,2,3,33.0,1,1,3.0,4.0,4.0,0,1,11.589201
306910.0,3.0,1,14,2,3,33.0,1,1,3.0,5.0,5.0,0,4,12.9197235
306914.0,3.0,0,16,2,3,33.0,1,1,6.0,0.0,9.0,0,4,12.094784
306914.0,4.0,1,14,1,3,33.0,1,1,3.0,4.0,5.0,1,4,12.094784
306915.0,3.0,1,14,2,3,33.0,1,1,3.0,5.0,5.0,0,3,12.084052
306919.0,4.0,0,15,1,3,33.0,1,1,6.0,0.0,9.0,0,4,13.444245
306920.0,5.0,0,16,2,3,33.0,1,1,5.0,2.0,8.0,0,3,12.714203
306920.0,6.0,1,12,1,3,33.0,1,1,3.0,4.0,4.0,0,3,12.714203
306924.0,4.0,0,16,2,3,33.0,2,1,5.0,0.0,6.0,0,1,11.230045
306926.0,2.0,1,14,1,3,33.0,2,1,3.0,1.0,0.0,0,1,0.0
306931.0,6.0,0,14,1,3,33.0,1,1,5.0,0.0,6.0,0,5,12.83567
306931.0,7.0,0,13,2,3,33.0,1,1,5.0,0.0,6.0,0,5,12.83567
306935.0,5.0,1,16,1,3,33.0,1,1,3.0,3.0,3.0,0,1,11.718402
306936.0,3.0,1,17,1,3,33.0,1,1,3.0,6.0,6.0,0,2,11.4741955
306936.0,4.0,1,14,1,3,33.0,1,1,3.0,4.0,4.0,0,2,11.4741955
306937.0,2.0,0,17,1,3,33.0,1,1,5.0,0.0,6.0,0,1,12.0363865
306937.0,4.0,1,12,1,3,33.0,1,1,3.0,3.0,3.0,0,1,12.0363865
306940.0,3.0,0,16,2,3,33.0,2,1,5.0,2.0,8.0,0,5,12.2204485
306942.0,4.0,0,15,1,3,33.0,2,1,5.0,0.0,6.0,0,4,13.296604
306942.0,5.0,1,12,1,3,33.0,2,1,3.0,5.0,5.0,0,4,13.296604
306945.0,4.0,1,12,2,3,33.0,2,1,3.0,4.0,4.0,0,4,11.629383
306947.0,7.0,0,16,1,3,33.0,2,1,6.0,0.0,9.0,0,3,13.762765
306947.0,8.0,1,16,1,3,33.0,2,1,3.0,4.0,0.0,0,3,13.762765
306949.0,5.0,1,16,1,3,33.0,2,1,3.0,4.0,5.0,1,1,12.324393
306949.0,6.0,0,15,1,3,33.0,2,1,5.0,0.0,6.0,0,1,12.324393
306949.0,7.0,1,13,1,3,33.0,2,1,3.0,3.0,3.0,0,1,12.324393
306951.0,7.0,1,15,1,3,33.0,2,1,3.0,4.0,5.0,1,1,10.981064
306953.0,3.0,1,14,1,3,33.0,2,0,,,,0,2,0.0
306954.0,9.0,1,16,2,3,33.0,2,1,3.0,5.0,5.0,0,1,11.882598
306954.0,10.0,1,14,1,3,33.0,2,1,3.0,3.0,3.0,0,1,11.882598
306957.0,2.0,1,15,2,3,33.0,2,1,3.0,2.0,0.0,0,1,10.476612
306957.0,3.0,1,12,2,3,33.0,2,1,3.0,2.0,2.0,0,1,10.476612
306959.0,5.0,0,14,2,3,33.0,1,1,5.0,2.0,8.0,0,5,15.744129
306959.0,10.0,1,15,1,3,33.0,1,1,3.0,5.0,5.0,0,5,15.744129
306960.0,6.0,1,17,2,3,33.0,1,1,3.0,4.0,0.0,0,3,12.07426
306962.0,2.0,1,17,1,3,33.0,1,1,3.0,1.0,0.0,0,1,10.418584
306962.0,3.0,1,13,1,3,33.0,1,1,3.0,2.0,2.0,0,1,10.418584
306963.0,6.0,1,17,1,3,33.0,1,1,3.0,4.0,5.0,1,3,12.02752
306964.0,5.0,1,15,1,3,33.0,1,1,3.0,3.0,4.0,1,1,11.703347
306964.0,6.0,1,12,2,3,33.0,1,1,3.0,3.0,3.0,0,1,11.703347
306965.0,4.0,1,17,1,3,33.0,1,0,,,,0,1,0.0
306966.0,9.0,0,16,1,3,33.0,1,1,5.0,1.0,7.0,0,5,13.779863
306970.0,3.0,0,13,2,3,33.0,1,1,5.0,0.0,6.0,0,5,13.013744
306971.0,4.0,1,17,2,3,33.0,1,1,5.0,1.0,0.0,0,4,10.537442
306972.0,4.0,1,13,1,3,33.0,1,1,3.0,3.0,3.0,0,1,11.552396
306973.0,6.0,1,12,2,3,33.0,1,1,3.0,4.0,4.0,0,2,11.546467
306984.0,5.0,1,15,1,3,33.0,2,1,3.0,1.0,1.0,0,1,11.016184
306985.0,2.0,1,15,1,3,33.0,2,1,3.0,0.0,0.0,0,1,10.899531
306985.0,3.0,1,12,2,3,33.0,2,0,,,,0,1,10.899531
306986.0,3.0,1,12,2,3,33.0,2,1,3.0,3.0,3.0,0,3,11.587578
306988.0,2.0,1,14,1,3,33.0,2,1,3.0,0.0,0.0,0,1,0.0
306990.0,3.0,1,16,2,3,33.0,2,0,,,,0,1,0.0
306991.0,4.0,1,13,1,3,33.0,2,1,3.0,2.0,0.0,0,2,0.0
306992.0,2.0,1,16,1,3,33.0,2,1,3.0,1.0,0.0,0,3,10.412592
306992.0,4.0,1,12,2,3,33.0,2,1,3.0,3.0,0.0,0,3,10.412592
306996.0,2.0,1,13,1,3,33.0,2,1,3.0,4.0,4.0,0,2,11.539821
306997.0,5.0,1,17,2,3,33.0,2,1,3.0,0.0,0.0,0,1,11.558243
306997.0,6.0,1,15,2,3,33.0,2,1,3.0,3.0,3.0,0,1,11.558243
306998.0,2.0,1,13,1,3,33.0,2,1,3.0,4.0,4.0,0,4,10.873812
307000.0,3.0,1,15,1,3,33.0,2,1,3.0,5.0,5.0,0,3,11.878339
307000.0,4.0,0,14,2,3,33.0,2,1,5.0,0.0,6.0,0,3,11.878339
307001.0,6.0,1,13,2,3,33.0,2,1,3.0,2.0,3.0,1,4,10.321408
307004.0,3.0,1,17,2,3,33.0,2,1,3.0,2.0,0.0,0,1,0.0
307007.0,3.0,1,13,2,3,33.0,2,1,3.0,5.0,5.0,0,3,11.934435
307011.0,5.0,0,15,2,3,33.0,2,1,5.0,1.0,7.0,0,3,13.289776
307011.0,6.0,1,13,1,3,33.0,2,1,3.0,3.0,4.0,0,3,13.289776
307013.0,5.0,1,16,1,3,33.0,2,1,3.0,3.0,3.0,0,3,11.863061
307013.0,6.0,1,12,1,3,33.0,2,1,3.0,3.0,3.0,0,3,11.863061
307015.0,5.0,0,14,1,3,33.0,2,1,5.0,0.0,6.0,0,1,12.031785
307016.0,3.0,1,17,2,3,33.0,2,1,3.0,6.0,6.0,0,1,11.755095
307016.0,4.0,1,15,1,3,33.0,2,1,3.0,4.0,4.0,0,1,11.755095
307016.0,5.0,1,12,1,3,33.0,2,1,3.0,5.0,5.0,0,1,11.755095
307018.0,3.0,1,13,1,3,33.0,2,1,3.0,2.0,2.0,0,1,11.49706
307018.0,4.0,1,12,1,3,33.0,2,1,3.0,3.0,3.0,0,1,11.49706
307019.0,5.0,1,16,2,3,33.0,2,1,3.0,6.0,0.0,0,1,11.078073
307021.0,3.0,0,14,1,3,33.0,2,1,5.0,0.0,6.0,0,2,10.886707
307024.0,3.0,1,14,1,3,33.0,2,1,3.0,2.0,3.0,1,1,11.481703
307029.0,2.0,1,14,2,3,33.0,1,1,3.0,3.0,4.0,1,3,11.164091
307029.0,3.0,1,12,1,3,33.0,1,1,3.0,0.0,0.0,0,3,11.164091
307031.0,4.0,1,17,2,3,33.0,1,1,3.0,4.0,0.0,0,1,11.050112
307031.0,5.0,1,14,2,3,33.0,1,1,3.0,3.0,3.0,0,1,11.050112
307031.0,6.0,1,12,1,3,33.0,1,1,3.0,1.0,2.0,1,1,11.050112
307032.0,6.0,1,12,1,3,33.0,1,1,3.0,1.0,2.0,1,1,11.414496
307033.0,3.0,1,14,1,3,33.0,1,1,3.0,2.0,0.0,0,1,0.0
307034.0,3.0,1,13,2,3,33.0,1,1,3.0,4.0,5.0,1,1,11.378834
307036.0,3.0,1,12,2,3,33.0,1,1,3.0,1.0,1.0,0,1,10.682261
307037.0,2.0,1,17,2,3,33.0,1,1,3.0,3.0,0.0,0,1,10.996266
307037.0,3.0,1,17,1,3,33.0,1,1,3.0,3.0,0.0,0,1,10.996266
307037.0,4.0,1,14,2,3,33.0,1,1,3.0,2.0,3.0,0,1,10.996266
307037.0,5.0,1,13,2,3,33.0,1,1,3.0,2.0,3.0,1,1,10.996266
307042.0,5.0,1,17,2,3,33.0,2,0,,,,0,1,0.0
307044.0,3.0,1,16,2,3,33.0,2,1,3.0,4.0,0.0,0,1,11.789238
307044.0,4.0,1,15,1,3,33.0,2,1,3.0,4.0,4.0,0,1,11.789238
307044.0,5.0,1,12,2,3,33.0,2,1,3.0,4.0,4.0,0,1,11.789238
307052.0,3.0,0,17,1,3,33.0,1,1,5.0,0.0,7.0,1,2,11.813186
307052.0,4.0,0,17,2,3,33.0,1,1,5.0,1.0,8.0,1,2,11.813186
307053.0,4.0,0,16,2,3,33.0,1,1,5.0,0.0,7.0,1,2,11.942504
307053.0,5.0,1,13,1,3,33.0,1,1,3.0,4.0,4.0,0,2,11.942504
307054.0,3.0,1,15,2,3,33.0,1,1,3.0,5.0,5.0,0,3,11.922622
307058.0,5.0,0,14,1,3,33.0,1,1,5.0,1.0,7.0,0,5,14.062317
307059.0,3.0,0,15,1,3,33.0,1,1,6.0,0.0,9.0,0,1,12.595192
307060.0,3.0,0,17,2,3,33.0,1,1,5.0,2.0,8.0,0,3,12.929775
307060.0,4.0,1,15,2,3,33.0,1,1,3.0,4.0,5.0,1,3,12.929775
307060.0,5.0,1,13,1,3,33.0,1,1,3.0,2.0,2.0,0,3,12.929775
307062.0,3.0,1,14,1,3,33.0,1,1,3.0,0.0,0.0,0,1,10.372741
307067.0,3.0,1,15,2,3,33.0,1,1,3.0,5.0,5.0,0,2,11.404795
307068.0,6.0,1,16,2,3,33.0,1,1,3.0,5.0,5.0,0,2,12.11325
307068.0,7.0,0,14,2,3,33.0,1,1,5.0,0.0,6.0,0,2,12.11325
307069.0,6.0,0,16,2,3,33.0,1,1,5.0,2.0,8.0,0,2,12.491988
307070.0,6.0,1,12,1,3,33.0,1,1,3.0,1.0,2.0,1,2,12.383323
307074.0,3.0,1,13,1,3,33.0,1,1,3.0,3.0,4.0,1,1,11.634488
307076.0,3.0,1,15,2,3,33.0,1,1,3.0,5.0,5.0,0,4,11.532002
307081.0,2.0,1,12,2,3,33.0,1,1,3.0,2.0,2.0,0,1,10.518024
307084.0,3.0,0,16,1,3,33.0,1,1,5.0,1.0,7.0,0,3,12.701869
307089.0,3.0,1,14,2,3,33.0,1,1,3.0,4.0,4.0,0,1,11.843675
307089.0,4.0,1,12,2,3,33.0,1,1,3.0,3.0,3.0,0,1,11.843675
307094.0,3.0,1,17,1,3,33.0,2,1,3.0,4.0,4.0,0,2,11.578957
307094.0,4.0,1,12,1,3,33.0,2,1,3.0,1.0,1.0,0,2,11.578957
307101.0,3.0,1,13,2,3,33.0,2,1,3.0,4.0,4.0,0,2,11.669083
307102.0,4.0,0,17,1,3,33.0,2,1,5.0,1.0,7.0,0,3,10.691968
307103.0,6.0,1,17,1,3,33.0,2,1,3.0,4.0,5.0,1,2,12.562999
307103.0,7.0,1,16,1,3,33.0,2,1,3.0,3.0,3.0,0,2,12.562999
307103.0,8.0,1,13,2,3,33.0,2,1,3.0,2.0,3.0,1,2,12.562999
307104.0,3.0,1,13,1,3,33.0,2,1,3.0,1.0,2.0,1,2,11.726633
307105.0,3.0,0,17,2,3,33.0,2,1,5.0,1.0,7.0,0,1,11.29863
307119.0,4.0,1,17,1,3,33.0,1,1,3.0,3.0,4.0,0,3,11.879899
307119.0,5.0,1,12,2,3,33.0,1,1,3.0,3.0,4.0,1,3,11.879899
307120.0,2.0,0,16,1,3,33.0,1,1,5.0,1.0,8.0,1,2,10.685584
307120.0,3.0,0,15,2,3,33.0,1,1,5.0,0.0,6.0,0,2,10.685584
307121.0,4.0,1,16,2,3,33.0,1,1,3.0,4.0,0.0,0,1,0.0
307123.0,3.0,0,16,1,3,33.0,1,1,6.0,0.0,9.0,0,5,13.507437
307126.0,6.0,0,17,1,3,33.0,1,1,5.0,3.0,9.0,1,1,10.430019
307127.0,3.0,1,14,1,3,33.0,1,1,3.0,1.0,1.0,0,1,10.958688
307128.0,4.0,1,13,1,3,33.0,2,1,3.0,3.0,3.0,0,1,11.265118
307131.0,3.0,0,16,1,3,33.0,2,1,5.0,2.0,8.0,0,5,13.244999
307131.0,8.0,1,14,2,3,33.0,2,1,3.0,5.0,5.0,0,5,13.244999
307132.0,5.0,0,15,2,3,33.0,2,1,5.0,0.0,7.0,1,2,11.901556
307134.0,3.0,1,17,1,3,33.0,2,1,3.0,5.0,0.0,0,2,11.938102
307134.0,4.0,0,15,1,3,33.0,2,1,5.0,0.0,6.0,0,2,11.938102
307134.0,5.0,1,12,1,3,33.0,2,1,3.0,2.0,2.0,0,2,11.938102
307136.0,2.0,1,12,2,3,33.0,2,1,3.0,2.0,2.0,0,3,11.017825
307138.0,3.0,1,15,1,3,33.0,2,0,,,,0,3,0.0
307141.0,4.0,1,17,2,3,33.0,2,1,3.0,1.0,0.0,0,2,11.262552
307141.0,5.0,1,14,2,3,33.0,2,1,3.0,2.0,2.0,0,2,11.262552
307144.0,2.0,1,16,1,3,33.0,2,1,3.0,3.0,3.0,0,1,11.800365
307144.0,3.0,1,12,1,3,33.0,2,1,3.0,1.0,1.0,0,1,11.800365
307144.0,6.0,1,14,1,3,33.0,2,1,3.0,2.0,2.0,0,1,11.800365
307148.0,4.0,1,17,1,3,33.0,1,1,3.0,3.0,0.0,0,1,11.278481
307148.0,5.0,1,12,1,3,33.0,1,1,3.0,3.0,3.0,0,1,11.278481
307149.0,4.0,0,16,2,3,33.0,1,1,6.0,0.0,9.0,0,3,14.2132435
307149.0,5.0,1,14,1,3,33.0,1,1,3.0,2.0,2.0,0,3,14.2132435
307153.0,6.0,1,14,2,3,33.0,1,1,3.0,3.0,0.0,0,4,10.757924
307154.0,3.0,1,17,1,3,33.0,1,1,3.0,5.0,5.0,0,2,12.233571
307156.0,5.0,1,16,1,3,33.0,2,1,3.0,5.0,5.0,0,1,11.251249
307157.0,5.0,0,16,1,3,33.0,2,1,5.0,1.0,7.0,0,4,13.294569
307159.0,5.0,1,13,2,3,33.0,2,1,3.0,2.0,2.0,0,2,12.40548
307162.0,7.0,0,16,1,3,33.0,2,1,5.0,1.0,7.0,0,2,13.547488
307162.0,8.0,0,13,2,3,33.0,2,1,5.0,0.0,6.0,0,2,13.547488
307163.0,5.0,0,16,2,3,33.0,2,1,5.0,0.0,7.0,1,4,13.283787
307163.0,6.0,0,14,2,3,33.0,2,1,5.0,1.0,7.0,0,4,13.283787
307164.0,2.0,1,12,1,3,33.0,1,1,3.0,3.0,3.0,0,5,14.895195
307166.0,2.0,0,13,2,3,33.0,1,1,5.0,0.0,6.0,0,5,13.190697
307167.0,4.0,1,16,1,3,33.0,1,1,3.0,5.0,5.0,0,2,12.381709
307167.0,5.0,1,14,1,3,33.0,1,1,3.0,5.0,5.0,0,2,12.381709
307167.0,6.0,1,12,1,3,33.0,1,1,3.0,3.0,3.0,0,2,12.381709
307168.0,6.0,0,17,1,3,33.0,1,1,6.0,0.0,9.0,0,5,13.923845
307168.0,7.0,0,15,2,3,33.0,1,1,5.0,1.0,7.0,0,5,13.923845
307169.0,4.0,1,13,1,3,33.0,1,1,3.0,2.0,2.0,0,4,11.265118
307172.0,7.0,0,15,2,3,33.0,1,1,5.0,1.0,7.0,0,1,13.065541
307172.0,8.0,1,13,1,3,33.0,1,1,3.0,5.0,5.0,0,1,13.065541
307175.0,4.0,1,12,1,3,33.0,1,1,3.0,5.0,5.0,0,5,13.760802
307175.0,7.0,0,14,1,3,33.0,1,1,5.0,1.0,7.0,0,5,13.760802
307179.0,2.0,0,14,1,3,33.0,1,1,5.0,0.0,6.0,0,5,13.242811
307180.0,3.0,0,17,2,3,33.0,1,1,6.0,0.0,0.0,0,5,13.969755
307180.0,4.0,0,16,2,3,33.0,1,1,5.0,2.0,0.0,0,5,13.969755
307180.0,5.0,0,14,1,3,33.0,1,1,5.0,1.0,7.0,0,5,13.969755
307180.0,6.0,1,12,1,3,33.0,1,1,3.0,3.0,3.0,0,5,13.969755
307180.0,8.0,0,14,1,3,33.0,1,1,5.0,1.0,7.0,0,5,13.969755
307180.0,9.0,0,13,1,3,33.0,1,1,5.0,1.0,7.0,0,5,13.969755
307181.0,4.0,0,14,1,3,33.0,1,1,5.0,1.0,7.0,0,5,11.449571
307182.0,4.0,1,15,2,3,33.0,1,1,3.0,5.0,5.0,0,1,11.089439
307183.0,2.0,1,15,2,3,33.0,1,1,3.0,3.0,3.0,0,1,11.081388
307183.0,4.0,1,13,1,3,33.0,1,1,3.0,1.0,1.0,0,1,11.081388
307185.0,2.0,1,13,2,3,33.0,1,1,3.0,4.0,4.0,0,1,11.711374
307191.0,3.0,1,16,2,3,33.0,2,1,3.0,5.0,5.0,0,1,11.860768
307191.0,4.0,1,14,2,3,33.0,2,1,3.0,4.0,4.0,0,1,11.860768
307192.0,4.0,1,15,2,3,33.0,2,1,3.0,5.0,5.0,0,4,10.331236
307196.0,5.0,1,16,1,3,33.0,2,1,3.0,3.0,3.0,0,3,12.000898
307196.0,6.0,1,13,1,3,33.0,2,1,3.0,2.0,2.0,0,3,12.000898
307197.0,3.0,1,13,2,3,33.0,2,1,3.0,5.0,5.0,0,4,11.697128
307200.0,4.0,0,15,2,3,33.0,2,1,5.0,0.0,6.0,0,3,11.878894
307201.0,4.0,1,15,1,3,33.0,2,1,3.0,5.0,5.0,0,4,11.4180765
307202.0,3.0,1,12,1,3,33.0,2,1,3.0,3.0,3.0,0,1,11.136791
307203.0,4.0,1,15,1,3,33.0,2,1,3.0,4.0,4.0,0,1,11.536896
307204.0,3.0,1,15,1,3,33.0,2,1,3.0,4.0,5.0,1,1,10.642468
307204.0,4.0,1,12,1,3,33.0,2,0,,,,0,1,10.642468
307206.0,3.0,1,13,1,3,33.0,2,1,3.0,4.0,4.0,0,3,11.445994
307207.0,4.0,1,17,1,3,33.0,2,1,3.0,3.0,0.0,0,1,10.992908
307207.0,5.0,1,12,2,3,33.0,2,1,3.0,1.0,2.0,1,1,10.992908
307208.0,3.0,1,16,2,3,33.0,2,1,3.0,2.0,2.0,0,1,10.580912
307208.0,4.0,1,13,1,3,33.0,2,1,3.0,1.0,0.0,0,1,10.580912
307209.0,4.0,1,12,1,3,33.0,2,1,3.0,5.0,5.0,0,4,10.776892
307210.0,4.0,1,14,1,3,33.0,2,1,3.0,4.0,5.0,0,2,11.41035
307211.0,3.0,1,15,1,3,33.0,2,1,3.0,4.0,4.0,0,3,11.976194
307213.0,5.0,0,16,2,3,33.0,2,1,5.0,2.0,8.0,0,5,13.222138
307215.0,3.0,1,15,2,3,33.0,2,1,3.0,4.0,5.0,1,1,10.702705
307216.0,3.0,1,14,2,3,33.0,2,1,3.0,3.0,4.0,1,1,10.932232
307216.0,4.0,1,12,1,3,33.0,2,1,3.0,1.0,0.0,0,1,10.932232
307221.0,5.0,1,13,1,3,33.0,1,1,3.0,4.0,4.0,0,5,12.104239
307222.0,3.0,1,16,2,3,33.0,1,1,3.0,5.0,5.0,0,2,12.128117
307222.0,4.0,1,13,1,3,33.0,1,1,3.0,3.0,3.0,0,2,12.128117
307223.0,3.0,1,16,1,3,33.0,1,1,3.0,1.0,0.0,0,2,11.571675
307223.0,4.0,1,14,1,3,33.0,1,1,3.0,4.0,5.0,0,2,11.571675
307223.0,5.0,1,12,1,3,33.0,1,1,3.0,2.0,2.0,0,2,11.571675
307224.0,5.0,1,17,2,3,33.0,1,1,3.0,2.0,0.0,0,3,0.0
307227.0,3.0,1,16,2,3,33.0,2,1,3.0,3.0,,0,1,10.347404
307227.0,4.0,1,14,1,3,33.0,2,0,,,,0,1,10.347404
307229.0,2.0,1,17,1,3,33.0,2,1,3.0,3.0,,0,2,11.366176
307229.0,3.0,1,14,2,3,33.0,2,1,3.0,3.0,,0,2,11.366176
307232.0,3.0,1,16,1,3,33.0,2,1,3.0,2.0,,0,1,10.801126
307232.0,4.0,1,15,2,3,33.0,2,1,3.0,0.0,,0,1,10.801126
307233.0,5.0,1,12,1,3,33.0,2,1,3.0,5.0,,0,3,14.081166
307237.0,2.0,1,15,2,3,33.0,2,1,3.0,5.0,,0,3,11.302217
307237.0,3.0,1,12,2,3,33.0,2,1,3.0,3.0,,0,3,11.302217
307238.0,2.0,1,17,2,3,33.0,2,1,3.0,1.0,,0,1,0.0
307238.0,3.0,1,13,1,3,33.0,2,0,,,,0,1,0.0
307238.0,4.0,1,12,2,3,33.0,2,1,3.0,0.0,,0,1,0.0
307240.0,4.0,1,17,1,3,33.0,2,1,3.0,3.0,,0,3,0.0
307240.0,5.0,1,13,2,3,33.0,2,1,3.0,0.0,,0,3,0.0
307246.0,4.0,0,16,2,3,33.0,1,1,5.0,1.0,,0,5,14.228803
307246.0,5.0,1,12,1,3,33.0,1,1,3.0,3.0,,1,5,14.228803
307246.0,6.0,1,12,1,3,33.0,1,1,3.0,3.0,,0,5,14.228803
307252.0,3.0,1,13,1,3,33.0,1,1,3.0,2.0,,1,1,11.130947
307257.0,6.0,1,15,2,3,33.0,1,1,3.0,4.0,,0,2,12.408752
307257.0,7.0,1,12,2,3,33.0,1,1,3.0,3.0,,0,2,12.408752
307260.0,2.0,1,13,1,3,33.0,1,1,3.0,3.0,,0,1,11.407854
307261.0,4.0,0,16,2,3,33.0,1,1,6.0,1.0,,0,5,14.135215
307263.0,5.0,1,15,1,3,33.0,2,1,3.0,3.0,,0,1,10.50441
307263.0,6.0,1,12,1,3,33.0,2,1,3.0,3.0,,0,1,10.50441
307264.0,2.0,1,16,1,3,33.0,2,1,3.0,0.0,,0,2,11.922389
307264.0,4.0,1,14,2,3,33.0,2,1,3.0,3.0,,0,2,11.922389
307265.0,3.0,1,14,2,3,33.0,2,1,5.0,0.0,,0,3,12.298201
307265.0,4.0,1,12,1,3,33.0,2,1,3.0,5.0,,0,3,12.298201
307266.0,3.0,1,16,2,3,33.0,2,1,3.0,5.0,,0,2,12.05001
307266.0,4.0,1,13,2,3,33.0,2,1,3.0,3.0,,0,2,12.05001
307268.0,3.0,1,17,1,3,33.0,2,1,3.0,4.0,,0,1,11.883806
307268.0,4.0,1,14,2,3,33.0,2,1,3.0,3.0,,0,1,11.883806
307269.0,5.0,1,14,2,3,33.0,2,1,3.0,3.0,,0,1,12.12744
307269.0,6.0,1,12,2,3,33.0,2,1,3.0,1.0,,1,1,12.12744
307273.0,4.0,1,15,1,3,33.0,1,1,3.0,2.0,,0,1,10.879009
307274.0,5.0,0,17,2,3,33.0,1,1,5.0,2.0,,0,4,13.348033
307277.0,3.0,1,12,2,3,33.0,1,1,3.0,2.0,,0,5,11.026402
307278.0,3.0,1,14,2,3,33.0,1,1,3.0,2.0,,0,3,11.405908
307279.0,6.0,1,17,2,3,33.0,1,1,3.0,3.0,,0,3,0.0
307279.0,7.0,1,15,2,3,33.0,1,1,3.0,2.0,,0,3,0.0
307280.0,3.0,1,13,2,3,33.0,1,1,3.0,3.0,,1,3,10.625611
307281.0,3.0,1,17,2,3,34.0,2,1,3.0,3.0,0.0,0,4,11.23916
307281.0,4.0,1,14,1,3,34.0,2,1,3.0,4.0,4.0,0,4,11.23916
307281.0,6.0,1,13,1,3,34.0,2,1,3.0,1.0,0.0,0,4,11.23916
307286.0,3.0,1,12,2,3,34.0,2,1,3.0,3.0,3.0,0,2,11.149816
307287.0,3.0,0,17,2,3,34.0,2,1,6.0,0.0,9.0,0,5,13.117202
307287.0,4.0,1,14,1,3,34.0,2,1,3.0,4.0,4.0,0,5,13.117202
307287.0,5.0,1,13,2,3,34.0,2,1,3.0,4.0,4.0,0,5,13.117202
307288.0,4.0,0,15,2,3,34.0,2,1,5.0,1.0,7.0,0,3,12.572003
307288.0,5.0,1,12,2,3,34.0,2,1,3.0,3.0,3.0,0,3,12.572003
307292.0,3.0,1,17,1,3,34.0,2,1,3.0,5.0,0.0,0,4,11.367333
307292.0,4.0,1,15,1,3,34.0,2,1,3.0,4.0,5.0,0,4,11.367333
307293.0,3.0,1,14,2,3,34.0,2,1,3.0,4.0,4.0,0,1,12.003504
307293.0,4.0,1,12,1,3,34.0,2,1,3.0,4.0,4.0,0,1,12.003504
307294.0,2.0,1,17,2,3,34.0,2,0,,,,0,1,10.239102
307294.0,3.0,1,15,1,3,34.0,2,0,,,,0,1,10.239102
307294.0,4.0,1,12,1,3,34.0,2,1,3.0,3.0,3.0,0,1,10.239102
307299.0,7.0,1,17,1,3,34.0,1,1,3.0,4.0,0.0,0,4,11.951187
307299.0,8.0,1,15,1,3,34.0,1,1,3.0,5.0,5.0,0,4,11.951187
307302.0,2.0,0,17,2,3,34.0,1,1,5.0,2.0,8.0,0,1,11.363044
307302.0,3.0,0,16,2,3,34.0,1,1,5.0,2.0,8.0,0,1,11.363044
307302.0,4.0,0,12,1,3,34.0,1,1,5.0,0.0,6.0,0,1,11.363044
307303.0,6.0,0,17,1,3,34.0,1,1,6.0,0.0,9.0,0,1,13.016816
307303.0,7.0,0,12,1,3,34.0,1,1,5.0,0.0,7.0,0,1,13.016816
307306.0,4.0,1,17,2,3,34.0,1,1,3.0,4.0,5.0,1,3,12.301092
307306.0,5.0,1,15,2,3,34.0,1,1,3.0,4.0,4.0,0,3,12.301092
307312.0,3.0,0,17,2,3,34.0,1,1,6.0,1.0,10.0,0,5,14.027279
307312.0,4.0,0,15,1,3,34.0,1,1,5.0,2.0,8.0,0,5,14.027279
307313.0,5.0,1,17,1,3,34.0,1,1,3.0,4.0,0.0,0,4,11.482476
307316.0,4.0,1,17,1,3,34.0,1,1,3.0,4.0,0.0,0,2,12.090808
307316.0,5.0,1,15,2,3,34.0,1,1,3.0,4.0,0.0,0,2,12.090808
307316.0,6.0,1,13,2,3,34.0,1,1,3.0,4.0,4.0,0,2,12.090808
307316.0,8.0,1,14,2,3,34.0,1,1,3.0,4.0,4.0,0,2,12.090808
307318.0,5.0,0,17,2,3,34.0,2,1,6.0,0.0,9.0,0,4,12.841421
307324.0,4.0,0,15,2,3,34.0,2,1,5.0,1.0,7.0,0,3,11.117822
307325.0,2.0,0,17,1,3,34.0,2,1,6.0,0.0,9.0,0,4,12.946106
307327.0,5.0,0,17,2,3,34.0,2,1,5.0,0.0,6.0,0,2,12.59663
307329.0,4.0,1,13,1,3,34.0,2,1,3.0,3.0,3.0,0,1,11.609835
307330.0,3.0,1,14,2,3,34.0,2,1,3.0,3.0,3.0,0,1,11.281636
307330.0,4.0,1,12,2,3,34.0,2,1,3.0,2.0,2.0,0,1,11.281636
307331.0,2.0,1,12,1,3,34.0,2,1,3.0,4.0,4.0,0,2,10.632871
307334.0,5.0,0,17,2,3,34.0,2,1,5.0,2.0,8.0,0,2,12.161577
307334.0,6.0,0,12,2,3,34.0,2,1,5.0,0.0,6.0,0,2,12.161577
307337.0,3.0,1,17,2,3,34.0,2,1,3.0,2.0,0.0,0,1,11.244406
307337.0,4.0,1,15,1,3,34.0,2,1,3.0,2.0,2.0,0,1,11.244406
307338.0,3.0,1,17,2,3,34.0,2,1,3.0,4.0,4.0,0,2,11.238502
307338.0,4.0,1,12,2,3,34.0,2,1,3.0,3.0,3.0,0,2,11.238502
307344.0,5.0,1,12,2,3,34.0,1,1,3.0,3.0,3.0,0,5,11.240802
307347.0,3.0,0,16,1,3,34.0,1,1,6.0,0.0,9.0,0,4,13.133444
307347.0,4.0,0,14,2,3,34.0,1,1,5.0,2.0,8.0,0,4,13.133444
307347.0,5.0,1,12,1,3,34.0,1,1,3.0,4.0,4.0,0,4,13.133444
307348.0,3.0,1,17,1,3,34.0,1,1,3.0,4.0,0.0,0,2,11.108725
307350.0,3.0,1,16,1,3,34.0,1,0,,,,0,1,10.450915
307350.0,4.0,1,13,1,3,34.0,1,0,,,,0,1,10.450915
307352.0,7.0,1,17,2,3,34.0,1,1,3.0,5.0,5.0,0,1,11.542008
307352.0,8.0,1,15,2,3,34.0,1,1,3.0,5.0,5.0,0,1,11.542008
307354.0,3.0,1,13,1,3,34.0,2,1,3.0,2.0,2.0,0,3,10.453803
307356.0,2.0,1,17,2,3,34.0,2,1,3.0,4.0,0.0,0,4,0.0
307358.0,3.0,1,12,2,3,34.0,2,1,3.0,1.0,2.0,1,1,10.896295
307360.0,6.0,1,13,2,3,34.0,2,1,3.0,5.0,5.0,0,3,10.448019
307362.0,5.0,0,17,1,3,34.0,1,1,5.0,1.0,7.0,0,3,12.431896
307363.0,6.0,1,16,1,3,34.0,1,1,3.0,5.0,5.0,0,4,13.081898
307363.0,7.0,1,14,2,3,34.0,1,1,3.0,4.0,4.0,0,4,13.081898
307363.0,8.0,1,12,1,3,34.0,1,1,3.0,3.0,3.0,0,4,13.081898
307364.0,7.0,1,16,2,3,34.0,1,1,3.0,6.0,6.0,0,3,0.0
307365.0,2.0,0,17,2,3,34.0,1,1,5.0,1.0,7.0,0,5,12.28239
307366.0,3.0,0,16,1,3,34.0,1,1,5.0,2.0,8.0,0,5,12.507883
307369.0,3.0,1,14,1,3,34.0,1,1,3.0,5.0,5.0,0,4,11.78772
307370.0,7.0,0,16,2,3,34.0,1,1,5.0,1.0,7.0,0,3,13.969142
307370.0,8.0,1,14,2,3,34.0,1,1,3.0,5.0,5.0,0,3,13.969142
307370.0,9.0,1,12,1,3,34.0,1,1,3.0,4.0,5.0,0,3,13.969142
307371.0,3.0,0,13,1,3,34.0,2,1,5.0,0.0,0.0,0,4,11.604921
307372.0,3.0,0,15,2,3,34.0,2,1,5.0,0.0,7.0,1,3,11.924445
307372.0,4.0,1,13,2,3,34.0,2,1,3.0,3.0,4.0,1,3,11.924445
307375.0,5.0,0,15,1,3,34.0,2,1,5.0,1.0,7.0,0,4,12.977247
307377.0,5.0,1,16,1,3,34.0,2,1,3.0,2.0,2.0,0,1,11.7668
307377.0,6.0,1,13,1,3,34.0,2,1,3.0,3.0,3.0,0,1,11.7668
307378.0,6.0,1,15,2,3,34.0,2,1,3.0,4.0,4.0,0,3,12.977155
307381.0,4.0,1,13,2,3,34.0,2,1,3.0,5.0,5.0,0,3,11.112089
307383.0,2.0,1,12,2,3,34.0,2,1,3.0,4.0,4.0,0,1,11.590821
307384.0,3.0,0,16,2,3,34.0,2,1,5.0,1.0,8.0,1,3,12.725643
307384.0,4.0,1,13,2,3,34.0,2,1,3.0,5.0,0.0,0,3,12.725643
307384.0,5.0,1,12,2,3,34.0,2,1,3.0,4.0,4.0,0,3,12.725643
307384.0,9.0,1,13,1,3,34.0,2,1,3.0,2.0,2.0,0,3,12.725643
307385.0,5.0,0,17,2,3,34.0,2,1,5.0,2.0,8.0,0,4,13.147048
307385.0,6.0,0,13,1,3,34.0,2,1,5.0,1.0,7.0,0,4,13.147048
307386.0,3.0,0,12,2,3,34.0,2,1,5.0,0.0,6.0,0,5,11.673649
307388.0,4.0,0,17,2,3,34.0,2,1,5.0,2.0,8.0,0,4,11.540891
307389.0,4.0,0,16,1,3,34.0,2,1,5.0,1.0,7.0,0,5,12.082271
307392.0,5.0,0,15,1,3,34.0,2,1,5.0,1.0,7.0,0,3,11.92577
307394.0,4.0,1,14,1,3,34.0,2,1,3.0,3.0,4.0,0,2,11.354527
307394.0,5.0,1,12,2,3,34.0,2,1,3.0,3.0,3.0,0,2,11.354527
307394.0,9.0,1,17,1,3,34.0,2,1,3.0,4.0,0.0,0,2,11.354527
307396.0,3.0,0,15,1,3,34.0,2,1,5.0,0.0,6.0,0,4,11.816808
307396.0,4.0,1,12,1,3,34.0,2,1,3.0,3.0,3.0,0,4,11.816808
307396.0,5.0,1,12,1,3,34.0,2,1,3.0,4.0,4.0,0,4,11.816808
307398.0,4.0,1,16,1,3,34.0,2,1,3.0,5.0,5.0,0,5,14.461663
307403.0,3.0,1,17,1,3,34.0,2,1,5.0,3.0,0.0,0,2,11.322382
307403.0,4.0,1,13,1,3,34.0,2,1,3.0,2.0,2.0,0,2,11.322382
307404.0,7.0,0,15,2,3,34.0,2,1,5.0,1.0,7.0,0,4,13.927402
307404.0,8.0,1,17,1,3,34.0,2,1,3.0,1.0,0.0,0,4,13.927402
307405.0,3.0,1,16,1,3,34.0,2,1,3.0,4.0,4.0,0,4,11.523133
307405.0,4.0,1,13,1,3,34.0,2,1,3.0,3.0,3.0,0,4,11.523133
307406.0,2.0,1,16,1,3,34.0,2,1,3.0,3.0,0.0,0,5,0.0
307407.0,3.0,0,15,1,3,34.0,1,1,5.0,1.0,7.0,0,2,11.46663
307407.0,4.0,1,12,1,3,34.0,1,1,3.0,2.0,2.0,0,2,11.46663
307408.0,3.0,1,16,1,3,34.0,1,1,3.0,5.0,5.0,0,4,12.602669
307408.0,4.0,1,13,2,3,34.0,1,1,3.0,5.0,5.0,0,4,12.602669
307409.0,2.0,0,16,2,3,34.0,1,1,6.0,0.0,9.0,0,4,11.08921
307414.0,2.0,1,15,1,3,34.0,1,1,3.0,3.0,0.0,0,1,11.400328
307416.0,3.0,1,17,1,3,34.0,2,1,3.0,2.0,3.0,0,5,10.6914
307420.0,4.0,1,14,2,3,34.0,2,1,3.0,3.0,3.0,0,3,12.285397
307421.0,3.0,1,13,1,3,34.0,2,1,3.0,4.0,4.0,0,3,11.881734
307422.0,5.0,1,15,2,3,34.0,2,1,3.0,5.0,5.0,0,3,11.731466
307422.0,6.0,1,13,1,3,34.0,2,1,3.0,5.0,5.0,0,3,11.731466
307424.0,3.0,0,16,1,3,34.0,2,1,5.0,1.0,7.0,0,5,12.390875
307424.0,4.0,0,13,1,3,34.0,2,1,5.0,0.0,6.0,0,5,12.390875
307426.0,2.0,0,15,2,3,34.0,2,1,5.0,1.0,7.0,0,5,11.624118
307427.0,2.0,1,14,2,3,34.0,2,1,3.0,3.0,3.0,0,2,10.9707985
307429.0,4.0,1,15,2,3,34.0,2,1,3.0,5.0,5.0,0,1,12.105761
307433.0,3.0,1,14,2,3,34.0,2,1,3.0,4.0,5.0,1,5,10.938024
307434.0,3.0,1,16,2,3,34.0,2,1,3.0,3.0,3.0,0,2,11.180957
307435.0,3.0,1,17,1,3,34.0,2,1,3.0,1.0,0.0,0,2,10.4275055
307435.0,4.0,1,14,2,3,34.0,2,1,3.0,0.0,0.0,0,2,10.4275055
307439.0,3.0,1,12,2,3,34.0,2,1,3.0,2.0,2.0,0,4,11.34983
307442.0,4.0,0,17,1,3,34.0,2,1,5.0,1.0,7.0,0,3,11.650389
307444.0,2.0,1,15,2,3,34.0,2,1,3.0,5.0,5.0,0,3,11.561249
307449.0,3.0,0,13,2,3,34.0,2,1,5.0,0.0,6.0,0,3,11.726713
307452.0,3.0,1,12,1,3,34.0,2,1,3.0,5.0,5.0,0,4,13.590867
307453.0,4.0,0,16,2,3,34.0,2,1,6.0,0.0,9.0,0,5,13.817934
307455.0,4.0,0,17,2,3,34.0,2,1,5.0,1.0,7.0,0,4,12.418645
307455.0,5.0,1,13,2,3,34.0,2,1,3.0,3.0,3.0,0,4,12.418645
307457.0,2.0,1,13,2,3,34.0,2,1,3.0,4.0,4.0,0,4,0.0
307461.0,5.0,1,13,2,3,34.0,1,1,3.0,5.0,5.0,0,4,12.60139
307471.0,2.0,1,13,1,3,34.0,2,1,3.0,3.0,3.0,0,1,11.072107
307472.0,3.0,1,13,2,3,34.0,2,1,3.0,4.0,4.0,0,4,10.642468
307477.0,3.0,1,16,2,3,34.0,2,1,3.0,5.0,0.0,0,4,11.566808
307477.0,4.0,0,14,2,3,34.0,2,1,5.0,0.0,6.0,0,4,11.566808
307477.0,5.0,1,12,2,3,34.0,2,1,3.0,3.0,3.0,0,4,11.566808
307482.0,3.0,1,12,2,3,34.0,2,1,3.0,0.0,1.0,1,2,10.562975
307485.0,3.0,1,16,2,3,34.0,2,1,3.0,5.0,5.0,0,3,12.275766
307485.0,4.0,0,14,2,3,34.0,2,1,5.0,0.0,6.0,0,3,12.275766
307486.0,4.0,0,15,2,3,34.0,2,1,5.0,0.0,6.0,0,5,12.575206
307486.0,5.0,1,14,2,3,34.0,2,1,3.0,4.0,4.0,0,5,12.575206
307489.0,4.0,1,17,1,3,34.0,2,1,3.0,2.0,0.0,0,4,10.843026
307490.0,2.0,1,14,2,3,34.0,2,1,3.0,3.0,3.0,0,1,11.562915
307493.0,2.0,1,16,1,3,34.0,2,1,3.0,4.0,0.0,0,2,8.665786
307494.0,5.0,1,14,1,3,34.0,2,1,3.0,5.0,5.0,0,2,12.317552
307496.0,5.0,1,16,1,3,34.0,2,1,3.0,5.0,5.0,0,3,13.17831
307500.0,3.0,1,15,2,3,34.0,2,1,3.0,5.0,5.0,0,3,11.617069
307501.0,4.0,0,17,1,3,34.0,2,1,5.0,1.0,7.0,0,3,13.160538
307501.0,5.0,0,16,1,3,34.0,2,1,5.0,1.0,7.0,0,3,13.160538
307505.0,4.0,1,12,1,3,34.0,2,1,3.0,2.0,2.0,0,3,10.744537
307506.0,2.0,0,17,2,3,34.0,2,1,5.0,1.0,8.0,1,3,11.4633255
307507.0,3.0,1,12,2,3,34.0,2,1,3.0,2.0,3.0,1,1,11.206414
307512.0,5.0,0,17,2,3,34.0,2,1,5.0,2.0,8.0,0,2,11.313267
307512.0,6.0,0,14,1,3,34.0,2,1,5.0,0.0,6.0,0,2,11.313267
307513.0,3.0,1,12,2,3,34.0,2,1,3.0,2.0,2.0,0,3,11.430098
307514.0,4.0,1,17,1,3,34.0,2,1,3.0,6.0,0.0,0,1,10.788824
307514.0,5.0,1,14,1,3,34.0,2,1,3.0,5.0,5.0,0,1,10.788824
307516.0,3.0,1,12,1,3,34.0,2,1,3.0,2.0,2.0,0,2,11.281636
307518.0,3.0,1,12,1,3,34.0,2,1,3.0,2.0,2.0,0,2,11.096667
307526.0,5.0,1,16,1,3,34.0,1,1,3.0,4.0,5.0,1,1,10.436349
307527.0,3.0,1,15,1,3,34.0,1,1,3.0,4.0,4.0,0,3,11.683731
307527.0,4.0,1,12,1,3,34.0,1,1,3.0,3.0,3.0,0,3,11.683731
307529.0,3.0,1,16,1,3,34.0,1,1,3.0,4.0,4.0,0,2,11.691289
307529.0,4.0,1,14,1,3,34.0,1,1,3.0,4.0,4.0,0,2,11.691289
307529.0,5.0,1,12,1,3,34.0,1,1,3.0,4.0,4.0,0,2,11.691289
307530.0,5.0,1,17,2,3,34.0,1,1,3.0,5.0,0.0,0,2,12.072747
307530.0,6.0,1,12,1,3,34.0,1,1,3.0,4.0,4.0,0,2,12.072747
307534.0,3.0,0,17,1,3,34.0,2,1,5.0,2.0,8.0,0,4,12.19
307534.0,4.0,1,12,2,3,34.0,2,1,3.0,3.0,4.0,1,4,12.19
307539.0,6.0,0,16,2,3,34.0,2,1,5.0,2.0,8.0,0,4,13.139852
307545.0,5.0,1,17,1,3,34.0,2,1,3.0,4.0,4.0,0,4,12.068596
307545.0,6.0,1,13,2,3,34.0,2,1,3.0,2.0,2.0,0,4,12.068596
307546.0,2.0,0,15,1,3,34.0,2,1,5.0,0.0,6.0,0,5,11.024122
307547.0,3.0,1,12,1,3,34.0,2,1,3.0,1.0,1.0,0,4,11.450529
307550.0,4.0,0,15,1,3,34.0,2,1,5.0,0.0,6.0,0,4,12.6677475
307550.0,5.0,1,13,1,3,34.0,2,1,3.0,1.0,2.0,1,4,12.6677475
307553.0,2.0,0,16,2,3,34.0,2,1,5.0,1.0,8.0,1,4,11.196309
307556.0,5.0,0,17,2,3,34.0,2,1,5.0,0.0,6.0,0,1,12.199657
307558.0,2.0,0,13,2,3,34.0,2,1,5.0,0.0,6.0,0,1,11.747492
307559.0,5.0,1,14,2,3,34.0,2,1,3.0,5.0,6.0,1,3,11.611285
307560.0,6.0,1,17,2,3,34.0,1,1,3.0,5.0,5.0,0,3,14.008958
307560.0,7.0,1,13,2,3,34.0,1,1,3.0,4.0,4.0,0,3,14.008958
307561.0,6.0,0,17,2,3,34.0,1,1,6.0,1.0,10.0,0,3,13.239259
307564.0,5.0,0,17,2,3,34.0,1,1,5.0,0.0,6.0,0,4,13.486292
307564.0,6.0,1,12,1,3,34.0,1,1,3.0,5.0,6.0,1,4,13.486292
307569.0,3.0,0,15,2,3,34.0,2,1,5.0,1.0,7.0,0,4,13.983849
307569.0,4.0,1,13,1,3,34.0,2,1,3.0,4.0,4.0,0,4,13.983849
307569.0,7.0,1,17,1,3,34.0,2,0,,,,0,4,13.983849
307572.0,4.0,1,17,1,3,34.0,2,1,3.0,4.0,4.0,0,2,10.76798
307573.0,5.0,0,16,2,3,34.0,2,1,5.0,1.0,7.0,0,4,12.697597
307574.0,5.0,1,16,2,3,34.0,2,1,3.0,4.0,4.0,0,1,11.420273
307578.0,5.0,1,12,2,3,34.0,1,1,3.0,4.0,4.0,0,5,10.99836
307580.0,5.0,1,17,1,3,34.0,1,1,3.0,6.0,0.0,0,3,11.876429
307583.0,2.0,0,17,2,3,34.0,1,1,6.0,2.0,11.0,0,5,12.778593
307583.0,3.0,0,15,2,3,34.0,1,1,5.0,2.0,8.0,0,5,12.778593
307584.0,3.0,1,12,2,3,34.0,1,1,3.0,2.0,2.0,0,4,11.665226
307586.0,3.0,0,14,1,3,34.0,1,1,5.0,0.0,6.0,0,4,12.946726
307587.0,4.0,1,16,1,3,34.0,2,1,3.0,4.0,0.0,0,3,0.0
307588.0,3.0,1,12,1,3,34.0,2,1,3.0,1.0,2.0,1,3,11.740866
307589.0,5.0,1,17,2,3,34.0,2,1,3.0,3.0,0.0,0,3,11.610605
307589.0,6.0,1,14,1,3,34.0,2,1,3.0,2.0,3.0,1,3,11.610605
307590.0,3.0,1,16,2,3,34.0,2,1,3.0,4.0,4.0,0,3,11.660707
307590.0,4.0,1,14,1,3,34.0,2,1,3.0,3.0,0.0,0,3,11.660707
307591.0,4.0,1,16,1,3,34.0,2,1,3.0,2.0,2.0,0,2,13.11095
307591.0,5.0,1,14,2,3,34.0,2,1,3.0,2.0,2.0,0,2,13.11095
307593.0,3.0,1,12,2,3,34.0,2,1,3.0,1.0,2.0,1,1,11.1397
307597.0,3.0,1,13,2,3,34.0,2,1,3.0,5.0,5.0,0,3,10.704951
307603.0,4.0,1,16,2,3,34.0,2,1,3.0,2.0,3.0,1,3,11.476531
307603.0,5.0,1,12,1,3,34.0,2,1,3.0,2.0,2.0,0,3,11.476531
307605.0,4.0,1,16,2,3,34.0,2,1,3.0,4.0,4.0,0,4,10.386716
307605.0,5.0,1,12,1,3,34.0,2,1,3.0,1.0,2.0,1,4,10.386716
307606.0,3.0,0,15,2,3,34.0,2,1,5.0,0.0,6.0,0,4,12.206628
307606.0,4.0,1,13,2,3,34.0,2,1,3.0,4.0,4.0,0,4,12.206628
307606.0,7.0,1,16,1,3,34.0,2,1,3.0,2.0,0.0,0,4,12.206628
307612.0,4.0,1,17,2,3,34.0,2,1,3.0,3.0,0.0,0,1,10.598533
307612.0,5.0,1,14,1,3,34.0,2,1,3.0,1.0,0.0,0,1,10.598533
307614.0,6.0,1,14,1,3,34.0,2,1,3.0,3.0,0.0,0,2,0.0
307615.0,4.0,0,16,2,3,34.0,2,1,5.0,0.0,6.0,0,3,13.394161
307615.0,5.0,1,14,1,3,34.0,2,1,3.0,3.0,4.0,1,3,13.394161
307615.0,6.0,1,14,1,3,34.0,2,1,3.0,4.0,4.0,0,3,13.394161
307616.0,3.0,1,12,1,3,34.0,2,1,3.0,3.0,3.0,0,4,10.375863
307618.0,2.0,1,15,2,3,34.0,2,1,3.0,3.0,4.0,0,1,11.252223
307618.0,3.0,1,12,2,3,34.0,2,1,3.0,3.0,3.0,0,1,11.252223
307619.0,5.0,0,15,2,3,34.0,2,1,5.0,0.0,6.0,0,3,12.390313
307619.0,6.0,1,12,1,3,34.0,2,1,3.0,4.0,5.0,1,3,12.390313
307624.0,5.0,1,17,1,3,34.0,2,1,3.0,4.0,0.0,0,2,10.888109
307624.0,6.0,1,14,1,3,34.0,2,1,3.0,4.0,4.0,0,2,10.888109
307625.0,5.0,1,17,2,3,34.0,2,1,3.0,4.0,0.0,0,2,10.465272
307625.0,6.0,1,15,1,3,34.0,2,1,3.0,4.0,4.0,0,2,10.465272
307632.0,4.0,0,16,1,3,34.0,1,1,5.0,0.0,6.0,0,3,13.18806
307632.0,5.0,1,14,1,3,34.0,1,1,3.0,3.0,4.0,1,3,13.18806
307633.0,3.0,1,14,1,3,34.0,1,1,3.0,2.0,3.0,1,5,9.143239
307634.0,2.0,1,12,1,3,34.0,1,1,3.0,4.0,4.0,0,3,11.240474
307635.0,4.0,0,16,2,3,34.0,1,1,5.0,2.0,8.0,0,5,13.673568
307637.0,5.0,0,14,2,3,34.0,1,1,5.0,1.0,7.0,0,5,13.304745
307640.0,3.0,1,16,1,3,34.0,1,1,3.0,5.0,5.0,0,3,13.190603
307640.0,4.0,1,12,1,3,34.0,1,1,3.0,2.0,2.0,0,3,13.190603
307641.0,5.0,1,16,2,3,34.0,1,1,5.0,0.0,7.0,0,3,10.859499
307642.0,5.0,1,13,2,3,34.0,1,1,3.0,3.0,3.0,0,5,10.67304
307643.0,5.0,1,17,2,3,34.0,1,1,3.0,4.0,0.0,0,1,11.554557
307643.0,6.0,1,16,2,3,34.0,1,1,3.0,3.0,0.0,0,1,11.554557
307643.0,7.0,1,13,1,3,34.0,1,1,3.0,2.0,2.0,0,1,11.554557
307645.0,5.0,0,15,1,3,34.0,1,1,5.0,1.0,7.0,0,5,14.044911
307646.0,4.0,0,15,2,3,34.0,1,1,5.0,0.0,6.0,0,3,11.690327
307646.0,5.0,1,12,1,3,34.0,1,1,3.0,3.0,3.0,0,3,11.690327
307653.0,3.0,1,17,1,3,34.0,2,1,3.0,5.0,0.0,0,2,11.1346035
307653.0,4.0,1,13,1,3,34.0,2,1,3.0,4.0,4.0,0,2,11.1346035
307654.0,3.0,1,13,2,3,34.0,2,1,3.0,3.0,3.0,0,4,10.423055
307656.0,4.0,1,15,1,3,34.0,2,1,3.0,5.0,5.0,0,4,11.825258
307656.0,5.0,1,12,2,3,34.0,2,1,3.0,3.0,3.0,0,4,11.825258
307658.0,2.0,1,15,2,3,34.0,2,1,5.0,1.0,0.0,0,2,0.0
307661.0,4.0,0,17,1,3,34.0,2,1,6.0,1.0,10.0,0,5,14.888318
307661.0,5.0,0,14,2,3,34.0,2,1,5.0,0.0,6.0,0,5,14.888318
307661.0,6.0,1,12,1,3,34.0,2,1,3.0,5.0,5.0,0,5,14.888318
307666.0,2.0,1,16,1,3,34.0,2,1,3.0,1.0,0.0,0,2,11.744045
307666.0,3.0,1,15,2,3,34.0,2,1,3.0,4.0,5.0,1,2,11.744045
307666.0,4.0,1,12,1,3,34.0,2,1,3.0,2.0,3.0,1,2,11.744045
307674.0,4.0,1,15,2,3,34.0,1,1,3.0,4.0,0.0,0,5,10.437082
307677.0,3.0,1,15,1,3,34.0,2,1,3.0,5.0,6.0,1,3,11.7354765
307678.0,3.0,0,17,2,3,34.0,2,1,6.0,0.0,9.0,0,5,12.484447
307678.0,4.0,0,14,1,3,34.0,2,1,5.0,1.0,7.0,0,5,12.484447
307680.0,3.0,1,13,2,3,34.0,2,1,3.0,5.0,5.0,0,3,10.858538
307683.0,5.0,1,12,2,3,34.0,2,1,3.0,4.0,4.0,0,5,13.681209
307693.0,4.0,1,17,1,3,34.0,2,1,3.0,6.0,0.0,0,1,11.785248
307693.0,5.0,0,15,2,3,34.0,2,1,5.0,0.0,6.0,0,1,11.785248
307693.0,6.0,1,12,2,3,34.0,2,1,3.0,2.0,3.0,1,1,11.785248
307699.0,3.0,1,14,2,3,34.0,2,1,3.0,3.0,3.0,0,3,10.53943
307700.0,3.0,1,17,1,3,34.0,2,1,3.0,4.0,0.0,0,1,10.542073
307700.0,4.0,1,15,2,3,34.0,2,1,3.0,4.0,0.0,0,1,10.542073
307700.0,5.0,1,13,2,3,34.0,2,1,3.0,2.0,3.0,1,1,10.542073
307703.0,3.0,1,17,1,3,34.0,2,1,3.0,4.0,5.0,1,2,12.205453
307703.0,4.0,1,15,1,3,34.0,2,1,3.0,4.0,4.0,0,2,12.205453
307703.0,5.0,1,13,2,3,34.0,2,1,3.0,3.0,4.0,1,2,12.205453
307703.0,6.0,1,12,2,3,34.0,2,1,3.0,2.0,3.0,1,2,12.205453
307704.0,3.0,1,12,1,3,34.0,2,1,3.0,1.0,1.0,0,1,11.282896
307706.0,2.0,1,14,2,3,34.0,2,1,3.0,3.0,4.0,1,4,11.534207
307708.0,3.0,0,17,2,3,34.0,2,1,5.0,1.0,7.0,0,4,12.192536
307708.0,4.0,1,14,1,3,34.0,2,1,3.0,4.0,5.0,0,4,12.192536
307711.0,4.0,1,16,1,3,34.0,2,1,3.0,5.0,0.0,0,4,10.442201
307711.0,5.0,1,14,2,3,34.0,2,1,3.0,4.0,5.0,1,4,10.442201
307716.0,5.0,0,14,1,3,34.0,2,1,5.0,2.0,,0,3,11.139845
307717.0,3.0,1,13,1,3,34.0,2,1,3.0,3.0,,0,4,11.008761
307719.0,2.0,1,14,2,3,34.0,2,1,3.0,5.0,,0,3,10.735875
307720.0,3.0,1,17,2,3,34.0,2,1,5.0,1.0,,0,1,0.0
307722.0,3.0,1,12,1,3,34.0,2,1,3.0,3.0,,0,2,11.703347
307725.0,3.0,1,15,2,3,34.0,2,1,3.0,4.0,,0,3,12.236121
307725.0,4.0,1,13,2,3,34.0,2,1,3.0,3.0,,1,3,12.236121
307731.0,4.0,1,16,2,3,34.0,2,1,3.0,5.0,,0,2,0.0
307732.0,4.0,1,16,2,3,34.0,2,1,5.0,1.0,,0,3,11.598424
307732.0,5.0,1,14,1,3,34.0,2,1,3.0,3.0,,0,3,11.598424
307734.0,3.0,1,12,2,3,34.0,2,1,3.0,4.0,,0,5,11.317531
307735.0,3.0,1,12,1,3,34.0,2,1,3.0,2.0,,0,2,10.583448
307738.0,5.0,1,15,1,3,34.0,2,1,3.0,5.0,,0,3,12.705517
307747.0,6.0,0,16,1,3,34.0,2,1,5.0,1.0,,0,2,12.573527
307748.0,2.0,1,13,1,3,34.0,2,1,3.0,3.0,,0,3,10.549962
307749.0,3.0,1,15,1,3,34.0,2,1,3.0,3.0,,0,2,11.3731
307751.0,2.0,1,13,1,3,34.0,2,1,3.0,4.0,,1,4,10.873812
307752.0,2.0,1,17,2,3,34.0,2,1,5.0,0.0,,0,5,11.651478
307752.0,3.0,0,15,2,3,34.0,2,1,5.0,1.0,,0,5,11.651478
307756.0,3.0,1,12,2,3,34.0,2,1,3.0,4.0,,1,4,11.2574005
307758.0,4.0,0,15,2,3,34.0,1,1,6.0,0.0,,0,4,13.371129
307758.0,5.0,1,16,1,3,34.0,1,1,3.0,4.0,,0,4,13.371129
307759.0,2.0,0,16,2,3,34.0,1,1,6.0,0.0,,0,5,13.337251
307762.0,2.0,0,17,1,3,34.0,1,1,5.0,1.0,,0,5,11.726915
307765.0,4.0,1,14,2,3,34.0,1,1,3.0,4.0,,1,1,11.442513
307765.0,5.0,1,13,2,3,34.0,1,1,3.0,3.0,,0,1,11.442513
307766.0,4.0,0,17,2,3,34.0,1,1,6.0,2.0,,0,5,12.027759
307768.0,3.0,1,17,2,3,35.0,2,1,3.0,3.0,0.0,0,1,0.0
307768.0,4.0,1,12,1,3,35.0,2,1,3.0,2.0,0.0,0,1,0.0
307770.0,4.0,1,15,1,3,35.0,2,1,3.0,6.0,0.0,0,3,0.0
307771.0,4.0,1,17,1,3,35.0,2,1,3.0,5.0,0.0,0,2,0.0
307775.0,2.0,1,16,2,3,35.0,2,1,3.0,6.0,5.0,0,2,0.0
307777.0,3.0,0,17,1,3,35.0,2,1,6.0,1.0,10.0,0,1,11.219708
307777.0,4.0,1,12,2,3,35.0,2,1,3.0,5.0,5.0,0,1,11.219708
307778.0,3.0,1,17,2,3,35.0,2,1,3.0,6.0,0.0,0,1,10.440741
307778.0,4.0,1,15,1,3,35.0,2,1,3.0,5.0,5.0,0,1,10.440741
307778.0,5.0,1,12,1,3,35.0,2,1,3.0,3.0,3.0,0,1,10.440741
307780.0,2.0,1,13,1,3,35.0,2,1,3.0,5.0,5.0,0,1,11.698168
307784.0,3.0,1,17,1,3,35.0,2,1,3.0,1.0,0.0,0,1,11.343926
307784.0,4.0,1,14,2,3,35.0,2,1,3.0,5.0,5.0,0,1,11.343926
307785.0,4.0,0,15,1,3,35.0,2,1,5.0,1.0,7.0,0,2,10.677316
307787.0,4.0,1,12,1,3,35.0,2,1,3.0,1.0,1.0,0,2,10.449468
307788.0,2.0,0,16,2,3,35.0,2,1,6.0,2.0,11.0,0,4,12.639675
307789.0,4.0,0,13,2,3,35.0,2,1,5.0,1.0,7.0,0,5,13.448188
307789.0,8.0,1,16,1,3,35.0,2,1,3.0,6.0,6.0,0,5,13.448188
307790.0,6.0,0,15,2,3,35.0,2,1,5.0,1.0,8.0,1,5,12.9823675
307793.0,2.0,0,14,2,3,35.0,2,1,5.0,0.0,6.0,0,4,10.95712
307796.0,3.0,0,17,2,3,35.0,1,1,5.0,2.0,9.0,1,1,9.921376
307797.0,3.0,0,17,1,3,35.0,1,1,5.0,2.0,8.0,0,2,10.280587
307799.0,7.0,1,12,1,3,35.0,1,1,3.0,2.0,2.0,0,1,11.449197
307804.0,2.0,0,16,1,3,35.0,2,1,6.0,0.0,9.0,0,4,11.519514
307806.0,4.0,0,15,1,3,35.0,2,1,5.0,0.0,6.0,0,1,12.6969385
307806.0,5.0,1,13,1,3,35.0,2,1,3.0,3.0,3.0,0,1,12.6969385
307807.0,3.0,0,13,2,3,35.0,2,1,5.0,1.0,7.0,0,2,11.50576
307809.0,6.0,0,16,1,3,35.0,2,1,5.0,1.0,8.0,1,5,14.509892
307809.0,7.0,1,13,1,3,35.0,2,1,3.0,2.0,2.0,0,5,14.509892
307809.0,9.0,0,14,1,3,35.0,2,1,5.0,1.0,7.0,0,5,14.509892
307813.0,4.0,1,14,2,3,35.0,2,1,3.0,6.0,0.0,0,2,11.631828
307813.0,5.0,1,14,2,3,35.0,2,1,3.0,5.0,0.0,0,2,11.631828
307814.0,4.0,0,17,2,3,35.0,2,1,5.0,1.0,8.0,1,2,11.194936
307815.0,2.0,0,13,2,3,35.0,2,1,5.0,0.0,6.0,0,3,11.4157095
307817.0,3.0,1,14,2,3,35.0,2,1,3.0,5.0,0.0,0,1,0.0
307821.0,3.0,1,12,1,3,35.0,2,1,3.0,2.0,2.0,0,1,10.651975
307823.0,4.0,1,16,1,3,35.0,2,1,3.0,1.0,0.0,0,2,10.372741
307827.0,4.0,0,16,2,3,35.0,2,1,5.0,0.0,7.0,1,3,10.873528
307828.0,2.0,1,15,2,3,35.0,2,1,3.0,6.0,6.0,0,3,10.618299
307829.0,5.0,0,17,2,3,35.0,2,1,5.0,1.0,7.0,0,5,13.207753
307830.0,4.0,1,12,1,3,35.0,2,1,3.0,2.0,2.0,0,1,10.304811
307832.0,4.0,1,16,1,3,35.0,2,1,3.0,5.0,5.0,0,3,11.105723
307834.0,3.0,1,12,2,3,35.0,2,1,3.0,2.0,2.0,0,1,11.508174
307835.0,3.0,1,13,1,3,35.0,2,1,3.0,3.0,3.0,0,1,11.009588
307839.0,4.0,0,17,2,3,35.0,1,1,5.0,2.0,8.0,0,3,11.855245
307839.0,5.0,0,15,1,3,35.0,1,1,5.0,0.0,6.0,0,3,11.855245
307840.0,2.0,1,12,1,3,35.0,1,1,3.0,3.0,3.0,0,3,10.523418
307843.0,3.0,1,16,1,3,35.0,1,1,3.0,3.0,3.0,0,4,11.704174
307844.0,3.0,0,17,1,3,35.0,1,1,5.0,1.0,7.0,0,4,11.132558
307844.0,4.0,0,13,2,3,35.0,1,1,5.0,0.0,6.0,0,4,11.132558
307846.0,5.0,0,17,2,3,35.0,1,1,6.0,0.0,9.0,0,4,12.225561
307847.0,3.0,0,14,2,3,35.0,1,1,5.0,0.0,6.0,0,5,11.531119
307851.0,2.0,0,16,2,3,35.0,2,1,5.0,1.0,7.0,0,3,10.362841
307852.0,5.0,1,17,1,3,35.0,2,1,3.0,2.0,0.0,0,2,11.105723
307852.0,6.0,1,13,2,3,35.0,2,1,3.0,2.0,3.0,1,2,11.105723
307853.0,3.0,0,15,2,3,35.0,2,1,5.0,0.0,6.0,0,1,11.5229845
307856.0,3.0,0,13,2,3,35.0,2,1,5.0,0.0,6.0,0,1,11.200828
307857.0,2.0,1,14,2,3,35.0,2,1,3.0,3.0,3.0,0,1,11.557191
307857.0,3.0,1,14,2,3,35.0,2,1,3.0,3.0,3.0,0,1,11.557191
307858.0,2.0,1,16,1,3,35.0,2,1,3.0,6.0,6.0,0,4,10.400498
307860.0,4.0,0,17,2,3,35.0,2,1,5.0,0.0,6.0,0,2,12.522874
307860.0,5.0,0,15,2,3,35.0,2,1,5.0,0.0,6.0,0,2,12.522874
307864.0,2.0,1,17,1,3,35.0,2,1,3.0,5.0,0.0,0,3,11.3868065
307864.0,3.0,1,15,1,3,35.0,2,1,3.0,2.0,3.0,1,3,11.3868065
307864.0,4.0,1,12,1,3,35.0,2,1,3.0,4.0,4.0,0,3,11.3868065
307865.0,3.0,1,12,2,3,35.0,2,1,3.0,3.0,3.0,0,2,10.694238
307866.0,3.0,0,16,2,3,35.0,2,1,5.0,0.0,6.0,0,2,11.661871
307866.0,4.0,1,13,2,3,35.0,2,1,3.0,5.0,5.0,0,2,11.661871
307868.0,3.0,1,16,2,3,35.0,2,1,3.0,6.0,0.0,0,3,11.056446
307868.0,4.0,1,12,2,3,35.0,2,1,3.0,4.0,4.0,0,3,11.056446
307872.0,3.0,1,13,1,3,35.0,2,1,3.0,3.0,3.0,0,4,11.390204
307873.0,2.0,1,12,1,3,35.0,2,1,3.0,2.0,2.0,0,4,10.9707985
307874.0,2.0,1,14,1,3,35.0,2,1,3.0,3.0,4.0,1,4,10.43341
307877.0,3.0,1,16,1,3,35.0,2,1,3.0,5.0,5.0,0,2,10.439279
307879.0,5.0,0,15,2,3,35.0,2,1,5.0,0.0,6.0,0,3,12.343967
307879.0,6.0,1,12,1,3,35.0,2,1,3.0,4.0,4.0,0,3,12.343967
307881.0,2.0,1,12,2,3,35.0,2,1,3.0,3.0,3.0,0,2,10.311482
307883.0,3.0,0,14,1,3,35.0,2,1,5.0,0.0,6.0,0,3,11.943643
307883.0,4.0,1,12,2,3,35.0,2,1,3.0,2.0,2.0,0,3,11.943643
307886.0,2.0,1,15,1,3,35.0,2,1,3.0,3.0,0.0,0,1,5.3033047
307887.0,4.0,1,16,1,3,35.0,2,1,3.0,4.0,5.0,0,3,11.013304
307888.0,2.0,1,15,1,3,35.0,2,1,3.0,2.0,0.0,0,3,10.400498
307888.0,3.0,1,12,1,3,35.0,2,1,3.0,1.0,1.0,0,3,10.400498
307892.0,5.0,0,14,2,3,35.0,2,1,5.0,0.0,6.0,0,2,11.537725
307892.0,6.0,1,12,1,3,35.0,2,1,3.0,4.0,4.0,0,2,11.537725
307893.0,4.0,1,17,1,3,35.0,2,0,,,,0,2,12.5636635
307893.0,5.0,1,13,1,3,35.0,2,1,3.0,4.0,5.0,1,2,12.5636635
307894.0,3.0,1,15,2,3,35.0,2,1,3.0,3.0,4.0,1,3,11.23916
307895.0,3.0,1,13,2,3,35.0,2,1,3.0,4.0,4.0,0,3,11.0194645
307898.0,3.0,1,16,1,3,35.0,2,1,3.0,6.0,0.0,0,3,10.253299
307900.0,3.0,0,17,2,3,35.0,2,1,6.0,0.0,9.0,0,2,12.056417
307901.0,4.0,1,14,2,3,35.0,2,1,3.0,2.0,2.0,0,1,11.8420925
307903.0,5.0,1,16,1,3,35.0,2,1,3.0,4.0,4.0,0,1,11.32721
307903.0,6.0,1,12,1,3,35.0,2,1,3.0,1.0,1.0,0,1,11.32721
307907.0,5.0,1,17,1,3,35.0,2,1,3.0,0.0,0.0,0,2,11.436865
307907.0,6.0,1,12,1,3,35.0,2,1,3.0,1.0,1.0,0,2,11.436865
307915.0,4.0,1,17,2,3,35.0,2,1,3.0,5.0,0.0,0,3,10.523418
307916.0,4.0,1,16,2,3,35.0,2,1,3.0,3.0,0.0,0,2,10.703829
307920.0,3.0,1,16,2,3,35.0,2,1,3.0,4.0,0.0,0,2,10.573264
307920.0,4.0,1,15,2,3,35.0,2,1,3.0,5.0,0.0,0,2,10.573264
307927.0,3.0,0,17,1,3,35.0,2,1,5.0,0.0,6.0,0,2,11.625683
307927.0,4.0,1,16,2,3,35.0,2,1,3.0,1.0,2.0,0,2,11.625683
307927.0,5.0,1,14,2,3,35.0,2,1,3.0,5.0,5.0,0,2,11.625683
307928.0,3.0,1,15,2,3,35.0,2,1,3.0,3.0,3.0,0,1,11.768351
307928.0,4.0,1,12,2,3,35.0,2,1,3.0,2.0,2.0,0,1,11.768351
307929.0,3.0,0,14,1,3,35.0,2,1,5.0,1.0,7.0,0,2,11.856061
307929.0,4.0,1,13,2,3,35.0,2,1,3.0,3.0,3.0,0,2,11.856061
307930.0,3.0,1,15,1,3,35.0,2,1,3.0,0.0,0.0,0,3,0.0
307933.0,3.0,1,14,1,3,35.0,2,1,3.0,3.0,4.0,1,4,11.313877
307937.0,2.0,0,15,2,3,35.0,2,1,5.0,0.0,6.0,0,3,10.499876
307938.0,2.0,1,15,1,3,35.0,2,1,3.0,3.0,3.0,0,1,10.720532
307940.0,3.0,1,15,1,3,35.0,2,1,3.0,3.0,3.0,0,1,11.025995
307940.0,4.0,1,12,2,3,35.0,2,1,3.0,1.0,2.0,1,1,11.025995
307943.0,2.0,1,12,1,3,35.0,2,1,3.0,0.0,0.0,0,3,0.0
307945.0,3.0,1,13,1,3,35.0,2,1,3.0,3.0,3.0,0,1,11.440635
307946.0,4.0,0,16,1,3,35.0,2,1,5.0,0.0,6.0,0,2,11.66904
307946.0,5.0,1,13,1,3,35.0,2,1,3.0,2.0,2.0,0,2,11.66904
307950.0,3.0,0,17,1,3,35.0,2,1,6.0,0.0,9.0,0,4,12.816941
307950.0,4.0,0,15,1,3,35.0,2,1,5.0,2.0,8.0,0,4,12.816941
307954.0,3.0,1,14,2,3,35.0,2,1,3.0,5.0,5.0,0,2,11.337989
307956.0,3.0,0,14,2,3,35.0,2,1,5.0,1.0,7.0,0,3,11.369471
307956.0,4.0,1,12,2,3,35.0,2,1,3.0,3.0,3.0,0,3,11.369471
307957.0,2.0,1,13,2,3,35.0,2,1,3.0,1.0,2.0,1,3,10.439279
307958.0,3.0,1,14,2,3,35.0,2,1,3.0,5.0,5.0,0,3,11.767188
307958.0,4.0,1,13,1,3,35.0,2,1,3.0,5.0,5.0,0,3,11.767188
307960.0,3.0,1,15,2,3,35.0,2,1,3.0,4.0,4.0,0,1,11.522638
307960.0,4.0,1,13,2,3,35.0,2,1,3.0,4.0,5.0,1,1,11.522638
307961.0,3.0,1,14,1,3,35.0,2,1,3.0,4.0,5.0,1,2,11.535919
307970.0,3.0,1,14,1,3,35.0,2,1,3.0,2.0,3.0,1,1,11.174665
307974.0,2.0,1,17,2,3,35.0,2,1,3.0,5.0,5.0,0,4,10.864293
307975.0,3.0,0,17,2,3,35.0,2,1,6.0,0.0,9.0,0,3,13.142746
307975.0,4.0,0,15,2,3,35.0,2,1,5.0,1.0,7.0,0,3,13.142746
307975.0,5.0,1,12,2,3,35.0,2,1,3.0,4.0,4.0,0,3,13.142746
307975.0,8.0,1,12,1,3,35.0,2,1,3.0,1.0,1.0,0,3,13.142746
307978.0,6.0,0,16,2,3,35.0,2,1,5.0,1.0,7.0,0,2,11.553213
307978.0,7.0,1,15,1,3,35.0,2,1,3.0,1.0,2.0,1,2,11.553213
307983.0,3.0,1,14,2,3,35.0,2,1,3.0,2.0,2.0,0,2,11.395841
307983.0,4.0,1,14,2,3,35.0,2,1,3.0,2.0,2.0,0,2,11.395841
307985.0,4.0,0,14,2,3,35.0,2,1,5.0,1.0,7.0,0,4,12.531397
307989.0,3.0,1,17,2,3,35.0,2,1,3.0,6.0,0.0,0,2,0.0
307990.0,3.0,0,13,2,3,35.0,2,1,5.0,0.0,6.0,0,2,10.846635
307991.0,2.0,1,17,2,3,35.0,2,1,5.0,1.0,0.0,0,2,10.4878235
307992.0,3.0,1,12,1,3,35.0,2,1,3.0,3.0,4.0,1,4,10.813277
307993.0,4.0,1,14,1,3,35.0,2,1,3.0,3.0,3.0,0,2,11.258691
307993.0,5.0,1,13,1,3,35.0,2,1,3.0,3.0,3.0,0,2,11.258691
307995.0,3.0,0,14,1,3,35.0,2,1,5.0,1.0,7.0,0,5,14.200349
307995.0,7.0,1,15,2,3,35.0,2,1,3.0,4.0,0.0,0,5,14.200349
307997.0,3.0,1,13,2,3,35.0,2,1,3.0,5.0,5.0,0,3,10.98658
307998.0,4.0,0,17,1,3,35.0,2,1,5.0,2.0,8.0,0,5,11.175507
308001.0,4.0,1,17,1,3,35.0,2,1,3.0,5.0,0.0,0,2,10.428985
308001.0,5.0,1,12,1,3,35.0,2,1,3.0,2.0,3.0,1,2,10.428985
308002.0,2.0,1,17,2,3,35.0,2,1,3.0,4.0,0.0,0,1,10.482233
308003.0,2.0,0,15,2,3,35.0,2,1,5.0,1.0,7.0,0,5,11.953829
308003.0,3.0,1,13,2,3,35.0,2,1,3.0,4.0,4.0,0,5,11.953829
308003.0,4.0,1,12,2,3,35.0,2,1,3.0,3.0,3.0,0,5,11.953829
308006.0,3.0,1,14,2,3,35.0,2,1,3.0,1.0,0.0,0,1,10.364892
308015.0,3.0,1,13,2,3,35.0,2,1,3.0,4.0,4.0,0,2,11.894685
308016.0,4.0,1,15,2,3,35.0,2,1,3.0,3.0,3.0,0,1,10.382079
308016.0,5.0,1,12,1,3,35.0,2,1,3.0,0.0,1.0,1,1,10.382079
308018.0,3.0,1,12,1,3,35.0,2,1,3.0,3.0,4.0,1,2,11.367333
308019.0,3.0,0,15,2,3,35.0,2,1,5.0,1.0,7.0,0,3,11.058181
308021.0,3.0,0,16,2,3,35.0,2,1,5.0,0.0,6.0,0,4,9.775711
308026.0,2.0,0,15,1,3,35.0,2,1,5.0,1.0,8.0,1,3,11.255138
308026.0,3.0,1,12,1,3,35.0,2,1,3.0,4.0,4.0,0,3,11.255138
308027.0,2.0,1,13,2,3,35.0,2,1,3.0,3.0,3.0,0,3,10.304811
308029.0,4.0,1,15,1,3,35.0,2,1,3.0,4.0,4.0,0,3,11.680777
308029.0,5.0,1,13,1,3,35.0,2,1,3.0,2.0,2.0,0,3,11.680777
308030.0,2.0,0,16,2,3,35.0,2,1,5.0,2.0,8.0,0,3,11.305114
308031.0,4.0,0,16,2,3,35.0,2,1,5.0,2.0,8.0,0,2,10.653983
308032.0,3.0,1,15,1,3,35.0,2,1,3.0,5.0,5.0,0,1,10.578369
308034.0,3.0,1,13,2,3,35.0,2,1,3.0,3.0,3.0,0,3,11.2030115
308035.0,3.0,1,12,1,3,35.0,2,1,3.0,3.0,4.0,1,3,10.552578
308037.0,6.0,0,15,2,3,35.0,2,1,5.0,2.0,8.0,0,1,11.878686
308039.0,3.0,1,13,1,3,35.0,2,1,3.0,2.0,2.0,0,4,10.284523
308048.0,4.0,1,16,1,3,35.0,2,1,3.0,5.0,0.0,0,1,0.0
308050.0,3.0,1,12,2,3,35.0,2,1,3.0,4.0,4.0,0,2,11.320565
308059.0,4.0,0,17,1,3,35.0,1,1,5.0,2.0,8.0,0,3,12.653307
308059.0,5.0,1,16,1,3,35.0,1,1,3.0,3.0,4.0,1,3,12.653307
308059.0,6.0,1,13,2,3,35.0,1,1,3.0,1.0,2.0,1,3,12.653307
308059.0,7.0,1,12,1,3,35.0,1,1,3.0,1.0,2.0,1,3,12.653307
308064.0,3.0,1,12,2,3,35.0,2,1,3.0,2.0,2.0,0,3,10.3279705
308065.0,3.0,0,15,1,3,35.0,2,1,5.0,1.0,7.0,0,1,11.128894
308068.0,3.0,1,13,2,3,35.0,2,1,3.0,4.0,4.0,0,2,11.165507
308072.0,2.0,0,17,2,3,35.0,2,1,5.0,2.0,8.0,0,3,12.106175
308072.0,3.0,1,13,2,3,35.0,2,1,3.0,5.0,5.0,0,3,12.106175
308073.0,4.0,1,16,1,3,35.0,2,1,3.0,6.0,0.0,0,2,11.326608
308073.0,5.0,1,13,1,3,35.0,2,1,3.0,5.0,5.0,0,2,11.326608
308074.0,3.0,1,13,2,3,35.0,2,1,3.0,4.0,4.0,0,4,11.57919
308078.0,4.0,1,14,2,3,35.0,2,1,3.0,4.0,4.0,0,3,11.9060545
308079.0,3.0,1,12,2,3,35.0,2,1,3.0,5.0,5.0,0,4,10.696503
308080.0,6.0,0,17,2,3,35.0,2,1,5.0,2.0,8.0,0,4,13.192087
308080.0,7.0,1,12,2,3,35.0,2,1,3.0,4.0,4.0,0,4,13.192087
308081.0,3.0,1,16,2,3,35.0,2,1,3.0,4.0,0.0,0,2,0.0
308086.0,5.0,1,12,2,3,35.0,2,1,3.0,5.0,5.0,0,4,13.602628
308087.0,4.0,1,13,2,3,35.0,2,1,3.0,5.0,5.0,0,2,12.024317
308088.0,2.0,1,15,2,3,35.0,2,1,3.0,4.0,5.0,1,3,11.148376
308090.0,4.0,1,17,2,3,35.0,2,1,3.0,6.0,0.0,0,3,11.810701
308090.0,5.0,1,14,1,3,35.0,2,1,3.0,4.0,4.0,0,3,11.810701
308092.0,4.0,1,15,2,3,35.0,2,1,3.0,5.0,5.0,0,3,11.220579
308094.0,4.0,1,15,2,3,35.0,2,1,3.0,4.0,4.0,0,3,12.19279
308095.0,3.0,1,17,2,3,35.0,2,1,3.0,6.0,0.0,0,1,11.755958
308095.0,4.0,0,15,2,3,35.0,2,1,5.0,1.0,7.0,0,1,11.755958
308095.0,5.0,1,13,1,3,35.0,2,1,3.0,4.0,4.0,0,1,11.755958
308096.0,4.0,0,16,2,3,35.0,2,1,5.0,2.0,8.0,0,3,12.0027075
308099.0,3.0,0,17,1,3,35.0,2,1,5.0,0.0,6.0,0,3,11.298011
308100.0,3.0,1,12,2,3,35.0,2,1,3.0,4.0,4.0,0,3,10.3457985
308101.0,2.0,1,16,1,3,35.0,2,1,3.0,3.0,4.0,0,2,10.59353
308102.0,2.0,0,17,2,3,35.0,2,1,5.0,1.0,7.0,0,3,9.779114
308103.0,3.0,1,14,1,3,35.0,2,1,3.0,3.0,3.0,0,3,10.505779
308105.0,5.0,1,15,1,3,35.0,2,1,3.0,5.0,5.0,0,2,12.020622
308106.0,5.0,1,16,2,3,35.0,2,1,3.0,6.0,0.0,0,2,6.908755
308108.0,2.0,1,15,2,3,35.0,2,1,3.0,4.0,5.0,1,5,10.646044
308109.0,3.0,1,14,1,3,35.0,2,1,3.0,1.0,2.0,1,3,10.174506
308119.0,3.0,0,14,2,3,35.0,2,1,5.0,0.0,6.0,0,5,11.432106
308120.0,2.0,1,15,2,3,35.0,2,1,3.0,4.0,4.0,0,4,10.712772
308121.0,4.0,1,15,2,3,35.0,2,1,3.0,3.0,3.0,0,5,10.547339
308124.0,3.0,1,16,1,3,35.0,2,1,3.0,3.0,0.0,0,2,10.668397
308127.0,4.0,0,14,1,3,35.0,2,1,5.0,0.0,6.0,0,4,11.915125
308130.0,3.0,0,17,2,3,35.0,2,1,5.0,2.0,8.0,0,5,12.986225
308131.0,6.0,0,15,2,3,35.0,2,1,5.0,2.0,8.0,0,1,12.054209
308131.0,7.0,1,13,2,3,35.0,2,1,3.0,4.0,4.0,0,1,12.054209
308132.0,3.0,1,12,2,3,35.0,2,1,3.0,2.0,2.0,0,3,10.28623
308134.0,4.0,1,16,2,3,35.0,2,1,3.0,6.0,0.0,0,2,10.544709
308135.0,3.0,1,14,1,3,35.0,2,1,3.0,1.0,1.0,0,2,11.466106
308136.0,3.0,1,14,1,3,35.0,2,1,3.0,3.0,4.0,1,2,11.165507
308136.0,4.0,1,12,1,3,35.0,2,1,3.0,1.0,2.0,1,2,11.165507
308138.0,2.0,0,17,2,3,35.0,2,1,5.0,1.0,7.0,0,2,12.183167
308138.0,3.0,0,14,2,3,35.0,2,1,5.0,0.0,6.0,0,2,12.183167
308140.0,6.0,0,16,2,3,35.0,2,1,5.0,2.0,8.0,0,1,12.359849
308140.0,7.0,1,13,1,3,35.0,2,1,3.0,4.0,5.0,1,1,12.359849
308141.0,2.0,1,16,1,3,35.0,2,1,3.0,3.0,0.0,0,4,10.336114
308142.0,5.0,0,16,2,3,35.0,2,1,5.0,0.0,6.0,0,3,12.631736
308143.0,3.0,1,17,1,3,35.0,2,1,3.0,6.0,0.0,0,3,10.559089
308144.0,4.0,0,15,1,3,35.0,2,1,5.0,0.0,6.0,0,2,11.706319
308145.0,4.0,0,16,1,3,35.0,2,1,5.0,2.0,8.0,0,2,12.620782
308145.0,5.0,1,13,1,3,35.0,2,1,3.0,0.0,0.0,0,2,12.620782
308149.0,5.0,1,13,1,3,35.0,2,1,3.0,1.0,2.0,1,1,10.555839
308150.0,5.0,1,14,2,3,35.0,2,1,3.0,5.0,5.0,0,2,11.580827
308151.0,2.0,1,14,1,3,35.0,2,1,3.0,5.0,5.0,0,2,11.3015995
308153.0,4.0,1,16,1,3,35.0,2,1,3.0,2.0,0.0,0,2,11.330516
308153.0,5.0,1,14,2,3,35.0,2,1,3.0,2.0,2.0,0,2,11.330516
308156.0,2.0,1,12,2,3,35.0,2,1,3.0,1.0,1.0,0,4,6.908755
308164.0,4.0,1,15,2,3,35.0,2,1,3.0,3.0,4.0,1,1,10.465272
308168.0,3.0,1,12,1,3,35.0,2,1,3.0,4.0,4.0,0,3,11.245059
308169.0,3.0,1,14,2,3,35.0,2,1,3.0,3.0,3.0,0,3,10.698198
308171.0,4.0,0,17,2,3,35.0,2,1,5.0,2.0,8.0,0,4,12.108382
308171.0,5.0,1,15,1,3,35.0,2,1,3.0,4.0,4.0,0,4,12.108382
308177.0,3.0,0,15,2,3,35.0,2,1,5.0,1.0,7.0,0,3,11.719012
308178.0,2.0,1,12,2,3,35.0,2,1,3.0,5.0,5.0,0,4,11.391334
308179.0,3.0,1,14,1,3,35.0,2,1,3.0,5.0,5.0,0,1,11.450262
308181.0,3.0,1,17,1,3,35.0,2,1,3.0,2.0,0.0,0,4,7.09091
308183.0,2.0,1,15,2,3,35.0,2,1,3.0,4.0,0.0,0,4,0.0
308184.0,4.0,1,15,1,3,35.0,2,1,3.0,3.0,3.0,0,4,10.644854
308185.0,6.0,0,16,2,3,35.0,2,1,5.0,1.0,7.0,0,3,11.118711
308188.0,2.0,0,14,1,3,35.0,2,1,5.0,0.0,7.0,1,2,9.784197
308189.0,2.0,1,16,1,3,35.0,2,1,3.0,5.0,6.0,1,2,10.361734
308191.0,3.0,1,17,1,3,35.0,2,1,3.0,5.0,5.0,0,1,11.666727
308191.0,4.0,1,15,1,3,35.0,2,1,3.0,1.0,1.0,0,1,11.666727
308191.0,5.0,1,13,1,3,35.0,2,1,3.0,0.0,1.0,1,1,11.666727
308193.0,3.0,0,15,1,3,35.0,2,1,5.0,0.0,6.0,0,1,11.964071
308193.0,4.0,1,12,2,3,35.0,2,1,3.0,3.0,3.0,0,1,11.964071
308200.0,5.0,1,16,1,3,35.0,2,1,3.0,4.0,,0,5,11.390204
308203.0,3.0,0,15,2,3,35.0,2,1,5.0,0.0,,0,4,10.702368
308208.0,3.0,1,15,1,3,35.0,2,1,3.0,5.0,,0,3,11.590127
308209.0,3.0,0,17,1,3,35.0,2,1,6.0,1.0,,0,5,12.740696
308211.0,3.0,1,13,2,3,35.0,2,1,3.0,5.0,,0,4,11.896322
308211.0,6.0,1,16,2,3,35.0,2,1,3.0,4.0,,0,4,11.896322
308212.0,3.0,1,12,2,3,35.0,2,1,3.0,3.0,,0,1,11.42137
308217.0,3.0,1,16,2,3,35.0,2,1,3.0,6.0,,0,2,12.00335
308217.0,4.0,1,13,2,3,35.0,2,1,3.0,4.0,,1,2,12.00335
308217.0,9.0,1,16,1,3,35.0,2,1,3.0,4.0,,1,2,12.00335
308221.0,4.0,1,16,2,3,35.0,2,1,3.0,3.0,,0,1,10.55779
308224.0,2.0,1,16,2,3,35.0,2,1,3.0,6.0,,0,4,10.263816
308226.0,3.0,1,15,2,3,35.0,2,1,3.0,5.0,,0,1,11.881215
308228.0,4.0,1,17,1,3,35.0,2,1,3.0,4.0,,0,2,11.430098
308228.0,5.0,1,12,1,3,35.0,2,1,3.0,3.0,,0,2,11.430098
308232.0,2.0,1,14,2,3,35.0,2,1,3.0,3.0,,0,2,10.43341
308235.0,3.0,1,14,2,3,35.0,2,1,3.0,5.0,,0,2,11.625593
308237.0,4.0,1,17,1,3,35.0,2,1,3.0,4.0,,0,3,12.128792
308237.0,5.0,1,13,2,3,35.0,2,1,3.0,4.0,,1,3,12.128792
308241.0,2.0,1,17,2,3,35.0,2,1,3.0,6.0,,0,2,11.424488
308241.0,3.0,0,13,2,3,35.0,2,1,5.0,0.0,,0,2,11.424488
308244.0,5.0,1,15,1,3,35.0,2,0,,,,0,1,10.473789
308246.0,3.0,1,13,2,3,35.0,2,1,3.0,4.0,,0,1,11.573324
308247.0,2.0,1,15,2,3,35.0,2,0,,,,0,2,7.2449417
308249.0,3.0,1,16,1,3,35.0,2,1,3.0,3.0,,0,2,0.0
308250.0,3.0,1,14,2,3,35.0,2,1,3.0,1.0,,0,5,0.0
308253.0,4.0,1,15,2,3,36.0,2,1,3.0,4.0,5.0,1,2,11.165507
308255.0,3.0,1,13,1,3,36.0,2,1,3.0,4.0,5.0,1,1,11.6932535
308255.0,6.0,0,17,1,3,36.0,2,1,5.0,1.0,8.0,1,1,11.6932535
308263.0,3.0,1,14,1,3,36.0,1,1,3.0,3.0,3.0,0,1,11.337989
308265.0,4.0,1,17,1,3,36.0,1,1,3.0,5.0,0.0,0,2,12.886377
308265.0,5.0,0,14,2,3,36.0,1,1,5.0,0.0,6.0,0,2,12.886377
308265.0,6.0,1,12,2,3,36.0,1,1,3.0,4.0,4.0,0,2,12.886377
308266.0,5.0,1,15,1,3,36.0,1,1,3.0,5.0,0.0,0,5,12.404354
308269.0,3.0,1,15,1,3,36.0,1,1,3.0,3.0,3.0,0,1,11.501622
308269.0,4.0,1,13,2,3,36.0,1,1,3.0,0.0,1.0,1,1,11.501622
308271.0,3.0,0,17,2,3,36.0,2,1,6.0,0.0,9.0,0,2,12.2900505
308271.0,4.0,0,13,1,3,36.0,2,1,5.0,0.0,6.0,0,2,12.2900505
308278.0,3.0,1,15,2,3,36.0,2,1,3.0,6.0,6.0,0,5,10.578369
308283.0,5.0,1,14,2,3,36.0,1,1,3.0,5.0,5.0,0,2,12.59908
308288.0,3.0,0,14,2,3,36.0,2,1,5.0,0.0,6.0,0,1,11.132192
308290.0,3.0,0,13,1,3,36.0,2,1,5.0,0.0,6.0,0,2,11.666813
308294.0,2.0,1,15,1,3,36.0,2,1,3.0,4.0,4.0,0,1,11.600029
308294.0,3.0,1,13,1,3,36.0,2,1,3.0,4.0,4.0,0,1,11.600029
308295.0,5.0,1,12,1,3,36.0,2,1,3.0,4.0,4.0,0,2,11.631473
308297.0,3.0,1,12,1,3,36.0,2,1,3.0,4.0,4.0,0,2,10.544709
308302.0,8.0,1,14,2,3,36.0,2,1,3.0,4.0,5.0,1,1,12.435083
308302.0,9.0,1,13,1,3,36.0,2,1,3.0,3.0,3.0,0,1,12.435083
308303.0,3.0,1,13,2,3,36.0,2,1,3.0,4.0,4.0,0,2,11.137519
308303.0,4.0,1,12,1,3,36.0,2,1,3.0,3.0,3.0,0,2,11.137519
308304.0,3.0,1,17,2,3,36.0,2,1,3.0,4.0,0.0,0,1,10.603511
308304.0,4.0,1,15,2,3,36.0,2,1,3.0,3.0,3.0,0,1,10.603511
308308.0,2.0,0,14,1,3,36.0,2,1,5.0,1.0,7.0,0,1,11.449038
308308.0,3.0,1,12,1,3,36.0,2,1,3.0,1.0,1.0,0,1,11.449038
308310.0,5.0,1,16,1,3,36.0,2,1,3.0,5.0,0.0,0,1,12.441682
308314.0,5.0,1,14,2,3,36.0,2,1,3.0,4.0,5.0,1,1,11.676837
308315.0,3.0,1,13,1,3,36.0,2,1,3.0,0.0,1.0,1,4,10.644854
308316.0,4.0,1,17,1,3,36.0,2,1,3.0,6.0,0.0,0,1,11.4419775
308316.0,5.0,1,15,2,3,36.0,2,1,3.0,4.0,4.0,0,1,11.4419775
308316.0,7.0,1,13,1,3,36.0,2,1,3.0,3.0,3.0,0,1,11.4419775
308317.0,3.0,0,17,2,3,36.0,2,1,6.0,0.0,9.0,0,3,13.471111
308317.0,4.0,0,15,2,3,36.0,2,1,5.0,2.0,8.0,0,3,13.471111
308319.0,3.0,0,17,1,3,36.0,2,1,6.0,1.0,10.0,0,3,12.75999
308319.0,4.0,0,14,2,3,36.0,2,1,5.0,2.0,8.0,0,3,12.75999
308321.0,3.0,1,14,2,3,36.0,2,1,3.0,4.0,4.0,0,1,12.1308155
308321.0,4.0,1,12,1,3,36.0,2,1,3.0,3.0,3.0,0,1,12.1308155
308328.0,3.0,1,12,1,3,36.0,2,1,3.0,3.0,4.0,1,2,10.534121
308330.0,2.0,1,16,2,3,36.0,2,1,5.0,3.0,10.0,0,1,9.622517
308330.0,3.0,1,13,1,3,36.0,2,1,3.0,4.0,4.0,0,1,9.622517
308330.0,4.0,1,12,1,3,36.0,2,1,3.0,3.0,4.0,1,1,9.622517
308332.0,8.0,1,17,2,3,36.0,2,1,3.0,5.0,0.0,0,1,12.789534
308332.0,9.0,0,15,1,3,36.0,2,1,5.0,1.0,7.0,0,1,12.789534
308332.0,10.0,1,12,1,3,36.0,2,1,3.0,1.0,1.0,0,1,12.789534
308334.0,3.0,1,15,1,3,36.0,1,1,3.0,2.0,2.0,0,1,11.133873
308334.0,4.0,1,12,1,3,36.0,1,1,3.0,3.0,3.0,0,1,11.133873
308336.0,4.0,1,16,1,3,36.0,1,1,3.0,5.0,0.0,0,1,12.188271
308336.0,5.0,1,14,1,3,36.0,1,1,3.0,5.0,5.0,0,1,12.188271
308339.0,3.0,1,13,1,3,36.0,1,1,3.0,4.0,4.0,0,2,11.826466
308340.0,3.0,1,15,2,3,36.0,1,1,3.0,5.0,0.0,0,2,0.0
308343.0,5.0,1,16,1,3,36.0,2,1,5.0,1.0,0.0,0,2,10.930622
308345.0,4.0,1,15,1,3,36.0,2,1,3.0,4.0,4.0,0,3,11.29416
308346.0,4.0,1,17,1,3,36.0,2,1,3.0,5.0,0.0,0,2,11.209601
308346.0,5.0,0,14,1,3,36.0,2,1,5.0,0.0,6.0,0,2,11.209601
308348.0,3.0,1,14,2,3,36.0,2,1,3.0,5.0,5.0,0,4,11.337095
308349.0,5.0,1,16,1,3,36.0,2,1,3.0,5.0,5.0,0,2,12.076027
308350.0,3.0,0,17,1,3,36.0,2,1,5.0,2.0,8.0,0,1,11.807727
308353.0,3.0,0,16,2,3,36.0,1,1,5.0,2.0,8.0,0,5,13.547626
308353.0,4.0,0,15,2,3,36.0,1,1,5.0,1.0,7.0,0,5,13.547626
308357.0,6.0,1,17,2,3,36.0,1,1,3.0,5.0,0.0,0,3,11.329916
308358.0,12.0,1,12,1,3,36.0,1,1,3.0,3.0,3.0,0,4,13.016527
308360.0,2.0,0,14,2,3,36.0,1,1,5.0,1.0,7.0,0,4,13.649351
308365.0,4.0,0,17,1,3,36.0,1,1,6.0,0.0,9.0,0,5,14.445719
308368.0,3.0,1,12,2,3,36.0,1,1,3.0,5.0,5.0,0,1,11.873574
308369.0,4.0,0,17,1,3,36.0,2,1,6.0,1.0,10.0,0,3,13.382951
308369.0,5.0,1,14,1,3,36.0,2,1,3.0,2.0,3.0,1,3,13.382951
308372.0,4.0,1,16,1,3,36.0,2,1,3.0,5.0,0.0,0,1,11.744839
308372.0,5.0,1,14,2,3,36.0,2,1,3.0,3.0,4.0,1,1,11.744839
308372.0,6.0,1,12,1,3,36.0,2,1,3.0,2.0,3.0,1,1,11.744839
308373.0,4.0,1,16,1,3,36.0,2,1,3.0,6.0,0.0,0,2,10.324695
308374.0,5.0,1,15,1,3,36.0,2,1,3.0,3.0,0.0,0,4,13.655296
308376.0,4.0,1,16,1,3,36.0,2,1,3.0,6.0,0.0,0,1,11.512185
308376.0,5.0,1,14,1,3,36.0,2,1,3.0,5.0,5.0,0,1,11.512185
308377.0,3.0,0,17,2,3,36.0,2,1,5.0,1.0,7.0,0,1,11.3937025
308377.0,4.0,1,14,1,3,36.0,2,1,3.0,5.0,5.0,0,1,11.3937025
308379.0,5.0,1,16,1,3,36.0,1,1,5.0,1.0,0.0,0,2,12.21929
308380.0,3.0,0,17,2,3,36.0,1,1,5.0,2.0,8.0,0,2,11.965249
308380.0,4.0,0,14,2,3,36.0,1,1,5.0,0.0,6.0,0,2,11.965249
308381.0,6.0,1,13,1,3,36.0,1,1,3.0,5.0,5.0,0,4,12.722396
308382.0,2.0,0,14,1,3,36.0,1,1,5.0,0.0,6.0,0,3,12.127089
308383.0,5.0,1,12,2,3,36.0,1,1,3.0,3.0,3.0,0,2,11.291668
308391.0,3.0,1,17,1,3,36.0,2,1,3.0,6.0,0.0,0,1,11.796682
308391.0,4.0,0,16,2,3,36.0,2,1,5.0,0.0,7.0,1,1,11.796682
308391.0,5.0,1,14,1,3,36.0,2,0,,,,0,1,11.796682
308394.0,4.0,1,17,2,3,36.0,2,1,5.0,0.0,7.0,0,3,12.919809
308399.0,3.0,0,15,2,3,36.0,2,1,5.0,2.0,8.0,0,4,12.254558
308405.0,4.0,0,16,1,3,36.0,2,1,5.0,1.0,7.0,0,1,11.878652
308405.0,5.0,0,14,1,3,36.0,2,1,5.0,2.0,8.0,0,1,11.878652
308405.0,6.0,1,12,2,3,36.0,2,1,3.0,1.0,2.0,1,1,11.878652
308406.0,4.0,1,17,2,3,36.0,2,1,3.0,6.0,6.0,0,1,10.596035
308408.0,3.0,1,13,2,3,36.0,2,1,3.0,4.0,5.0,1,1,11.288544
308411.0,3.0,0,13,1,3,36.0,2,1,5.0,0.0,6.0,0,5,13.624182
308413.0,4.0,1,15,1,3,36.0,2,1,3.0,1.0,1.0,0,1,11.601174
308413.0,5.0,1,13,2,3,36.0,2,0,,,,0,1,11.601174
308414.0,4.0,0,15,1,3,36.0,2,1,5.0,2.0,8.0,0,4,13.7937975
308417.0,4.0,0,17,2,3,36.0,2,1,5.0,0.0,6.0,0,1,12.260187
308417.0,5.0,1,14,2,3,36.0,2,1,3.0,3.0,3.0,0,1,12.260187
308419.0,9.0,0,14,2,3,36.0,2,1,5.0,0.0,7.0,1,4,14.295205
308420.0,4.0,1,12,1,3,36.0,2,1,3.0,1.0,2.0,1,1,10.540752
308421.0,6.0,1,13,1,3,36.0,2,1,3.0,3.0,4.0,1,3,10.448019
308422.0,4.0,0,16,2,3,36.0,2,1,5.0,1.0,8.0,1,2,12.603946
308422.0,5.0,0,14,2,3,36.0,2,1,5.0,0.0,6.0,0,2,12.603946
308422.0,6.0,1,13,2,3,36.0,2,1,3.0,3.0,3.0,0,2,12.603946
308426.0,6.0,1,12,1,3,36.0,2,1,3.0,4.0,4.0,0,2,11.585581
308427.0,4.0,1,15,1,3,36.0,2,1,3.0,2.0,3.0,0,1,11.768738
308427.0,5.0,1,13,2,3,36.0,2,1,3.0,0.0,0.0,0,1,11.768738
308430.0,2.0,0,16,2,3,36.0,2,1,5.0,1.0,8.0,1,1,11.964867
308431.0,5.0,0,14,1,3,36.0,2,1,5.0,0.0,6.0,0,2,11.86038
308433.0,3.0,0,16,1,3,36.0,2,1,5.0,0.0,7.0,1,4,11.353179
308433.0,4.0,1,12,1,3,36.0,2,1,3.0,1.0,2.0,1,4,11.353179
308435.0,5.0,0,16,2,3,36.0,2,1,5.0,0.0,7.0,1,4,14.305912
308437.0,5.0,1,14,2,3,36.0,2,1,3.0,3.0,0.0,0,1,11.645059
308437.0,6.0,1,12,2,3,36.0,2,1,3.0,1.0,1.0,0,1,11.645059
308438.0,4.0,0,16,2,3,36.0,2,1,5.0,0.0,7.0,1,1,11.062269
308440.0,3.0,1,13,1,3,36.0,2,1,3.0,3.0,4.0,1,3,11.758426
308440.0,4.0,1,12,2,3,36.0,2,1,3.0,2.0,2.0,0,3,11.758426
308441.0,3.0,1,13,2,3,36.0,2,1,3.0,4.0,4.0,0,3,11.7724085
308443.0,5.0,1,13,2,3,36.0,2,1,3.0,4.0,4.0,0,4,12.104461
308448.0,3.0,0,16,2,3,36.0,2,1,5.0,0.0,6.0,0,5,12.048459
308448.0,4.0,1,13,1,3,36.0,2,1,3.0,3.0,3.0,0,5,12.048459
308449.0,5.0,0,15,1,3,36.0,2,1,5.0,1.0,7.0,0,1,12.155495
308451.0,5.0,1,14,1,3,36.0,1,1,3.0,4.0,4.0,0,1,11.960817
308451.0,6.0,1,12,2,3,36.0,1,1,3.0,1.0,2.0,1,1,11.960817
308452.0,4.0,1,12,2,3,36.0,1,1,3.0,5.0,5.0,0,2,10.644854
308455.0,4.0,0,17,2,3,36.0,1,1,5.0,0.0,6.0,0,4,11.153547
308456.0,2.0,1,14,2,3,36.0,1,1,3.0,4.0,4.0,0,1,11.800365
308456.0,3.0,1,12,1,3,36.0,1,1,3.0,3.0,3.0,0,1,11.800365
308457.0,5.0,0,16,1,3,36.0,1,1,5.0,1.0,8.0,1,4,11.988048
308457.0,6.0,0,14,2,3,36.0,1,1,5.0,1.0,7.0,0,4,11.988048
308459.0,6.0,1,17,2,3,36.0,1,1,3.0,4.0,0.0,0,5,0.0
308465.0,3.0,0,14,2,3,36.0,1,1,5.0,1.0,7.0,0,5,14.179709
308465.0,4.0,1,12,2,3,36.0,1,1,3.0,5.0,5.0,0,5,14.179709
308466.0,4.0,0,15,1,3,36.0,1,1,5.0,2.0,8.0,0,5,14.245441
308466.0,5.0,0,14,1,3,36.0,1,1,5.0,1.0,7.0,0,5,14.245441
308470.0,4.0,1,12,2,3,36.0,1,1,3.0,1.0,2.0,1,3,12.304723
308471.0,7.0,1,13,1,3,36.0,1,1,3.0,2.0,2.0,0,1,10.4275055
308473.0,5.0,0,14,2,3,36.0,1,1,5.0,0.0,6.0,0,3,11.261395
308476.0,4.0,1,17,1,3,36.0,1,1,3.0,4.0,4.0,0,1,11.918464
308484.0,3.0,1,12,2,3,36.0,1,1,3.0,6.0,6.0,0,5,13.706784
308486.0,3.0,1,16,2,3,36.0,2,1,3.0,5.0,0.0,0,1,0.0
308491.0,6.0,1,17,1,3,36.0,2,1,3.0,4.0,0.0,0,1,11.920894
308491.0,7.0,1,15,2,3,36.0,2,1,3.0,1.0,2.0,1,1,11.920894
308491.0,8.0,1,13,2,3,36.0,2,1,3.0,2.0,2.0,0,1,11.920894
308503.0,6.0,0,15,1,3,36.0,2,1,5.0,0.0,6.0,0,3,13.508538
308503.0,7.0,1,13,2,3,36.0,2,1,3.0,4.0,4.0,0,3,13.508538
308504.0,9.0,1,14,1,3,36.0,2,1,3.0,2.0,0.0,0,4,10.544709
308508.0,5.0,0,17,2,3,36.0,2,1,5.0,0.0,7.0,1,2,11.822034
308509.0,3.0,1,17,1,3,36.0,2,1,3.0,5.0,0.0,0,4,0.0
308510.0,5.0,1,13,1,3,36.0,2,1,3.0,5.0,5.0,0,2,12.426557
308515.0,3.0,1,14,2,3,36.0,2,1,3.0,4.0,4.0,0,3,0.0
308517.0,4.0,1,13,1,3,36.0,2,1,3.0,4.0,4.0,0,1,11.247018
308518.0,3.0,1,14,1,3,36.0,2,1,3.0,2.0,3.0,1,2,11.201647
308518.0,4.0,1,12,2,3,36.0,2,1,3.0,3.0,3.0,0,2,11.201647
308519.0,2.0,0,16,2,3,36.0,2,1,5.0,2.0,8.0,0,5,11.453823
308524.0,5.0,1,16,2,3,36.0,1,1,3.0,4.0,4.0,0,5,12.601828
308526.0,8.0,0,17,1,3,36.0,1,1,6.0,0.0,9.0,0,4,14.386115
308526.0,9.0,1,14,1,3,36.0,1,1,3.0,1.0,1.0,0,4,14.386115
308526.0,10.0,1,17,2,3,36.0,1,1,3.0,2.0,0.0,0,4,14.386115
308527.0,3.0,0,15,1,3,36.0,1,1,5.0,1.0,8.0,1,4,10.722408
308529.0,7.0,0,14,2,3,36.0,1,1,5.0,1.0,7.0,0,5,14.169785
308529.0,8.0,1,13,1,3,36.0,1,1,3.0,4.0,4.0,0,5,14.169785
308529.0,9.0,1,12,2,3,36.0,1,1,3.0,5.0,5.0,0,5,14.169785
308530.0,4.0,1,12,1,3,36.0,1,1,3.0,5.0,5.0,0,5,14.268089
308530.0,6.0,0,17,2,3,36.0,1,1,6.0,0.0,9.0,0,5,14.268089
308534.0,2.0,0,14,1,3,36.0,2,1,5.0,2.0,8.0,0,4,12.456816
308534.0,4.0,0,13,1,3,36.0,2,1,5.0,0.0,7.0,1,4,12.456816
308534.0,5.0,1,12,2,3,36.0,2,1,3.0,4.0,4.0,0,4,12.456816
308536.0,4.0,0,17,2,3,36.0,2,1,6.0,0.0,9.0,0,2,13.695579
308536.0,5.0,0,15,1,3,36.0,2,1,5.0,1.0,7.0,0,2,13.695579
308536.0,6.0,1,12,2,3,36.0,2,1,3.0,4.0,4.0,0,2,13.695579
308537.0,4.0,0,16,1,3,36.0,2,1,5.0,1.0,8.0,1,3,12.847126
308538.0,3.0,1,16,1,3,36.0,2,1,3.0,5.0,0.0,0,1,0.0
308541.0,4.0,0,13,1,3,36.0,1,1,5.0,2.0,8.0,0,4,13.067846
308542.0,3.0,1,14,2,3,36.0,1,1,3.0,0.0,0.0,0,1,11.66157
308542.0,4.0,1,12,2,3,36.0,1,1,3.0,3.0,3.0,0,1,11.66157
308543.0,5.0,1,17,2,3,36.0,1,1,5.0,1.0,0.0,0,3,0.0
308546.0,6.0,1,17,1,3,36.0,1,1,3.0,2.0,2.0,0,1,11.859355
308546.0,7.0,1,15,1,3,36.0,1,1,3.0,3.0,3.0,0,1,11.859355
308547.0,4.0,1,12,1,3,36.0,1,1,3.0,3.0,3.0,0,2,13.156835
308551.0,7.0,1,17,1,3,36.0,2,1,5.0,1.0,0.0,0,5,14.419784
308555.0,4.0,1,16,1,3,36.0,2,1,3.0,3.0,3.0,0,1,11.886907
308555.0,5.0,1,14,1,3,36.0,2,1,3.0,3.0,3.0,0,1,11.886907
308557.0,4.0,1,13,1,3,36.0,2,1,3.0,3.0,3.0,0,2,11.021102
308558.0,7.0,1,14,1,3,36.0,2,1,3.0,1.0,2.0,1,2,11.3731
308558.0,8.0,1,13,1,3,36.0,2,1,3.0,2.0,2.0,0,2,11.3731
308560.0,4.0,0,16,2,3,36.0,2,1,5.0,0.0,6.0,0,1,12.66874
308561.0,3.0,0,16,2,3,36.0,2,1,5.0,1.0,7.0,0,1,11.910432
308561.0,4.0,1,13,1,3,36.0,2,1,3.0,4.0,5.0,1,1,11.910432
308564.0,5.0,0,15,2,3,36.0,2,1,5.0,1.0,7.0,0,2,11.9954195
308564.0,6.0,1,12,2,3,36.0,2,1,3.0,1.0,1.0,0,2,11.9954195
308565.0,3.0,0,17,1,3,36.0,2,1,5.0,1.0,7.0,0,1,12.478277
308565.0,4.0,0,16,2,3,36.0,2,1,5.0,1.0,8.0,1,1,12.478277
308566.0,3.0,1,13,2,3,36.0,2,1,3.0,4.0,5.0,1,1,11.5648155
308566.0,4.0,1,12,2,3,36.0,2,1,3.0,5.0,5.0,0,1,11.5648155
308567.0,3.0,1,14,2,3,36.0,2,1,3.0,4.0,4.0,0,1,10.713884
308571.0,4.0,1,16,1,3,36.0,2,1,3.0,4.0,4.0,0,1,10.924606
308572.0,3.0,1,12,1,3,36.0,2,1,3.0,2.0,2.0,0,2,11.256109
308575.0,4.0,1,17,2,3,36.0,2,1,3.0,3.0,3.0,0,1,11.943805
308575.0,5.0,1,13,2,3,36.0,2,1,3.0,3.0,3.0,0,1,11.943805
308576.0,7.0,0,16,2,3,36.0,2,1,5.0,2.0,8.0,0,3,11.624565
308576.0,8.0,1,16,1,3,36.0,2,1,3.0,1.0,0.0,0,3,11.624565
308578.0,6.0,1,13,1,3,36.0,2,1,3.0,4.0,4.0,0,2,12.192536
308579.0,3.0,1,17,1,3,36.0,2,1,3.0,4.0,4.0,0,1,11.183741
308579.0,4.0,1,14,2,3,36.0,2,1,3.0,4.0,4.0,0,1,11.183741
308582.0,5.0,1,12,2,3,36.0,2,1,3.0,4.0,4.0,0,5,13.870364
308583.0,4.0,0,17,2,3,36.0,2,1,5.0,1.0,7.0,0,2,11.832549
308583.0,5.0,1,13,1,3,36.0,2,1,3.0,2.0,2.0,0,2,11.832549
308588.0,3.0,1,17,1,3,36.0,2,1,3.0,4.0,0.0,0,2,0.0
308589.0,4.0,1,13,1,3,36.0,2,1,3.0,3.0,4.0,1,2,10.695937
308591.0,6.0,0,16,1,3,36.0,2,1,5.0,1.0,7.0,0,2,12.351086
308591.0,7.0,1,14,2,3,36.0,2,1,3.0,4.0,4.0,0,2,12.351086
308591.0,8.0,1,12,2,3,36.0,2,1,3.0,3.0,3.0,0,2,12.351086
308596.0,2.0,1,13,1,3,36.0,2,1,3.0,4.0,4.0,0,4,10.735875
308598.0,4.0,0,16,1,3,36.0,2,1,5.0,0.0,6.0,0,5,14.033992
308598.0,5.0,1,13,1,3,36.0,2,1,3.0,4.0,4.0,0,5,14.033992
308602.0,2.0,1,17,1,3,36.0,2,1,3.0,6.0,0.0,0,1,11.03893
308602.0,3.0,1,12,1,3,36.0,2,1,3.0,2.0,2.0,0,1,11.03893
308603.0,3.0,1,16,1,3,36.0,1,1,3.0,5.0,5.0,0,1,11.527331
308603.0,4.0,1,15,2,3,36.0,1,1,3.0,5.0,5.0,0,1,11.527331
308603.0,5.0,1,13,2,3,36.0,1,1,3.0,3.0,4.0,1,1,11.527331
308605.0,3.0,1,12,1,3,36.0,1,1,3.0,1.0,2.0,1,1,11.734676
308606.0,5.0,0,14,2,3,36.0,1,1,5.0,1.0,7.0,0,4,14.308663
308606.0,6.0,1,13,1,3,36.0,1,1,3.0,2.0,2.0,0,4,14.308663
308606.0,7.0,1,12,2,3,36.0,1,1,3.0,3.0,3.0,0,4,14.308663
308609.0,3.0,0,17,2,3,36.0,1,1,6.0,2.0,11.0,0,5,13.853154
308610.0,2.0,0,14,2,3,36.0,1,1,5.0,0.0,6.0,0,2,11.878929
308610.0,5.0,0,15,1,3,36.0,1,1,5.0,1.0,7.0,0,2,11.878929
308612.0,5.0,1,15,2,3,36.0,1,1,3.0,4.0,4.0,0,1,0.0
308613.0,4.0,1,15,2,3,36.0,1,1,3.0,3.0,3.0,0,1,11.227255
308613.0,5.0,1,15,2,3,36.0,1,1,3.0,3.0,3.0,0,1,11.227255
308613.0,6.0,1,12,2,3,36.0,1,1,3.0,2.0,2.0,0,1,11.227255
308614.0,5.0,1,14,1,3,36.0,1,1,3.0,2.0,2.0,0,1,12.210119
308614.0,6.0,1,12,2,3,36.0,1,1,3.0,1.0,1.0,0,1,12.210119
308615.0,2.0,1,14,1,3,36.0,1,1,3.0,4.0,4.0,0,3,11.886735
308615.0,3.0,1,13,2,3,36.0,1,1,3.0,2.0,2.0,0,3,11.886735
308615.0,5.0,1,15,1,3,36.0,1,1,3.0,5.0,5.0,0,3,11.886735
308618.0,7.0,0,14,2,3,36.0,1,1,5.0,0.0,6.0,0,1,11.671945
308620.0,4.0,1,16,2,3,36.0,1,1,3.0,4.0,4.0,0,1,11.676752
308620.0,5.0,1,13,2,3,36.0,1,1,3.0,1.0,2.0,1,1,11.676752
308620.0,6.0,1,12,2,3,36.0,1,1,3.0,1.0,1.0,0,1,11.676752
308622.0,3.0,1,13,1,3,36.0,2,1,3.0,2.0,2.0,0,1,11.652913
308623.0,5.0,1,12,1,3,36.0,2,1,3.0,3.0,3.0,0,4,14.015353
308624.0,7.0,1,13,2,3,36.0,2,1,3.0,2.0,3.0,1,1,11.138247
308625.0,3.0,1,13,2,3,36.0,2,1,3.0,4.0,5.0,1,2,11.132777
308627.0,2.0,0,17,1,3,36.0,2,1,5.0,1.0,7.0,0,1,12.0633335
308627.0,3.0,0,14,1,3,36.0,2,1,5.0,1.0,7.0,0,1,12.0633335
308627.0,4.0,1,12,2,3,36.0,2,1,3.0,4.0,4.0,0,1,12.0633335
308633.0,5.0,1,16,2,3,36.0,1,1,3.0,6.0,6.0,0,5,13.396733
308635.0,6.0,1,15,1,3,36.0,1,1,3.0,3.0,3.0,0,1,12.057056
308635.0,7.0,1,13,1,3,36.0,1,1,3.0,2.0,3.0,1,1,12.057056
308636.0,6.0,0,17,2,3,36.0,1,1,6.0,1.0,10.0,0,5,14.621786
308636.0,7.0,0,14,1,3,36.0,1,1,5.0,0.0,6.0,0,5,14.621786
308636.0,8.0,1,12,2,3,36.0,1,1,3.0,4.0,4.0,0,5,14.621786
308637.0,4.0,0,16,1,3,36.0,1,1,6.0,0.0,9.0,0,5,13.668542
308638.0,3.0,0,16,2,3,36.0,1,1,5.0,2.0,8.0,0,2,12.17309
308639.0,4.0,1,15,1,3,36.0,2,1,3.0,5.0,5.0,0,4,10.668397
308643.0,4.0,1,15,2,3,36.0,2,1,3.0,5.0,0.0,0,1,10.883242
308644.0,3.0,1,13,1,3,36.0,2,1,3.0,0.0,1.0,1,1,10.403535
308652.0,5.0,0,17,2,3,36.0,2,1,5.0,2.0,8.0,0,3,12.621986
308652.0,6.0,0,15,1,3,36.0,2,1,5.0,1.0,7.0,0,3,12.621986
308652.0,7.0,0,13,2,3,36.0,2,1,5.0,0.0,6.0,0,3,12.621986
308653.0,3.0,1,14,1,3,36.0,2,1,3.0,5.0,5.0,0,2,10.83911
308654.0,4.0,0,15,1,3,36.0,2,1,5.0,1.0,7.0,0,2,13.221704
308654.0,5.0,1,12,1,3,36.0,2,1,3.0,4.0,4.0,0,2,13.221704
308656.0,6.0,1,17,1,3,36.0,2,1,3.0,4.0,4.0,0,3,11.630717
308656.0,7.0,1,14,1,3,36.0,2,1,3.0,2.0,2.0,0,3,11.630717
308657.0,3.0,0,17,1,3,36.0,2,1,5.0,1.0,7.0,0,3,12.965525
308657.0,4.0,0,15,2,3,36.0,2,1,5.0,1.0,7.0,0,3,12.965525
308657.0,5.0,1,13,1,3,36.0,2,1,3.0,4.0,4.0,0,3,12.965525
308658.0,4.0,1,12,2,3,36.0,2,1,3.0,2.0,2.0,0,4,10.805192
308659.0,5.0,1,15,1,3,36.0,2,1,3.0,5.0,0.0,0,1,11.829385
308659.0,6.0,1,12,2,3,36.0,2,1,3.0,3.0,3.0,0,1,11.829385
308660.0,4.0,0,16,1,3,36.0,2,1,5.0,0.0,6.0,0,2,12.198222
308660.0,5.0,1,14,2,3,36.0,2,1,3.0,5.0,5.0,0,2,12.198222
308660.0,6.0,1,12,1,3,36.0,2,1,3.0,2.0,2.0,0,2,12.198222
308662.0,11.0,1,16,1,3,36.0,2,1,3.0,3.0,0.0,0,2,0.0
308664.0,4.0,0,16,1,3,36.0,2,1,5.0,0.0,6.0,0,3,13.146462
308664.0,5.0,1,13,1,3,36.0,2,1,3.0,2.0,3.0,1,3,13.146462
308665.0,6.0,1,15,1,3,36.0,2,1,3.0,3.0,3.0,0,1,11.956239
308668.0,3.0,1,13,1,3,36.0,2,1,3.0,2.0,3.0,1,1,11.75686
308669.0,2.0,1,13,2,3,36.0,2,1,3.0,4.0,4.0,0,1,11.6057415
308670.0,4.0,1,16,1,3,36.0,2,1,3.0,4.0,5.0,1,1,11.183045
308671.0,3.0,1,16,2,3,36.0,2,1,3.0,5.0,5.0,0,2,11.612101
308671.0,4.0,1,13,1,3,36.0,2,1,3.0,2.0,3.0,1,2,11.612101
308672.0,4.0,1,17,1,3,36.0,2,1,3.0,3.0,3.0,0,1,11.754506
308672.0,5.0,1,15,1,3,36.0,2,1,3.0,2.0,2.0,1,1,11.754506
308673.0,3.0,0,17,1,3,36.0,2,1,5.0,2.0,8.0,0,2,12.126954
308673.0,4.0,1,14,1,3,36.0,2,1,3.0,3.0,3.0,0,2,12.126954
308675.0,4.0,0,16,1,3,36.0,1,1,5.0,1.0,7.0,0,5,14.269541
308675.0,5.0,1,13,1,3,36.0,1,1,3.0,5.0,5.0,0,5,14.269541
308677.0,3.0,1,14,2,3,36.0,1,1,3.0,4.0,3.0,0,2,11.289169
308679.0,3.0,1,12,2,3,36.0,1,1,3.0,4.0,4.0,0,1,11.755291
308682.0,9.0,1,15,2,3,36.0,1,1,3.0,4.0,5.0,1,2,11.660707
308682.0,10.0,1,13,2,3,36.0,1,1,3.0,3.0,3.0,0,2,11.660707
308683.0,6.0,1,17,1,3,36.0,1,1,3.0,4.0,5.0,1,2,12.276932
308683.0,7.0,1,15,1,3,36.0,1,1,3.0,4.0,4.0,1,2,12.276932
308683.0,8.0,1,12,2,3,36.0,1,1,3.0,4.0,4.0,0,2,12.276932
308684.0,6.0,1,15,2,3,36.0,2,1,3.0,4.0,,0,1,12.771517
308687.0,5.0,1,17,1,3,36.0,2,1,3.0,5.0,,0,2,13.100906
308687.0,6.0,1,12,1,3,36.0,2,1,3.0,4.0,,0,2,13.100906
308688.0,4.0,0,17,1,3,36.0,2,1,6.0,1.0,,0,4,13.772688
308688.0,5.0,0,13,2,3,36.0,2,1,5.0,0.0,,0,4,13.772688
308690.0,3.0,1,12,2,3,36.0,2,1,3.0,4.0,,1,1,11.196172
308694.0,5.0,1,16,2,3,36.0,2,1,3.0,5.0,,0,1,11.221918
308694.0,6.0,1,14,1,3,36.0,2,1,3.0,3.0,,0,1,11.221918
308694.0,7.0,1,12,1,3,36.0,2,1,3.0,1.0,,1,1,11.221918
308696.0,2.0,1,17,2,3,36.0,2,1,5.0,1.0,,0,1,11.306528
308696.0,3.0,1,15,1,3,36.0,2,1,3.0,1.0,,0,1,11.306528
308696.0,4.0,1,13,2,3,36.0,2,1,3.0,3.0,,0,1,11.306528
308697.0,3.0,1,12,2,3,36.0,2,1,3.0,3.0,,0,1,11.287918
308697.0,5.0,1,12,1,3,36.0,2,1,3.0,4.0,,0,1,11.287918
308701.0,8.0,0,15,1,3,36.0,2,1,5.0,3.0,,0,1,11.771714
308702.0,5.0,0,17,1,3,36.0,1,1,6.0,2.0,,0,3,13.916763
308702.0,6.0,0,16,2,3,36.0,1,1,6.0,1.0,,0,3,13.916763
308702.0,7.0,1,12,2,3,36.0,1,1,3.0,4.0,,1,3,13.916763
308704.0,6.0,0,17,1,3,36.0,1,1,6.0,1.0,,0,5,14.361619
308704.0,7.0,0,15,2,3,36.0,1,1,5.0,2.0,,0,5,14.361619
308711.0,3.0,0,16,2,3,36.0,2,1,5.0,1.0,,1,3,12.551243
308711.0,4.0,0,15,1,3,36.0,2,1,5.0,0.0,,0,3,12.551243
308712.0,2.0,0,14,2,3,36.0,2,1,5.0,1.0,,0,5,10.894162
308715.0,5.0,1,14,2,3,36.0,2,1,3.0,4.0,,0,3,11.293849
308717.0,4.0,1,12,2,3,36.0,2,1,3.0,4.0,,0,1,10.479426
308721.0,4.0,1,15,2,3,36.0,2,1,3.0,1.0,,0,1,11.466106
308721.0,5.0,1,12,1,3,36.0,2,1,3.0,0.0,,1,1,11.466106
308723.0,5.0,1,13,1,3,36.0,2,1,3.0,4.0,,0,3,11.28541
308727.0,3.0,1,17,1,3,36.0,2,1,3.0,3.0,,0,1,10.308152
308727.0,4.0,1,14,1,3,36.0,2,1,3.0,2.0,,0,1,10.308152
308730.0,4.0,0,15,2,3,36.0,1,1,5.0,1.0,,0,4,11.969312
308733.0,3.0,0,16,1,3,36.0,1,1,6.0,1.0,,0,4,14.045011
308733.0,4.0,0,12,2,3,36.0,1,1,5.0,0.0,,0,4,14.045011
308734.0,5.0,0,16,1,3,36.0,1,1,5.0,0.0,,0,3,13.049967
308734.0,6.0,0,14,1,3,36.0,1,1,5.0,0.0,,0,3,13.049967
308735.0,3.0,1,12,1,3,36.0,1,1,3.0,2.0,,0,4,11.411457
308737.0,3.0,1,13,1,3,36.0,1,1,3.0,2.0,,0,1,11.282267
308737.0,4.0,1,12,2,3,36.0,1,1,3.0,5.0,,0,1,11.282267
308738.0,3.0,1,17,1,3,37.0,2,1,3.0,4.0,0.0,0,2,9.287394
308745.0,3.0,1,15,2,3,37.0,2,1,3.0,3.0,4.0,1,2,12.054383
308745.0,4.0,1,13,2,3,37.0,2,1,3.0,2.0,3.0,1,2,12.054383
308745.0,5.0,1,12,1,3,37.0,2,1,3.0,1.0,2.0,1,2,12.054383
308746.0,8.0,1,16,2,3,37.0,2,1,3.0,5.0,0.0,0,1,0.0
308751.0,2.0,0,16,2,3,37.0,2,1,5.0,2.0,8.0,0,4,11.3309355
308752.0,3.0,1,13,2,3,37.0,2,1,3.0,4.0,5.0,1,4,11.86447
308753.0,3.0,1,13,1,3,37.0,2,1,3.0,5.0,5.0,0,2,11.765441
308757.0,4.0,0,15,2,3,37.0,1,1,5.0,1.0,7.0,0,3,12.858778
308757.0,5.0,1,14,1,3,37.0,1,1,3.0,5.0,5.0,0,3,12.858778
308760.0,4.0,0,16,2,3,37.0,1,1,5.0,2.0,8.0,0,3,13.259009
308760.0,5.0,1,12,2,3,37.0,1,1,3.0,4.0,5.0,1,3,13.259009
308762.0,4.0,0,16,2,3,37.0,1,1,6.0,1.0,10.0,0,3,11.661009
308763.0,2.0,0,17,2,3,37.0,1,1,6.0,1.0,10.0,0,3,10.599406
308766.0,2.0,1,12,1,3,37.0,2,1,3.0,3.0,4.0,1,3,10.6280365
308767.0,4.0,0,16,2,3,37.0,2,1,6.0,4.0,10.0,0,3,12.855336
308770.0,4.0,1,17,1,3,37.0,2,1,3.0,4.0,4.0,0,3,12.951186
308772.0,2.0,0,14,2,3,37.0,2,1,5.0,1.0,7.0,0,3,11.589664
308773.0,2.0,1,13,1,3,37.0,2,1,3.0,5.0,5.0,0,1,12.007018
308773.0,3.0,1,12,2,3,37.0,2,1,3.0,3.0,3.0,0,1,12.007018
308774.0,2.0,0,15,2,3,37.0,2,1,5.0,0.0,6.0,0,2,10.512193
308776.0,3.0,1,15,1,3,37.0,2,1,3.0,4.0,4.0,0,1,11.81913
308776.0,4.0,1,13,2,3,37.0,2,1,3.0,0.0,1.0,1,1,11.81913
308777.0,2.0,1,12,2,3,37.0,2,1,3.0,1.0,0.0,0,1,0.0
308779.0,3.0,1,15,2,3,37.0,2,1,3.0,6.0,6.0,0,1,10.340968
308781.0,3.0,1,14,1,3,37.0,2,1,3.0,4.0,4.0,0,1,10.974232
308782.0,2.0,1,13,1,3,37.0,2,1,3.0,2.0,2.0,0,1,11.9293375
308784.0,4.0,1,15,1,3,37.0,2,1,3.0,3.0,0.0,0,3,11.904299
308785.0,4.0,1,15,1,3,37.0,2,1,3.0,5.0,5.0,0,3,12.100356
308790.0,5.0,0,15,2,3,37.0,2,1,5.0,1.0,7.0,0,2,11.91546
308790.0,6.0,1,13,2,3,37.0,2,1,3.0,1.0,1.0,0,2,11.91546
308793.0,5.0,0,17,1,3,37.0,1,1,5.0,1.0,7.0,0,5,13.601551
308793.0,6.0,0,13,2,3,37.0,1,1,5.0,0.0,6.0,0,5,13.601551
308794.0,4.0,0,17,1,3,37.0,1,1,6.0,0.0,9.0,0,2,12.53091
308794.0,5.0,1,14,1,3,37.0,1,1,3.0,4.0,5.0,1,2,12.53091
308799.0,4.0,0,16,1,3,37.0,1,1,5.0,2.0,8.0,0,1,11.811814
308799.0,5.0,1,13,1,3,37.0,1,1,3.0,4.0,4.0,0,1,11.811814
308800.0,4.0,1,12,2,3,37.0,1,1,3.0,3.0,3.0,0,1,13.394938
308803.0,3.0,0,15,1,3,37.0,2,1,5.0,1.0,7.0,0,2,11.575534
308808.0,5.0,0,17,2,3,37.0,2,1,5.0,1.0,7.0,0,1,11.842488
308809.0,5.0,0,16,2,3,37.0,2,1,6.0,0.0,9.0,0,2,13.209652
308813.0,3.0,0,17,1,3,37.0,2,1,5.0,2.0,8.0,0,1,11.423668
308814.0,3.0,0,14,2,3,37.0,2,1,5.0,1.0,8.0,1,2,12.06917
308815.0,6.0,0,16,2,3,37.0,2,1,5.0,2.0,8.0,0,3,13.183686
308815.0,7.0,0,14,2,3,37.0,2,1,5.0,1.0,7.0,0,3,13.183686
308818.0,4.0,1,13,2,3,37.0,2,1,3.0,3.0,3.0,0,3,11.74583
308819.0,3.0,0,17,1,3,37.0,2,1,5.0,1.0,8.0,1,1,11.349359
308820.0,5.0,0,16,1,3,37.0,2,1,5.0,0.0,6.0,0,1,11.964771
308822.0,4.0,1,13,1,3,37.0,2,1,3.0,5.0,5.0,0,1,11.881975
308823.0,3.0,0,14,1,3,37.0,2,1,5.0,0.0,6.0,0,1,12.537123
308823.0,4.0,1,12,1,3,37.0,2,1,3.0,2.0,0.0,0,1,12.537123
308824.0,3.0,0,16,1,3,37.0,2,1,5.0,0.0,6.0,0,3,12.400142
308824.0,4.0,1,13,1,3,37.0,2,1,3.0,5.0,5.0,0,3,12.400142
308828.0,2.0,0,15,2,3,37.0,2,1,5.0,1.0,7.0,0,4,11.486181
308834.0,3.0,1,13,2,3,37.0,2,1,3.0,4.0,4.0,0,4,11.31996
308835.0,4.0,0,16,1,3,37.0,2,1,6.0,0.0,9.0,0,2,13.326644
308835.0,5.0,1,13,2,3,37.0,2,1,3.0,4.0,4.0,0,2,13.326644
308838.0,5.0,0,15,1,3,37.0,2,1,5.0,2.0,8.0,0,1,12.897734
308843.0,3.0,1,17,2,3,37.0,2,1,3.0,5.0,0.0,0,1,11.417801
308843.0,4.0,1,14,1,3,37.0,2,1,3.0,3.0,4.0,1,1,11.417801
308844.0,6.0,0,14,2,3,37.0,2,1,5.0,0.0,6.0,0,5,14.52523
308845.0,6.0,0,16,1,3,37.0,2,1,5.0,1.0,7.0,0,2,12.140045
308846.0,4.0,0,16,2,3,37.0,2,1,6.0,1.0,10.0,0,5,13.938861
308846.0,5.0,0,14,2,3,37.0,2,1,5.0,2.0,8.0,0,5,13.938861
308847.0,3.0,1,17,2,3,37.0,2,1,3.0,5.0,0.0,0,3,12.759486
308847.0,4.0,1,12,1,3,37.0,2,1,3.0,5.0,5.0,0,3,12.759486
308852.0,3.0,1,14,1,3,37.0,2,1,3.0,3.0,3.0,0,2,12.314483
308852.0,4.0,1,12,2,3,37.0,2,1,3.0,4.0,4.0,0,2,12.314483
308853.0,3.0,1,12,1,3,37.0,2,1,3.0,4.0,4.0,0,4,12.6948395
308853.0,6.0,0,15,2,3,37.0,2,1,5.0,1.0,8.0,1,4,12.6948395
308858.0,7.0,0,16,2,3,37.0,2,1,5.0,2.0,8.0,0,5,15.460065
308858.0,8.0,0,17,2,3,37.0,2,1,6.0,1.0,10.0,0,5,15.460065
308858.0,9.0,0,15,2,3,37.0,2,1,5.0,1.0,7.0,0,5,15.460065
308859.0,6.0,0,15,2,3,37.0,2,1,5.0,0.0,6.0,0,5,13.221369
308865.0,3.0,0,12,2,3,37.0,2,1,5.0,0.0,6.0,0,2,12.362268
308865.0,4.0,1,15,2,3,37.0,2,1,3.0,4.0,4.0,0,2,12.362268
308866.0,6.0,0,15,2,3,37.0,2,1,5.0,1.0,7.0,0,3,13.134234
308866.0,7.0,1,12,1,3,37.0,2,1,3.0,4.0,4.0,0,3,13.134234
308867.0,4.0,1,17,1,3,37.0,2,0,,,,0,1,12.107886
308867.0,5.0,0,13,2,3,37.0,2,1,5.0,0.0,6.0,0,1,12.107886
308868.0,3.0,1,15,1,3,37.0,2,1,3.0,3.0,4.0,1,1,11.323289
308869.0,3.0,0,17,1,3,37.0,2,1,5.0,0.0,6.0,0,1,12.303022
308869.0,4.0,1,14,2,3,37.0,2,1,3.0,4.0,4.0,0,1,12.303022
308869.0,5.0,1,12,2,3,37.0,2,1,3.0,2.0,3.0,1,1,12.303022
308872.0,3.0,1,13,1,3,37.0,2,1,3.0,4.0,4.0,0,2,11.220579
308873.0,3.0,1,12,1,3,37.0,2,1,3.0,1.0,2.0,1,2,10.485032
308879.0,5.0,0,14,2,3,37.0,2,1,5.0,1.0,7.0,0,2,13.264377
308881.0,3.0,1,13,2,3,37.0,2,1,3.0,3.0,0.0,0,3,11.255268
308884.0,3.0,1,13,1,3,37.0,2,1,3.0,5.0,5.0,0,1,11.801677
308887.0,3.0,0,13,2,3,37.0,2,1,5.0,0.0,7.0,1,4,13.386382
308888.0,7.0,1,17,1,3,37.0,2,1,3.0,6.0,0.0,0,1,11.722587
308888.0,8.0,1,14,1,3,37.0,2,1,3.0,3.0,3.0,0,1,11.722587
308890.0,3.0,1,12,2,3,37.0,2,1,3.0,1.0,1.0,0,3,10.334491
308892.0,3.0,1,14,1,3,37.0,2,1,3.0,3.0,4.0,1,1,11.562439
308896.0,3.0,0,14,1,3,37.0,2,1,5.0,1.0,7.0,0,1,12.117711
308896.0,4.0,1,12,1,3,37.0,2,1,3.0,4.0,5.0,1,1,12.117711
308900.0,3.0,1,12,1,3,37.0,2,1,3.0,2.0,2.0,0,2,11.672711
308902.0,3.0,0,17,2,3,37.0,2,1,5.0,1.0,7.0,0,1,11.440473
308902.0,4.0,1,13,1,3,37.0,2,1,3.0,3.0,0.0,0,1,11.440473
308904.0,5.0,0,16,1,3,37.0,2,1,5.0,1.0,7.0,0,1,11.768234
308904.0,6.0,1,12,2,3,37.0,2,1,3.0,4.0,4.0,0,1,11.768234
308909.0,2.0,1,13,1,3,37.0,2,1,3.0,5.0,5.0,0,1,10.676508
308910.0,5.0,0,17,2,3,37.0,2,1,6.0,0.0,9.0,0,4,14.395005
308910.0,7.0,1,14,1,3,37.0,2,1,3.0,5.0,5.0,0,4,14.395005
308912.0,3.0,0,17,1,3,37.0,2,1,5.0,2.0,8.0,0,4,11.009754
308913.0,4.0,1,16,2,3,37.0,2,1,3.0,3.0,0.0,0,1,11.792457
308913.0,5.0,1,14,2,3,37.0,2,1,3.0,3.0,3.0,0,1,11.792457
308913.0,6.0,1,12,1,3,37.0,2,1,3.0,2.0,2.0,0,1,11.792457
308915.0,5.0,1,13,2,3,37.0,2,1,3.0,5.0,5.0,0,2,13.508151
308916.0,4.0,1,14,1,3,37.0,2,1,3.0,4.0,5.0,1,2,11.489155
308921.0,2.0,0,17,1,3,37.0,2,1,6.0,0.0,9.0,0,1,10.948365
308922.0,5.0,1,12,1,3,37.0,2,1,3.0,3.0,3.0,0,1,11.369644
308923.0,5.0,1,16,1,3,37.0,2,1,3.0,4.0,5.0,1,1,11.901726
308924.0,3.0,0,17,1,3,37.0,2,1,5.0,0.0,6.0,0,1,11.413227
308924.0,4.0,1,15,2,3,37.0,2,1,3.0,4.0,4.0,0,1,11.413227
308927.0,4.0,0,16,2,3,37.0,2,1,5.0,2.0,8.0,0,3,13.28838
308927.0,5.0,1,13,2,3,37.0,2,1,3.0,5.0,5.0,0,3,13.28838
308928.0,2.0,1,14,1,3,37.0,2,1,3.0,3.0,4.0,1,1,11.581761
308930.0,5.0,0,16,2,3,37.0,2,1,5.0,0.0,6.0,0,2,11.197337
308936.0,4.0,0,17,2,3,37.0,2,1,6.0,0.0,9.0,0,3,13.166372
308936.0,5.0,1,14,2,3,37.0,2,1,3.0,4.0,4.0,0,3,13.166372
308936.0,10.0,1,15,1,3,37.0,2,1,3.0,4.0,5.0,1,3,13.166372
308938.0,3.0,0,12,2,3,37.0,2,1,5.0,0.0,6.0,0,4,13.591556
308938.0,6.0,1,13,2,3,37.0,2,1,3.0,4.0,4.0,0,4,13.591556
308940.0,4.0,1,12,2,3,37.0,2,1,3.0,4.0,4.0,0,1,10.959123
308948.0,4.0,0,15,1,3,37.0,2,1,5.0,0.0,6.0,0,1,12.452917
308949.0,6.0,0,15,2,3,37.0,2,1,5.0,0.0,6.0,0,1,10.826972
308950.0,4.0,0,15,1,3,37.0,2,1,5.0,0.0,6.0,0,1,12.07887
308950.0,5.0,1,12,2,3,37.0,2,1,3.0,1.0,2.0,1,1,12.07887
308956.0,4.0,0,17,2,3,37.0,2,1,5.0,2.0,8.0,0,2,12.654952
308956.0,5.0,1,13,1,3,37.0,2,1,3.0,4.0,4.0,0,2,12.654952
308956.0,6.0,1,12,2,3,37.0,2,1,3.0,3.0,3.0,0,2,12.654952
308957.0,3.0,1,13,2,3,37.0,2,1,3.0,3.0,3.0,0,1,11.714853
308958.0,2.0,1,13,1,3,37.0,2,1,3.0,3.0,3.0,0,2,11.670152
308958.0,3.0,1,12,1,3,37.0,2,1,3.0,3.0,3.0,0,2,11.670152
308960.0,2.0,0,15,2,3,37.0,2,1,5.0,0.0,6.0,0,4,11.385785
308961.0,2.0,1,15,2,3,37.0,2,1,3.0,4.0,0.0,0,1,11.144048
308962.0,2.0,1,16,2,3,37.0,2,1,3.0,3.0,3.0,0,4,10.437815
308964.0,3.0,1,14,2,3,37.0,2,1,3.0,4.0,4.0,0,2,11.737875
308964.0,4.0,1,13,2,3,37.0,2,1,3.0,4.0,4.0,0,2,11.737875
308967.0,2.0,1,14,2,3,37.0,2,1,3.0,5.0,5.0,0,1,11.758034
308968.0,5.0,1,13,2,3,37.0,2,1,3.0,3.0,3.0,0,1,11.394547
308970.0,4.0,0,15,2,3,37.0,2,1,6.0,0.0,9.0,0,2,12.56792
308971.0,3.0,1,14,1,3,37.0,2,1,3.0,3.0,3.0,0,1,11.729455
308972.0,4.0,1,13,1,3,37.0,2,1,3.0,6.0,6.0,0,4,12.235272
308972.0,8.0,1,17,1,3,37.0,2,1,3.0,6.0,6.0,0,4,12.235272
308976.0,2.0,0,17,1,3,37.0,2,1,5.0,3.0,9.0,0,3,11.122635
308977.0,6.0,1,15,1,3,37.0,2,1,3.0,4.0,5.0,1,2,10.99836
308983.0,8.0,0,14,2,3,37.0,2,1,5.0,1.0,7.0,0,2,13.289099
308984.0,8.0,1,15,2,3,37.0,2,1,3.0,4.0,4.0,0,2,13.517645
308986.0,7.0,1,13,2,3,37.0,2,1,3.0,6.0,6.0,0,4,11.948926
308989.0,5.0,0,17,1,3,37.0,2,1,5.0,2.0,8.0,0,1,12.314461
308989.0,6.0,1,13,1,3,37.0,2,1,3.0,3.0,3.0,0,1,12.314461
308990.0,3.0,0,16,2,3,37.0,2,1,5.0,1.0,7.0,0,5,12.6745
308990.0,4.0,0,14,1,3,37.0,2,1,5.0,0.0,6.0,0,5,12.6745
308991.0,3.0,1,15,2,3,37.0,2,1,3.0,3.0,4.0,1,2,9.568085
308991.0,4.0,1,12,2,3,37.0,2,1,3.0,3.0,3.0,0,2,9.568085
308994.0,4.0,1,15,1,3,37.0,2,0,,,,0,3,11.211158
308995.0,12.0,1,15,2,3,37.0,2,1,3.0,4.0,4.0,0,1,13.029065
308995.0,13.0,1,13,2,3,37.0,2,1,3.0,5.0,5.0,0,1,13.029065
308997.0,3.0,1,13,1,3,37.0,2,1,3.0,4.0,5.0,1,3,11.978394
308998.0,2.0,1,17,2,3,37.0,2,1,3.0,4.0,4.0,0,4,10.562975
308999.0,6.0,0,17,1,3,37.0,2,1,5.0,1.0,7.0,0,4,13.411858
308999.0,7.0,0,15,2,3,37.0,2,1,5.0,0.0,6.0,0,4,13.411858
308999.0,8.0,0,13,2,3,37.0,2,1,5.0,0.0,6.0,0,4,13.411858
309000.0,2.0,1,12,1,3,37.0,2,1,3.0,2.0,3.0,1,4,10.746692
309002.0,2.0,1,15,1,3,37.0,2,1,3.0,4.0,0.0,0,3,11.602776
309002.0,3.0,1,14,1,3,37.0,2,1,3.0,0.0,14.0,0,3,11.602776
309004.0,4.0,1,14,1,3,37.0,2,1,3.0,3.0,3.0,0,2,11.733554
309006.0,3.0,1,15,1,3,37.0,2,1,3.0,5.0,5.0,0,1,12.219167
309010.0,2.0,0,14,2,3,37.0,1,1,5.0,2.0,8.0,0,5,12.0465555
309015.0,5.0,0,16,1,3,37.0,1,1,6.0,0.0,9.0,0,4,13.782699
309015.0,6.0,0,13,1,3,37.0,1,1,5.0,0.0,6.0,0,4,13.782699
309015.0,7.0,1,16,1,3,37.0,1,1,3.0,4.0,0.0,0,4,13.782699
309016.0,5.0,0,17,2,3,37.0,1,1,5.0,2.0,8.0,0,2,13.222518
309018.0,3.0,0,15,1,3,37.0,2,1,5.0,1.0,7.0,0,3,12.095761
309018.0,4.0,1,13,1,3,37.0,2,1,3.0,3.0,3.0,0,3,12.095761
309019.0,3.0,1,15,2,3,37.0,2,1,3.0,3.0,3.0,0,2,11.272776
309021.0,3.0,1,13,1,3,37.0,2,1,3.0,4.0,4.0,0,4,11.61932
309023.0,3.0,1,13,2,3,37.0,2,1,3.0,5.0,5.0,0,2,11.790754
309024.0,3.0,1,13,2,3,37.0,2,1,3.0,5.0,5.0,0,3,12.069829
309025.0,4.0,0,17,2,3,37.0,2,1,5.0,0.0,6.0,0,2,11.848475
309025.0,5.0,1,15,1,3,37.0,2,1,3.0,3.0,3.0,0,2,11.848475
309027.0,3.0,1,16,1,3,37.0,2,1,3.0,1.0,1.0,0,2,11.795137
309027.0,4.0,1,14,1,3,37.0,2,1,3.0,4.0,4.0,1,2,11.795137
309028.0,5.0,1,16,1,3,37.0,2,1,3.0,4.0,5.0,0,2,10.821297
309028.0,6.0,1,12,2,3,37.0,2,1,3.0,3.0,3.0,0,2,10.821297
309033.0,4.0,0,17,1,3,37.0,2,1,5.0,2.0,8.0,0,2,13.074792
309033.0,5.0,1,14,1,3,37.0,2,1,3.0,5.0,5.0,0,2,13.074792
309035.0,4.0,1,13,1,3,37.0,2,1,3.0,4.0,5.0,1,1,11.183741
309038.0,2.0,1,15,2,3,37.0,2,1,3.0,4.0,4.0,0,2,12.28475
309038.0,4.0,0,14,1,3,37.0,2,1,5.0,0.0,6.0,0,2,12.28475
309038.0,5.0,0,13,1,3,37.0,2,1,5.0,0.0,6.0,0,2,12.28475
309040.0,2.0,1,17,1,3,37.0,2,1,3.0,3.0,0.0,0,1,10.340968
309040.0,3.0,1,13,1,3,37.0,2,1,3.0,2.0,2.0,0,1,10.340968
309042.0,3.0,0,16,2,3,37.0,2,1,5.0,1.0,7.0,0,4,11.362812
309045.0,4.0,1,14,2,3,37.0,2,1,3.0,5.0,5.0,1,2,11.9887
309046.0,5.0,1,16,1,3,37.0,2,1,3.0,5.0,5.0,0,2,13.388851
309046.0,6.0,1,14,2,3,37.0,2,1,3.0,5.0,5.0,0,2,13.388851
309050.0,3.0,1,13,1,3,37.0,2,1,3.0,4.0,4.0,0,1,11.957778
309053.0,5.0,0,15,2,3,37.0,2,1,5.0,2.0,8.0,0,2,12.476848
309055.0,5.0,0,17,2,3,37.0,2,1,6.0,0.0,9.0,0,4,13.698562
309055.0,6.0,0,15,2,3,37.0,2,1,5.0,1.0,7.0,0,4,13.698562
309055.0,7.0,1,12,1,3,37.0,2,1,3.0,5.0,5.0,0,4,13.698562
309058.0,3.0,1,12,2,3,37.0,2,1,3.0,3.0,3.0,0,3,11.686256
309059.0,3.0,0,17,2,3,37.0,2,1,5.0,1.0,7.0,0,1,11.692334
309059.0,4.0,1,15,1,3,37.0,2,1,3.0,4.0,4.0,0,1,11.692334
309067.0,3.0,1,12,2,3,37.0,2,1,3.0,2.0,2.0,0,2,11.23916
309069.0,4.0,1,15,1,3,37.0,2,1,3.0,5.0,5.0,0,3,13.449436
309069.0,5.0,1,12,1,3,37.0,2,1,3.0,3.0,3.0,0,3,13.449436
309072.0,3.0,1,12,2,3,37.0,2,1,3.0,5.0,5.0,0,4,11.551675
309073.0,2.0,1,16,2,3,37.0,2,1,3.0,4.0,4.0,0,1,11.583626
309074.0,7.0,1,12,1,3,37.0,2,1,3.0,0.0,0.0,0,1,0.0
309079.0,3.0,0,17,2,3,37.0,2,1,6.0,0.0,9.0,0,4,11.907572
309084.0,7.0,0,15,1,3,37.0,1,1,5.0,0.0,6.0,0,4,14.478055
309084.0,8.0,0,15,2,3,37.0,1,1,5.0,1.0,7.0,0,4,14.478055
309088.0,6.0,1,12,2,3,37.0,1,1,3.0,5.0,5.0,0,4,13.251022
309089.0,4.0,0,17,1,3,37.0,2,1,6.0,0.0,9.0,0,3,12.821261
309090.0,3.0,1,13,1,3,37.0,2,1,3.0,4.0,4.0,0,2,11.8531475
309093.0,4.0,0,14,2,3,37.0,2,1,5.0,1.0,7.0,0,2,13.065816
309094.0,4.0,1,12,2,3,37.0,2,1,3.0,4.0,4.0,0,2,12.038311
309097.0,3.0,1,17,2,3,37.0,2,1,3.0,2.0,0.0,0,1,11.032483
309097.0,4.0,1,12,2,3,37.0,2,1,3.0,2.0,2.0,0,1,11.032483
309098.0,2.0,1,14,1,3,37.0,2,1,3.0,0.0,0.0,0,2,0.0
309100.0,5.0,0,17,2,3,37.0,2,1,5.0,0.0,6.0,0,2,13.227752
309100.0,6.0,1,13,2,3,37.0,2,1,3.0,5.0,5.0,0,2,13.227752
309102.0,3.0,0,14,2,3,37.0,2,1,5.0,2.0,8.0,0,4,13.077891
309104.0,3.0,0,15,2,3,37.0,2,1,5.0,1.0,7.0,0,2,13.030985
309105.0,3.0,1,13,2,3,37.0,2,1,3.0,2.0,3.0,1,1,11.409242
309107.0,5.0,1,17,1,3,37.0,2,1,3.0,1.0,2.0,1,2,13.388162
309108.0,3.0,0,16,2,3,37.0,2,1,5.0,0.0,6.0,0,3,12.211613
309108.0,4.0,1,13,1,3,37.0,2,1,3.0,4.0,4.0,0,3,12.211613
309110.0,3.0,1,16,1,3,37.0,2,1,3.0,4.0,4.0,0,4,12.362226
309110.0,4.0,1,14,1,3,37.0,2,1,3.0,3.0,4.0,1,4,12.362226
309110.0,5.0,1,12,2,3,37.0,2,1,3.0,3.0,3.0,0,4,12.362226
309111.0,5.0,0,17,1,3,37.0,2,1,5.0,2.0,8.0,0,1,12.251696
309111.0,6.0,1,13,1,3,37.0,2,1,3.0,4.0,4.0,0,1,12.251696
309112.0,3.0,0,16,2,3,37.0,2,1,5.0,1.0,7.0,0,1,12.102438
309112.0,4.0,1,15,2,3,37.0,2,1,3.0,5.0,5.0,0,1,12.102438
309114.0,3.0,1,13,2,3,37.0,2,1,3.0,1.0,2.0,1,1,10.50441
309116.0,2.0,0,17,1,3,37.0,2,1,5.0,1.0,7.0,0,4,12.695713
309116.0,4.0,0,15,1,3,37.0,2,1,5.0,0.0,6.0,0,4,12.695713
309116.0,5.0,1,12,2,3,37.0,2,1,3.0,4.0,4.0,0,4,12.695713
309119.0,6.0,1,15,2,3,37.0,2,1,3.0,4.0,4.0,0,4,12.663849
309119.0,7.0,1,13,1,3,37.0,2,1,3.0,1.0,1.0,0,4,12.663849
309120.0,4.0,0,16,2,3,37.0,2,1,5.0,2.0,8.0,0,5,13.369334
309124.0,3.0,1,16,1,3,37.0,2,1,3.0,2.0,2.0,0,1,11.480671
309124.0,4.0,1,12,1,3,37.0,2,1,3.0,1.0,1.0,0,1,11.480671
309125.0,4.0,1,13,2,3,37.0,2,1,3.0,1.0,1.0,0,2,7.7836404
309127.0,3.0,0,15,1,3,37.0,2,1,5.0,0.0,6.0,0,5,14.641886
309127.0,4.0,0,13,1,3,37.0,2,1,5.0,0.0,6.0,0,5,14.641886
309128.0,3.0,1,17,1,3,37.0,2,1,3.0,5.0,5.0,0,1,11.979178
309128.0,4.0,1,15,2,3,37.0,2,1,3.0,5.0,5.0,0,1,11.979178
309129.0,3.0,0,14,1,3,37.0,2,1,5.0,0.0,6.0,0,4,13.610362
309131.0,4.0,1,15,2,3,37.0,2,1,3.0,5.0,5.0,0,2,12.44916
309131.0,5.0,1,12,1,3,37.0,2,1,3.0,4.0,4.0,0,2,12.44916
309132.0,3.0,1,14,1,3,37.0,2,1,3.0,5.0,5.0,0,1,11.7487955
309133.0,7.0,1,13,1,3,37.0,2,1,3.0,4.0,5.0,1,1,11.513435
309133.0,8.0,1,13,2,3,37.0,2,1,3.0,5.0,5.0,0,1,11.513435
309134.0,5.0,0,16,2,3,37.0,2,1,5.0,1.0,7.0,0,4,13.466742
309134.0,6.0,1,14,2,3,37.0,2,1,3.0,5.0,5.0,0,4,13.466742
309136.0,2.0,1,14,1,3,37.0,2,1,3.0,3.0,3.0,0,1,11.70045
309137.0,4.0,1,17,1,3,37.0,2,1,3.0,5.0,0.0,0,2,11.534795
309139.0,5.0,1,12,2,3,37.0,2,1,3.0,4.0,4.0,0,2,10.826277
309140.0,6.0,0,16,1,3,37.0,2,1,5.0,0.0,6.0,0,5,14.432013
309142.0,5.0,0,16,2,3,37.0,2,1,5.0,1.0,7.0,0,4,13.091329
309145.0,3.0,0,13,2,3,37.0,2,1,5.0,0.0,6.0,0,4,12.039935
309146.0,3.0,0,16,2,3,37.0,2,1,6.0,0.0,9.0,0,3,13.8508835
309146.0,4.0,0,14,1,3,37.0,2,1,5.0,0.0,7.0,1,3,13.8508835
309146.0,5.0,0,13,1,3,37.0,2,1,5.0,1.0,7.0,0,3,13.8508835
309147.0,2.0,1,13,1,3,37.0,2,1,3.0,3.0,3.0,0,1,11.957297
309147.0,4.0,1,12,2,3,37.0,2,1,3.0,4.0,4.0,0,1,11.957297
309149.0,2.0,0,17,1,3,37.0,2,1,5.0,1.0,8.0,1,2,11.9938755
309149.0,3.0,1,15,2,3,37.0,2,1,3.0,5.0,5.0,0,2,11.9938755
309150.0,3.0,1,17,2,3,37.0,2,1,5.0,2.0,8.0,0,1,11.708912
309150.0,4.0,1,15,2,3,37.0,2,1,3.0,5.0,5.0,0,1,11.708912
309151.0,5.0,1,15,2,3,37.0,2,1,3.0,6.0,6.0,0,2,11.621071
309151.0,6.0,0,15,2,3,37.0,2,1,5.0,0.0,7.0,1,2,11.621071
309151.0,7.0,0,15,2,3,37.0,2,1,5.0,1.0,8.0,1,2,11.621071
309153.0,4.0,1,14,1,3,37.0,2,1,3.0,2.0,2.0,0,3,8.881975
309153.0,5.0,1,12,1,3,37.0,2,1,3.0,2.0,2.0,0,3,8.881975
309154.0,3.0,1,12,2,3,37.0,2,1,3.0,3.0,3.0,0,3,11.968615
309159.0,4.0,0,17,1,3,37.0,2,1,5.0,0.0,6.0,0,1,11.996715
309159.0,5.0,1,14,1,3,37.0,2,1,3.0,5.0,5.0,0,1,11.996715
309160.0,3.0,1,14,1,3,37.0,2,1,3.0,4.0,4.0,0,1,10.518024
309161.0,5.0,1,13,2,3,37.0,2,1,3.0,4.0,4.0,0,4,10.726039
309162.0,3.0,0,17,1,3,37.0,2,1,5.0,2.0,8.0,0,2,12.368557
309162.0,4.0,1,14,1,3,37.0,2,1,3.0,3.0,3.0,0,2,12.368557
309162.0,5.0,1,12,1,3,37.0,2,1,3.0,3.0,3.0,0,2,12.368557
309163.0,3.0,1,12,2,3,37.0,2,1,3.0,1.0,1.0,0,2,11.2528715
309164.0,3.0,1,16,2,3,37.0,2,1,3.0,2.0,0.0,0,2,0.0
309164.0,4.0,1,14,2,3,37.0,2,1,3.0,0.0,0.0,0,2,0.0
309165.0,2.0,0,14,2,3,37.0,2,1,5.0,0.0,6.0,0,4,11.452762
309166.0,2.0,1,13,1,3,37.0,2,1,3.0,5.0,5.0,0,5,11.028028
309166.0,3.0,1,17,1,3,37.0,2,1,3.0,6.0,0.0,0,5,11.028028
309169.0,3.0,1,14,1,3,37.0,2,1,3.0,5.0,5.0,0,4,13.344588
309169.0,4.0,1,13,1,3,37.0,2,1,3.0,3.0,3.0,0,4,13.344588
309170.0,3.0,1,14,2,3,37.0,2,1,3.0,4.0,,0,1,12.064083
309170.0,4.0,1,12,1,3,37.0,2,1,3.0,3.0,,0,1,12.064083
309173.0,2.0,1,12,1,3,37.0,2,1,3.0,4.0,,0,4,11.576379
309174.0,4.0,1,16,1,3,37.0,2,1,3.0,5.0,,0,5,14.072871
309174.0,5.0,0,13,2,3,37.0,2,1,5.0,0.0,,0,5,14.072871
309175.0,4.0,0,16,1,3,37.0,2,1,5.0,0.0,,0,4,13.948354
309175.0,5.0,0,14,2,3,37.0,2,1,5.0,0.0,,0,4,13.948354
309176.0,4.0,0,16,2,3,37.0,2,1,6.0,0.0,,0,3,13.724881
309176.0,5.0,0,15,2,3,37.0,2,1,5.0,1.0,,0,3,13.724881
309176.0,6.0,1,14,1,3,37.0,2,1,3.0,4.0,,0,3,13.724881
309177.0,5.0,1,14,2,3,37.0,2,1,3.0,4.0,,0,1,12.895428
309178.0,5.0,1,17,1,3,37.0,2,1,3.0,4.0,,0,1,11.687601
309178.0,6.0,0,13,2,3,37.0,2,1,5.0,0.0,,0,1,11.687601
309179.0,3.0,1,16,1,3,37.0,2,1,3.0,4.0,,1,3,13.598239
309179.0,4.0,1,15,1,3,37.0,2,1,3.0,4.0,,0,3,13.598239
309179.0,5.0,1,13,2,3,37.0,2,1,3.0,3.0,,0,3,13.598239
309181.0,2.0,1,13,1,3,37.0,2,1,3.0,2.0,,0,1,11.239817
309184.0,3.0,1,16,2,3,37.0,2,1,3.0,4.0,,0,4,11.325704
309185.0,3.0,1,12,2,3,37.0,2,1,3.0,3.0,,1,3,11.9616165
309185.0,6.0,1,13,2,3,37.0,2,1,3.0,5.0,,0,3,11.9616165
309187.0,3.0,0,14,2,3,37.0,2,1,5.0,1.0,,0,2,12.559704
309187.0,5.0,0,14,2,3,37.0,2,1,5.0,0.0,,0,2,12.559704
309188.0,3.0,1,14,2,3,37.0,2,1,3.0,4.0,,0,1,11.56837
309189.0,5.0,1,13,2,3,37.0,2,1,3.0,3.0,,1,2,13.229622
309191.0,4.0,1,12,1,3,37.0,2,1,3.0,2.0,,1,1,11.984871
309194.0,3.0,0,17,1,3,37.0,2,1,6.0,0.0,,0,1,12.229721
309195.0,4.0,0,17,1,3,37.0,2,1,6.0,1.0,,0,3,11.234217
309199.0,4.0,0,16,1,3,37.0,2,1,6.0,0.0,,0,1,12.7122755
309199.0,5.0,1,14,1,3,37.0,2,1,3.0,4.0,,1,1,12.7122755
309200.0,5.0,0,17,1,3,37.0,2,1,5.0,1.0,,1,3,12.159484
309204.0,6.0,1,13,2,3,37.0,2,1,3.0,3.0,,0,1,11.29042
309204.0,7.0,1,12,1,3,37.0,2,1,3.0,3.0,,0,1,11.29042
309211.0,3.0,1,14,1,3,37.0,2,1,3.0,5.0,,0,4,11.791512
309212.0,3.0,1,14,1,3,37.0,2,1,3.0,4.0,,1,1,11.385672
309212.0,4.0,1,13,2,3,37.0,2,1,3.0,5.0,,0,1,11.385672
309214.0,2.0,0,17,2,3,37.0,2,1,5.0,0.0,,0,2,11.06954
309214.0,3.0,1,14,1,3,37.0,2,1,3.0,4.0,,0,2,11.06954
309215.0,5.0,1,15,2,3,37.0,2,1,3.0,5.0,,0,2,12.170839
309215.0,6.0,1,13,1,3,37.0,2,1,3.0,5.0,,0,2,12.170839
309216.0,3.0,1,13,1,3,37.0,2,1,3.0,4.0,,0,1,12.105152
309217.0,7.0,1,17,1,3,37.0,2,1,3.0,3.0,,0,1,10.6993265
309217.0,8.0,1,12,1,3,37.0,2,1,3.0,0.0,,0,1,10.6993265
309219.0,2.0,1,14,1,3,37.0,2,1,3.0,4.0,,0,2,10.813277
309220.0,2.0,0,17,1,3,37.0,2,1,6.0,0.0,,0,3,11.856416
309221.0,3.0,1,12,1,3,37.0,2,1,3.0,2.0,,1,2,11.228584
309222.0,3.0,1,12,2,3,37.0,2,1,3.0,4.0,,1,1,11.711784
309223.0,6.0,0,16,1,3,37.0,2,1,6.0,0.0,,0,2,13.915985
309224.0,3.0,1,15,1,4,41.0,2,1,3.0,3.0,4.0,1,1,11.821153
309224.0,4.0,1,12,2,4,41.0,2,1,3.0,3.0,3.0,0,1,11.821153
309230.0,3.0,1,15,1,4,41.0,2,1,3.0,3.0,0.0,0,3,11.066263
309233.0,3.0,1,13,2,4,41.0,2,1,3.0,3.0,4.0,0,2,0.0
309235.0,5.0,1,14,2,4,41.0,2,1,3.0,4.0,5.0,0,3,12.890333
309236.0,5.0,0,17,1,4,41.0,2,1,6.0,0.0,9.0,0,2,11.50953
309238.0,3.0,1,13,2,4,41.0,2,0,,,,0,4,11.233886
309240.0,3.0,1,15,2,4,41.0,2,1,3.0,4.0,5.0,1,1,11.795288
309240.0,4.0,1,12,2,4,41.0,2,1,3.0,4.0,4.0,0,1,11.795288
309244.0,4.0,0,17,2,4,41.0,2,1,5.0,2.0,8.0,0,4,11.936957
309250.0,5.0,0,16,2,4,41.0,2,1,5.0,0.0,6.0,0,4,11.969312
309250.0,6.0,1,12,1,4,41.0,2,1,3.0,3.0,4.0,1,4,11.969312
309250.0,9.0,1,17,1,4,41.0,2,1,3.0,3.0,0.0,0,4,11.969312
309251.0,3.0,0,14,2,4,41.0,2,1,5.0,1.0,7.0,0,3,11.816255
309252.0,3.0,0,16,1,4,41.0,2,1,6.0,1.0,10.0,0,5,13.583264
309252.0,4.0,0,13,1,4,41.0,2,1,5.0,0.0,6.0,0,5,13.583264
309253.0,5.0,1,17,2,4,41.0,2,1,3.0,5.0,6.0,0,3,12.689042
309258.0,5.0,0,17,2,4,41.0,2,1,5.0,1.0,7.0,0,4,11.991244
309259.0,6.0,0,17,1,4,41.0,2,1,5.0,2.0,8.0,0,2,11.968678
309260.0,3.0,1,16,2,4,41.0,2,1,3.0,5.0,0.0,0,2,11.288794
309260.0,4.0,1,14,1,4,41.0,2,1,3.0,5.0,5.0,0,2,11.288794
309264.0,5.0,1,16,1,4,41.0,2,1,3.0,1.0,0.0,0,1,0.0
309266.0,6.0,1,12,1,4,41.0,2,1,3.0,3.0,3.0,0,1,11.326005
309269.0,5.0,0,14,2,4,41.0,1,1,5.0,1.0,7.0,0,4,12.926923
309271.0,2.0,0,16,2,4,41.0,1,1,5.0,2.0,8.0,0,5,12.322571
309273.0,3.0,1,12,2,4,41.0,1,1,3.0,4.0,4.0,0,3,11.277848
309276.0,3.0,0,14,1,4,41.0,1,1,5.0,0.0,6.0,0,4,12.12438
309277.0,6.0,0,17,2,4,41.0,1,1,5.0,2.0,8.0,0,4,13.460543
309283.0,4.0,0,14,1,4,41.0,2,1,5.0,0.0,6.0,0,3,11.402676
309286.0,3.0,1,12,2,4,41.0,2,1,3.0,3.0,3.0,0,2,11.360369
309288.0,3.0,1,15,1,4,41.0,2,1,3.0,5.0,5.0,0,3,9.433564
309289.0,4.0,1,15,1,4,41.0,2,1,3.0,5.0,5.0,0,3,10.6914
309290.0,3.0,1,14,2,4,41.0,2,1,3.0,5.0,5.0,0,4,11.40368
309292.0,5.0,1,17,2,4,41.0,2,1,5.0,2.0,8.0,0,3,10.536778
309292.0,6.0,1,12,2,4,41.0,2,1,3.0,5.0,5.0,0,3,10.536778
309293.0,3.0,1,15,1,4,41.0,2,1,3.0,6.0,0.0,0,2,0.0
309294.0,4.0,0,13,1,4,41.0,2,1,5.0,0.0,6.0,0,4,10.937757
309295.0,4.0,1,17,1,4,41.0,2,1,3.0,6.0,0.0,0,2,0.0
309297.0,3.0,1,15,2,4,41.0,2,1,3.0,6.0,6.0,0,4,10.700454
309300.0,2.0,1,13,2,4,41.0,2,1,3.0,3.0,3.0,0,3,10.304811
309301.0,2.0,1,15,1,4,41.0,2,1,3.0,4.0,4.0,0,4,10.576458
309305.0,7.0,1,16,2,4,41.0,2,1,3.0,4.0,0.0,0,4,12.850557
309306.0,2.0,1,15,2,4,41.0,2,1,3.0,6.0,0.0,0,1,0.0
309309.0,2.0,1,17,1,4,41.0,2,1,3.0,4.0,4.0,0,1,11.365017
309312.0,8.0,1,17,2,4,41.0,2,1,3.0,3.0,0.0,0,4,13.892657
309319.0,5.0,1,15,2,4,41.0,1,1,3.0,6.0,0.0,0,5,12.388294
309323.0,5.0,1,17,1,4,41.0,2,1,3.0,5.0,5.0,0,4,11.38794
309323.0,6.0,1,13,1,4,41.0,2,1,3.0,1.0,2.0,1,4,11.38794
309326.0,5.0,1,15,1,4,41.0,2,1,3.0,4.0,5.0,1,3,11.716976
309326.0,6.0,1,14,1,4,41.0,2,1,3.0,4.0,4.0,0,3,11.716976
309327.0,4.0,0,16,2,4,41.0,2,1,5.0,1.0,7.0,1,1,11.418186
309327.0,5.0,1,15,1,4,41.0,2,1,3.0,4.0,4.0,1,1,11.418186
309329.0,4.0,1,16,1,4,41.0,2,1,3.0,4.0,0.0,0,2,12.81892
309329.0,5.0,1,13,1,4,41.0,2,1,3.0,5.0,5.0,0,2,12.81892
309333.0,6.0,1,16,1,4,41.0,2,1,3.0,3.0,0.0,0,2,0.0
309333.0,7.0,1,15,1,4,41.0,2,1,3.0,3.0,0.0,0,2,0.0
309337.0,3.0,1,12,1,4,41.0,2,1,3.0,4.0,4.0,0,1,11.687098
309340.0,4.0,0,17,1,4,41.0,2,1,6.0,0.0,9.0,0,2,12.768388
309340.0,5.0,1,12,1,4,41.0,2,1,3.0,4.0,4.0,0,2,12.768388
309342.0,3.0,1,17,1,4,41.0,2,1,3.0,4.0,0.0,0,4,10.98658
309342.0,4.0,1,12,1,4,41.0,2,1,3.0,2.0,2.0,0,4,10.98658
309344.0,3.0,0,15,2,4,41.0,2,1,5.0,1.0,7.0,0,4,12.124054
309344.0,4.0,1,14,2,4,41.0,2,1,3.0,3.0,3.0,0,4,12.124054
309345.0,3.0,1,12,1,4,41.0,2,1,3.0,4.0,4.0,0,1,11.27214
309350.0,4.0,1,14,1,4,41.0,2,1,3.0,2.0,0.0,0,2,0.0
309362.0,3.0,1,15,1,4,41.0,2,1,3.0,4.0,4.0,0,3,11.205734
309363.0,4.0,1,16,2,4,41.0,2,1,3.0,5.0,0.0,0,5,0.0
309368.0,6.0,0,16,2,4,41.0,1,1,5.0,2.0,8.0,0,5,12.944936
309369.0,5.0,1,15,2,4,41.0,1,1,3.0,6.0,6.0,0,5,12.392245
309370.0,5.0,0,13,1,4,41.0,1,1,5.0,0.0,6.0,0,5,14.045988
309371.0,3.0,0,13,1,4,41.0,1,1,5.0,0.0,6.0,0,5,13.546181
309382.0,5.0,1,14,2,4,41.0,2,1,3.0,3.0,3.0,0,1,11.42765
309382.0,6.0,1,13,1,4,41.0,2,1,3.0,2.0,2.0,0,1,11.42765
309383.0,6.0,1,16,1,4,41.0,2,1,5.0,1.0,0.0,0,4,12.965969
309383.0,7.0,1,14,1,4,41.0,2,1,3.0,5.0,6.0,1,4,12.965969
309384.0,3.0,1,13,1,4,41.0,2,1,3.0,1.0,2.0,1,1,11.148376
309386.0,5.0,0,15,1,4,41.0,2,1,5.0,0.0,6.0,0,4,11.412397
309388.0,2.0,1,13,2,4,41.0,2,1,3.0,4.0,4.0,0,4,10.817295
309391.0,3.0,1,12,2,4,41.0,2,1,3.0,2.0,3.0,1,2,11.313877
309393.0,6.0,1,14,1,4,41.0,2,1,3.0,4.0,5.0,1,4,10.76798
309394.0,4.0,1,16,2,4,41.0,2,1,3.0,1.0,1.0,0,1,11.17256
309397.0,3.0,1,12,1,4,41.0,2,1,3.0,2.0,2.0,0,1,11.1879015
309398.0,3.0,1,13,2,4,41.0,2,1,3.0,3.0,3.0,0,1,11.180957
309401.0,4.0,1,16,1,4,41.0,2,1,3.0,2.0,3.0,1,2,11.945915
309403.0,3.0,1,13,2,4,41.0,2,1,3.0,5.0,5.0,0,2,11.1541195
309404.0,3.0,1,14,2,4,41.0,2,1,3.0,3.0,4.0,1,2,11.559341
309406.0,2.0,0,15,1,4,41.0,2,1,5.0,1.0,7.0,0,4,11.046292
309407.0,3.0,1,15,2,4,41.0,2,1,3.0,5.0,5.0,0,3,10.817797
309407.0,4.0,1,13,2,4,41.0,2,1,3.0,1.0,2.0,1,3,10.817797
309407.0,5.0,1,12,2,4,41.0,2,1,3.0,2.0,3.0,1,3,10.817797
309416.0,2.0,0,17,1,4,41.0,2,1,5.0,1.0,7.0,0,1,11.294284
309418.0,3.0,1,12,1,4,41.0,2,1,3.0,3.0,4.0,1,4,11.343926
309419.0,3.0,0,17,2,4,41.0,2,1,5.0,1.0,7.0,0,3,11.460168
309422.0,2.0,0,12,2,4,41.0,2,1,5.0,0.0,6.0,0,5,11.34877
309426.0,2.0,1,17,1,4,41.0,2,1,3.0,5.0,0.0,0,2,0.0
309429.0,2.0,1,13,1,4,41.0,2,1,3.0,2.0,2.0,0,3,10.670721
309430.0,3.0,1,15,1,4,41.0,2,1,3.0,3.0,4.0,1,1,11.307756
309431.0,2.0,1,15,1,4,41.0,2,1,3.0,4.0,5.0,1,2,10.470958
309435.0,6.0,0,17,2,4,41.0,2,1,5.0,1.0,7.0,0,1,12.316365
309438.0,3.0,0,15,1,4,41.0,2,1,5.0,1.0,7.0,0,3,11.531119
309438.0,4.0,1,12,1,4,41.0,2,1,3.0,1.0,2.0,1,3,11.531119
309442.0,4.0,0,13,2,4,41.0,2,1,5.0,0.0,6.0,0,1,11.780438
309446.0,3.0,1,13,1,4,41.0,2,1,3.0,3.0,3.0,0,2,11.0194645
309447.0,4.0,0,16,1,4,41.0,2,1,5.0,0.0,7.0,1,2,11.732832
309447.0,5.0,0,14,1,4,41.0,2,1,5.0,2.0,8.0,0,2,11.732832
309449.0,3.0,1,12,2,4,41.0,2,1,3.0,3.0,3.0,0,3,10.4245405
309453.0,5.0,1,17,1,4,41.0,2,1,3.0,1.0,0.0,0,2,10.826972
309455.0,2.0,1,12,2,4,41.0,2,1,3.0,2.0,2.0,0,4,10.675931
309455.0,3.0,1,14,2,4,41.0,2,0,,,,0,4,10.675931
309456.0,3.0,1,15,1,4,41.0,2,1,3.0,3.0,3.0,0,1,11.469245
309456.0,4.0,1,13,1,4,41.0,2,1,3.0,3.0,3.0,0,1,11.469245
309460.0,5.0,1,16,2,4,41.0,2,1,3.0,6.0,0.0,0,4,0.0
309464.0,3.0,1,13,2,4,41.0,2,1,3.0,3.0,3.0,0,2,11.176767
309467.0,5.0,0,16,2,4,41.0,2,1,5.0,2.0,8.0,0,3,11.457793
309470.0,3.0,1,15,2,4,41.0,2,1,3.0,5.0,0.0,0,2,10.250476
309472.0,2.0,1,12,1,4,41.0,2,1,3.0,1.0,2.0,1,1,10.735875
309473.0,4.0,1,15,2,4,41.0,2,1,3.0,6.0,0.0,0,5,0.0
309478.0,3.0,0,13,1,4,41.0,2,1,5.0,1.0,7.0,0,5,13.8457985
309479.0,3.0,0,13,1,4,41.0,2,1,5.0,0.0,6.0,0,5,13.356647
309481.0,3.0,0,13,1,4,41.0,2,1,5.0,0.0,6.0,0,5,13.432786
309482.0,3.0,1,12,2,4,41.0,2,1,3.0,3.0,3.0,0,1,10.666067
309491.0,3.0,1,17,2,4,41.0,2,1,5.0,1.0,7.0,0,5,0.0
309493.0,3.0,1,16,2,4,41.0,2,1,3.0,5.0,5.0,0,2,9.472781
309494.0,3.0,1,12,2,4,41.0,1,1,3.0,3.0,4.0,1,4,12.993395
309495.0,3.0,0,16,1,4,41.0,1,1,5.0,2.0,8.0,0,4,11.979712
309495.0,4.0,1,13,2,4,41.0,1,1,3.0,5.0,5.0,0,4,11.979712
309496.0,3.0,0,16,2,4,41.0,1,1,5.0,1.0,7.0,0,1,11.955114
309496.0,4.0,1,13,1,4,41.0,1,1,3.0,5.0,5.0,0,1,11.955114
309497.0,3.0,1,12,1,4,41.0,1,1,3.0,3.0,3.0,0,4,11.569788
309498.0,3.0,1,12,2,4,41.0,1,1,3.0,3.0,3.0,0,4,11.255138
309499.0,5.0,0,14,2,4,41.0,1,1,5.0,0.0,6.0,0,3,13.006045
309500.0,3.0,1,13,1,4,41.0,1,1,3.0,3.0,3.0,0,2,11.246366
309501.0,3.0,1,12,2,4,41.0,1,1,3.0,2.0,3.0,1,4,11.581761
309503.0,6.0,1,16,2,4,41.0,2,1,3.0,5.0,6.0,1,5,13.521691
309508.0,2.0,1,17,2,4,41.0,2,1,5.0,1.0,0.0,0,3,0.0
309510.0,3.0,1,13,2,4,41.0,2,1,3.0,5.0,5.0,0,3,11.367911
309514.0,4.0,1,16,2,4,41.0,2,1,3.0,4.0,4.0,0,2,11.185129
309517.0,4.0,1,16,2,4,41.0,2,1,3.0,6.0,0.0,0,5,0.0
309518.0,3.0,1,12,2,4,41.0,2,1,3.0,2.0,2.0,0,2,9.510519
309519.0,4.0,1,16,2,4,41.0,2,1,3.0,2.0,3.0,0,1,11.061171
309519.0,5.0,1,12,1,4,41.0,2,1,3.0,1.0,1.0,0,1,11.061171
309520.0,5.0,0,14,2,4,41.0,2,1,5.0,0.0,6.0,0,4,11.167064
309522.0,3.0,1,15,2,4,41.0,2,1,3.0,4.0,5.0,1,2,11.148376
309526.0,3.0,1,13,1,4,41.0,2,1,3.0,5.0,5.0,0,2,11.235537
309528.0,2.0,1,14,2,4,41.0,2,1,3.0,5.0,5.0,0,3,11.604145
309529.0,4.0,1,13,2,4,41.0,2,1,3.0,4.0,4.0,0,2,11.595666
309530.0,4.0,0,16,1,4,41.0,2,1,5.0,0.0,6.0,0,5,11.966774
309530.0,5.0,1,15,1,4,41.0,2,1,3.0,4.0,5.0,1,5,11.966774
309531.0,3.0,0,17,1,4,41.0,2,1,5.0,0.0,6.0,0,5,12.109072
309534.0,5.0,1,17,2,4,41.0,2,1,3.0,6.0,6.0,0,2,10.462418
309534.0,6.0,1,14,1,4,41.0,2,1,3.0,1.0,2.0,1,2,10.462418
309537.0,10.0,0,16,2,4,41.0,2,1,5.0,1.0,7.0,0,4,12.042588
309538.0,3.0,1,17,1,4,41.0,2,1,3.0,6.0,0.0,0,4,0.0
309542.0,3.0,1,12,1,4,41.0,2,1,3.0,4.0,4.0,0,1,11.300054
309544.0,6.0,1,16,1,4,41.0,2,1,3.0,3.0,0.0,0,3,0.0
309546.0,3.0,1,16,2,4,41.0,2,1,3.0,4.0,0.0,0,2,11.3682
309546.0,4.0,1,13,2,4,41.0,2,1,3.0,3.0,3.0,0,2,11.3682
309546.0,5.0,1,12,1,4,41.0,2,1,3.0,3.0,3.0,0,2,11.3682
309550.0,3.0,1,17,1,4,41.0,1,1,3.0,5.0,5.0,0,1,10.936245
309551.0,5.0,1,13,2,4,41.0,1,1,3.0,3.0,3.0,0,5,13.993637
309552.0,3.0,0,17,1,4,41.0,1,1,5.0,1.0,7.0,0,2,12.891278
309554.0,2.0,0,14,1,4,41.0,1,1,5.0,2.0,8.0,0,5,12.281811
309558.0,2.0,1,12,2,4,41.0,2,1,3.0,3.0,3.0,0,3,11.117673
309562.0,2.0,1,12,2,4,41.0,2,1,3.0,3.0,3.0,0,3,10.534121
309563.0,3.0,1,16,2,4,41.0,2,1,3.0,4.0,4.0,0,3,12.276
309563.0,5.0,0,16,2,4,41.0,2,1,5.0,1.0,7.0,0,3,12.276
309564.0,3.0,1,13,1,4,41.0,2,1,3.0,5.0,5.0,0,4,11.777794
309565.0,2.0,1,13,2,4,41.0,2,1,3.0,3.0,4.0,1,4,10.76798
309566.0,3.0,0,14,1,4,41.0,2,1,5.0,0.0,6.0,0,4,11.700948
309571.0,3.0,1,17,1,4,41.0,2,1,3.0,3.0,0.0,0,3,11.018235
309571.0,4.0,1,15,2,4,41.0,2,1,3.0,4.0,4.0,0,3,11.018235
309572.0,6.0,1,14,2,4,41.0,2,1,3.0,4.0,4.0,0,2,10.811262
309574.0,3.0,1,15,1,4,41.0,2,1,3.0,4.0,4.0,0,3,11.912547
309574.0,4.0,1,12,2,4,41.0,2,1,3.0,4.0,4.0,0,3,11.912547
309575.0,4.0,1,13,1,4,41.0,2,1,3.0,3.0,4.0,1,4,10.632871
309576.0,4.0,1,17,1,4,41.0,2,1,3.0,5.0,0.0,0,1,11.142601
309576.0,5.0,1,15,2,4,41.0,2,1,3.0,2.0,2.0,0,1,11.142601
309577.0,5.0,1,16,1,4,41.0,2,1,3.0,1.0,0.0,0,3,11.255463
309583.0,2.0,1,15,2,4,41.0,2,1,3.0,3.0,4.0,0,4,10.610932
309588.0,3.0,1,13,2,4,41.0,2,1,3.0,3.0,3.0,0,3,11.315096
309590.0,3.0,1,17,1,4,41.0,2,1,3.0,5.0,5.0,0,3,10.632871
309591.0,3.0,1,14,1,4,41.0,2,1,3.0,4.0,4.0,0,3,10.644854
309592.0,3.0,1,14,1,4,41.0,2,1,3.0,3.0,4.0,0,2,0.0
309593.0,3.0,1,12,1,4,41.0,2,1,3.0,2.0,3.0,1,3,11.164091
309595.0,3.0,1,15,1,4,41.0,2,1,3.0,5.0,5.0,0,4,10.569418
309596.0,2.0,1,15,1,4,41.0,2,1,3.0,3.0,3.0,0,2,11.727642
309596.0,3.0,1,13,2,4,41.0,2,1,3.0,2.0,2.0,0,2,11.727642
309597.0,3.0,1,12,1,4,41.0,2,1,3.0,4.0,4.0,0,5,11.703141
309598.0,3.0,1,15,1,4,41.0,2,1,3.0,5.0,5.0,0,2,11.395841
309602.0,4.0,0,13,1,4,41.0,2,1,5.0,0.0,6.0,0,5,12.417128
309603.0,3.0,1,16,1,4,41.0,2,1,3.0,4.0,4.0,0,5,12.212308
309603.0,4.0,1,14,1,4,41.0,2,1,3.0,4.0,4.0,0,5,12.212308
309610.0,3.0,0,17,2,4,41.0,2,1,5.0,1.0,7.0,0,4,12.018001
309610.0,4.0,1,12,2,4,41.0,2,1,3.0,4.0,4.0,0,4,12.018001
309611.0,5.0,0,15,1,4,41.0,2,1,5.0,1.0,7.0,0,1,11.81607
309613.0,5.0,1,17,1,4,41.0,2,1,3.0,2.0,0.0,0,5,13.653417
309613.0,6.0,0,16,2,4,41.0,2,1,5.0,0.0,6.0,0,5,13.653417
309615.0,3.0,1,17,1,4,41.0,2,1,3.0,4.0,0.0,0,2,11.409242
309615.0,4.0,1,12,1,4,41.0,2,1,3.0,2.0,2.0,0,2,11.409242
309616.0,3.0,0,13,2,4,41.0,2,1,5.0,0.0,6.0,0,4,12.082554
309617.0,2.0,1,17,1,4,41.0,2,1,5.0,2.0,8.0,0,3,0.0
309618.0,3.0,1,13,2,4,41.0,2,1,3.0,5.0,5.0,0,3,10.602269
309621.0,4.0,0,16,2,4,41.0,2,1,5.0,1.0,7.0,0,3,11.853752
309621.0,5.0,1,12,2,4,41.0,2,1,3.0,4.0,4.0,0,3,11.853752
309621.0,6.0,1,14,1,4,41.0,2,1,3.0,3.0,3.0,0,3,11.853752
309622.0,4.0,0,15,2,4,41.0,2,1,5.0,2.0,8.0,1,3,11.726512
309622.0,5.0,1,12,1,4,41.0,2,1,3.0,3.0,4.0,1,3,11.726512
309626.0,4.0,1,12,1,4,41.0,2,1,3.0,3.0,3.0,0,3,11.512435
309626.0,9.0,1,17,1,4,41.0,2,1,3.0,6.0,0.0,0,3,11.512435
309629.0,3.0,0,16,1,4,41.0,2,1,5.0,1.0,7.0,1,3,11.288043
309632.0,3.0,0,14,1,4,41.0,2,1,5.0,1.0,7.0,0,5,12.078444
309633.0,3.0,1,15,1,4,41.0,2,1,3.0,4.0,0.0,0,5,11.183741
309638.0,3.0,1,13,1,4,41.0,2,1,3.0,4.0,5.0,1,4,11.535186
309638.0,6.0,1,15,2,4,41.0,2,1,3.0,5.0,5.0,0,4,11.535186
309639.0,4.0,0,16,2,4,41.0,2,1,5.0,1.0,7.0,0,2,11.987052
309639.0,5.0,1,13,1,4,41.0,2,1,3.0,3.0,4.0,1,2,11.987052
309640.0,5.0,0,16,1,4,41.0,2,1,6.0,0.0,9.0,0,3,13.247226
309643.0,3.0,1,16,1,4,41.0,2,1,3.0,3.0,0.0,0,1,0.0
309646.0,3.0,1,14,1,4,41.0,2,1,3.0,2.0,3.0,1,1,11.621116
309647.0,4.0,1,17,2,4,41.0,1,1,3.0,5.0,5.0,0,3,0.0
309648.0,4.0,1,16,1,4,41.0,1,1,3.0,4.0,5.0,1,4,12.33704
309648.0,5.0,1,12,1,4,41.0,1,1,3.0,3.0,3.0,0,4,12.33704
309650.0,4.0,1,12,1,4,41.0,1,1,3.0,4.0,4.0,0,5,11.78105
309651.0,3.0,1,12,1,4,41.0,1,1,3.0,2.0,2.0,0,3,11.64681
309651.0,4.0,1,13,2,4,41.0,1,1,3.0,3.0,3.0,0,3,11.64681
309652.0,4.0,0,14,1,4,41.0,1,1,5.0,1.0,7.0,0,5,13.697538
309655.0,3.0,1,13,2,4,41.0,1,1,3.0,3.0,3.0,0,3,10.43341
309656.0,3.0,1,12,1,4,41.0,2,1,3.0,3.0,,0,4,11.426016
309657.0,4.0,1,15,2,4,41.0,2,1,3.0,5.0,,0,1,10.886989
309658.0,4.0,1,17,1,4,41.0,2,1,5.0,3.0,,0,4,9.723224
309661.0,3.0,1,17,1,4,41.0,2,1,5.0,1.0,,0,4,11.404795
309661.0,4.0,1,17,1,4,41.0,2,1,3.0,5.0,,0,4,11.404795
309662.0,3.0,1,13,2,4,41.0,2,1,3.0,5.0,,0,4,11.934435
309663.0,5.0,1,12,2,4,41.0,2,1,5.0,0.0,,0,3,13.075683
309664.0,4.0,1,17,1,4,41.0,2,1,5.0,0.0,,0,2,11.76077
309664.0,5.0,1,14,2,4,41.0,2,1,5.0,0.0,,0,2,11.76077
309667.0,6.0,1,16,2,4,41.0,2,1,3.0,6.0,,0,1,8.699681
309668.0,2.0,0,14,2,4,41.0,2,1,5.0,1.0,,0,2,11.420656
309671.0,5.0,1,15,1,4,41.0,2,1,2.0,1.0,,0,2,0.0
309684.0,2.0,1,15,2,4,41.0,2,1,3.0,5.0,,0,3,10.43341
309686.0,3.0,0,14,2,4,41.0,2,1,5.0,1.0,,0,5,10.95712
309687.0,3.0,0,16,2,4,41.0,2,1,5.0,2.0,,0,2,10.865917
309689.0,3.0,0,14,2,4,41.0,2,1,5.0,1.0,,0,1,11.690745
309689.0,4.0,1,12,2,4,41.0,2,1,3.0,5.0,,0,1,11.690745
309690.0,5.0,0,17,2,4,41.0,2,1,6.0,1.0,,0,3,13.774857
309691.0,5.0,1,15,2,4,41.0,2,1,5.0,0.0,,0,3,13.076677
309692.0,3.0,0,15,2,4,41.0,2,1,5.0,0.0,,0,3,11.657987
309693.0,4.0,0,14,2,4,41.0,2,1,5.0,0.0,,0,3,10.778144
309695.0,3.0,0,17,1,4,41.0,2,1,6.0,0.0,,0,4,11.407131
309697.0,2.0,1,12,2,4,41.0,2,1,3.0,4.0,,0,4,10.2027025
309700.0,3.0,1,12,1,4,41.0,2,1,3.0,2.0,,0,3,10.87948
309701.0,6.0,0,13,2,4,41.0,2,1,5.0,1.0,,1,3,11.367564
309703.0,4.0,0,16,2,4,41.0,2,1,5.0,0.0,,0,4,10.965799
309704.0,4.0,0,16,2,4,41.0,2,1,6.0,1.0,,0,3,12.754688
309704.0,5.0,1,12,2,4,41.0,2,1,3.0,5.0,,0,3,12.754688
309707.0,3.0,0,16,1,4,41.0,2,1,5.0,1.0,,1,2,11.608562
309709.0,4.0,0,16,2,4,41.0,2,1,5.0,2.0,,0,2,11.056603
309713.0,3.0,1,17,2,4,42.0,2,0,,,,0,2,11.162673
309713.0,4.0,1,14,1,4,42.0,2,1,3.0,0.0,1.0,1,2,11.162673
309713.0,5.0,1,12,2,4,42.0,2,1,3.0,1.0,1.0,0,2,11.162673
309715.0,5.0,0,14,2,4,42.0,2,1,5.0,1.0,7.0,0,4,11.317653
309716.0,5.0,0,16,1,4,42.0,2,1,5.0,1.0,8.0,1,3,12.509084
309716.0,6.0,1,13,1,4,42.0,2,1,3.0,3.0,4.0,1,3,12.509084
309717.0,5.0,1,14,1,4,42.0,2,1,3.0,1.0,0.0,0,2,10.531456
309717.0,6.0,1,12,2,4,42.0,2,1,3.0,2.0,2.0,0,2,10.531456
309718.0,3.0,1,12,2,4,42.0,2,1,3.0,4.0,4.0,0,3,11.501875
309719.0,3.0,0,16,1,4,42.0,2,1,5.0,2.0,8.0,0,3,11.825441
309719.0,4.0,1,12,2,4,42.0,2,1,3.0,4.0,4.0,0,3,11.825441
309720.0,5.0,0,15,2,4,42.0,2,1,5.0,1.0,7.0,0,3,12.780566
309722.0,3.0,1,14,1,4,42.0,2,1,3.0,4.0,5.0,1,3,11.69796
309722.0,4.0,1,12,1,4,42.0,2,1,3.0,3.0,3.0,0,3,11.69796
309727.0,8.0,1,17,2,4,42.0,2,1,5.0,0.0,0.0,0,2,10.729328
309728.0,4.0,0,17,2,4,42.0,1,1,6.0,1.0,10.0,0,3,12.847495
309730.0,5.0,1,15,2,4,42.0,1,1,3.0,5.0,0.0,0,5,12.861521
309731.0,3.0,1,17,1,4,42.0,1,1,3.0,5.0,0.0,0,5,0.0
309733.0,4.0,0,16,2,4,42.0,1,1,5.0,1.0,7.0,0,5,14.1755295
309733.0,5.0,0,13,2,4,42.0,1,1,5.0,1.0,7.0,0,5,14.1755295
309733.0,6.0,1,16,1,4,42.0,1,1,3.0,0.0,0.0,0,5,14.1755295
309733.0,7.0,1,13,1,4,42.0,1,1,3.0,0.0,1.0,1,5,14.1755295
309742.0,4.0,1,17,1,4,42.0,2,1,3.0,2.0,0.0,0,4,10.522073
309746.0,3.0,0,17,2,4,42.0,2,1,5.0,0.0,6.0,0,1,11.622999
309746.0,4.0,1,15,1,4,42.0,2,1,3.0,5.0,5.0,0,1,11.622999
309749.0,2.0,1,15,2,4,42.0,2,1,3.0,4.0,0.0,0,3,0.0
309759.0,4.0,1,15,1,4,42.0,2,1,3.0,2.0,3.0,1,4,11.9449415
309761.0,3.0,1,14,1,4,42.0,2,1,5.0,0.0,6.0,0,2,11.723599
309762.0,4.0,1,17,1,4,42.0,2,1,3.0,6.0,0.0,0,2,11.437674
309762.0,5.0,1,14,2,4,42.0,2,1,3.0,5.0,5.0,0,2,11.437674
309766.0,2.0,0,13,1,4,42.0,2,1,5.0,0.0,6.0,0,5,10.320914
309769.0,3.0,1,13,1,4,42.0,2,1,3.0,3.0,3.0,0,2,10.453803
309771.0,3.0,0,17,2,4,42.0,2,1,5.0,2.0,8.0,0,4,11.655605
309773.0,3.0,1,17,1,4,42.0,2,1,3.0,2.0,0.0,0,3,10.55779
309773.0,4.0,1,13,1,4,42.0,2,1,3.0,3.0,3.0,0,3,10.55779
309774.0,4.0,1,17,2,4,42.0,2,1,3.0,5.0,0.0,0,3,0.0
309774.0,5.0,1,15,1,4,42.0,2,1,3.0,5.0,0.0,0,3,0.0
309781.0,2.0,0,15,1,4,42.0,2,1,5.0,0.0,6.0,0,3,10.35332
309784.0,5.0,0,17,1,4,42.0,2,1,6.0,0.0,9.0,0,1,11.487207
309785.0,4.0,0,17,1,4,42.0,2,1,5.0,1.0,7.0,0,3,11.8397875
309787.0,5.0,1,14,1,4,42.0,2,1,3.0,3.0,3.0,0,1,10.458119
309789.0,2.0,1,17,2,4,42.0,2,1,3.0,5.0,0.0,0,3,0.0
309792.0,5.0,1,12,2,4,42.0,2,1,3.0,3.0,4.0,1,2,12.046995
309792.0,6.0,1,12,2,4,42.0,2,1,3.0,3.0,4.0,1,2,12.046995
309796.0,4.0,1,17,2,4,42.0,2,1,3.0,4.0,0.0,0,2,11.563152
309801.0,3.0,1,12,2,4,42.0,2,1,3.0,5.0,6.0,1,5,11.761121
309803.0,3.0,1,12,1,4,42.0,2,1,3.0,4.0,4.0,0,2,11.568606
309804.0,2.0,1,17,2,4,42.0,2,1,3.0,2.0,2.0,0,2,10.213762
309805.0,4.0,1,16,2,4,42.0,2,1,3.0,4.0,5.0,1,5,12.193499
309807.0,3.0,0,14,2,4,42.0,2,1,5.0,0.0,6.0,0,1,11.706113
309815.0,3.0,1,14,1,4,42.0,2,1,3.0,3.0,3.0,0,1,11.604374
309818.0,3.0,1,14,2,4,42.0,2,1,3.0,4.0,4.0,0,1,11.073661
309819.0,3.0,1,14,2,4,42.0,2,1,3.0,4.0,4.0,0,1,11.507169
309821.0,5.0,0,16,1,4,42.0,2,1,5.0,1.0,7.0,0,3,11.024529
309821.0,6.0,1,14,2,4,42.0,2,1,3.0,6.0,12.0,0,3,11.024529
309822.0,4.0,1,17,2,4,42.0,2,1,3.0,6.0,0.0,0,4,10.727137
309822.0,5.0,1,12,2,4,42.0,2,1,3.0,4.0,4.0,0,4,10.727137
309823.0,3.0,1,14,2,4,42.0,2,1,3.0,3.0,4.0,1,4,11.679296
309823.0,4.0,1,12,2,4,42.0,2,1,3.0,3.0,4.0,1,4,11.679296
309825.0,4.0,1,14,2,4,42.0,2,1,3.0,5.0,6.0,0,1,10.676277
309825.0,5.0,1,12,2,4,42.0,2,0,,,,0,1,10.676277
309828.0,3.0,1,12,1,4,42.0,2,1,3.0,1.0,1.0,0,1,11.402564
309835.0,3.0,0,16,2,4,42.0,2,1,6.0,0.0,9.0,0,3,12.350437
309835.0,4.0,1,14,1,4,42.0,2,1,3.0,6.0,0.0,0,3,12.350437
309838.0,6.0,1,15,2,4,42.0,2,1,3.0,4.0,4.0,0,1,11.926266
309838.0,7.0,1,13,1,4,42.0,2,1,3.0,2.0,2.0,0,1,11.926266
309843.0,2.0,1,14,1,4,42.0,2,1,3.0,2.0,3.0,1,1,10.9358
309843.0,3.0,1,12,2,4,42.0,2,1,3.0,3.0,3.0,0,1,10.9358
309844.0,5.0,1,15,1,4,42.0,2,1,3.0,4.0,5.0,1,2,11.374249
309844.0,6.0,1,12,2,4,42.0,2,1,3.0,2.0,3.0,1,2,11.374249
309845.0,2.0,0,17,2,4,42.0,2,1,5.0,2.0,8.0,0,4,11.705701
309846.0,3.0,1,12,1,4,42.0,2,1,3.0,2.0,2.0,0,4,11.054866
309848.0,3.0,1,16,2,4,42.0,2,1,3.0,4.0,5.0,1,4,11.561249
309848.0,4.0,1,12,2,4,42.0,2,1,3.0,3.0,4.0,1,4,11.561249
309850.0,3.0,0,16,2,4,42.0,2,1,5.0,1.0,7.0,0,4,12.1558895
309850.0,4.0,1,13,1,4,42.0,2,1,3.0,3.0,3.0,0,4,12.1558895
309851.0,7.0,0,16,2,4,42.0,2,1,5.0,1.0,7.0,0,2,12.790886
309852.0,6.0,1,17,2,4,42.0,2,1,3.0,5.0,0.0,0,3,10.757392
309854.0,5.0,1,14,1,4,42.0,2,1,3.0,3.0,3.0,0,1,12.823475
309855.0,2.0,1,15,2,4,42.0,2,1,3.0,5.0,5.0,0,1,11.072107
309859.0,3.0,0,17,1,4,42.0,2,1,5.0,2.0,8.0,0,2,11.981747
309859.0,4.0,1,15,2,4,42.0,2,1,3.0,4.0,4.0,0,2,11.981747
309861.0,6.0,1,14,1,4,42.0,2,1,3.0,4.0,0.0,0,1,10.351885
309863.0,4.0,1,17,1,4,42.0,2,1,3.0,5.0,5.0,0,4,11.563152
309863.0,5.0,1,12,2,4,42.0,2,1,3.0,4.0,4.0,0,4,11.563152
309867.0,4.0,0,16,2,4,42.0,2,1,5.0,0.0,7.0,1,3,11.493243
309867.0,5.0,1,17,1,4,42.0,2,1,3.0,5.0,5.0,0,3,11.493243
309867.0,6.0,1,12,2,4,42.0,2,1,3.0,2.0,2.0,0,3,11.493243
309874.0,3.0,1,15,1,4,42.0,2,1,3.0,4.0,5.0,1,2,10.584714
309875.0,6.0,0,16,1,4,42.0,2,1,5.0,2.0,8.0,0,2,12.184395
309875.0,7.0,1,14,1,4,42.0,2,1,3.0,4.0,4.0,0,2,12.184395
309876.0,3.0,1,16,1,4,42.0,2,1,3.0,4.0,5.0,1,1,12.131354
309876.0,4.0,1,14,1,4,42.0,2,1,3.0,5.0,5.0,0,1,12.131354
309877.0,4.0,1,14,2,4,42.0,2,1,3.0,3.0,3.0,0,4,10.568132
309878.0,3.0,1,16,1,4,42.0,2,1,3.0,5.0,0.0,0,4,11.476116
309878.0,4.0,0,14,2,4,42.0,2,1,5.0,0.0,6.0,0,4,11.476116
309880.0,5.0,0,16,2,4,42.0,2,1,5.0,2.0,8.0,0,4,10.622814
309881.0,5.0,0,17,2,4,42.0,2,1,5.0,2.0,8.0,0,3,13.076635
309881.0,6.0,0,15,2,4,42.0,2,1,5.0,0.0,6.0,0,3,13.076635
309884.0,6.0,1,15,2,4,42.0,2,1,3.0,5.0,5.0,0,1,11.2378435
309885.0,3.0,1,17,1,4,42.0,2,1,3.0,5.0,0.0,0,3,10.644854
309885.0,4.0,1,13,1,4,42.0,2,1,3.0,2.0,2.0,0,3,10.644854
309887.0,3.0,0,16,1,4,42.0,2,1,5.0,0.0,6.0,0,4,12.466304
309887.0,4.0,0,14,1,4,42.0,2,1,5.0,0.0,6.0,0,4,12.466304
309887.0,5.0,1,12,1,4,42.0,2,1,3.0,4.0,4.0,0,4,12.466304
309888.0,4.0,1,12,1,4,42.0,2,1,3.0,1.0,2.0,1,2,10.815289
309889.0,5.0,1,17,1,4,42.0,2,1,3.0,5.0,0.0,0,1,10.666067
309890.0,3.0,1,13,1,4,42.0,2,1,3.0,1.0,2.0,0,3,0.0
309890.0,4.0,1,16,1,4,42.0,2,1,3.0,2.0,3.0,0,3,0.0
309892.0,3.0,1,17,1,4,42.0,2,1,3.0,6.0,6.0,0,2,11.168334
309892.0,4.0,1,14,1,4,42.0,2,1,3.0,4.0,5.0,1,2,11.168334
309895.0,3.0,0,15,1,4,42.0,2,1,5.0,0.0,6.0,0,3,10.631061
309897.0,2.0,0,13,2,4,42.0,2,1,5.0,0.0,6.0,0,1,11.216351
309902.0,5.0,1,13,2,4,42.0,2,1,3.0,4.0,4.0,0,1,10.6280365
309903.0,2.0,1,12,1,4,42.0,2,1,3.0,2.0,3.0,1,4,11.450529
309906.0,4.0,1,12,2,4,42.0,2,1,3.0,2.0,3.0,1,2,11.178165
309910.0,3.0,1,17,2,4,42.0,2,1,3.0,4.0,4.0,0,2,12.184216
309910.0,4.0,1,14,2,4,42.0,2,1,3.0,3.0,3.0,0,2,12.184216
309910.0,5.0,1,12,1,4,42.0,2,1,3.0,1.0,2.0,1,2,12.184216
309911.0,4.0,0,14,1,4,42.0,2,1,5.0,0.0,6.0,0,5,14.425277
309913.0,5.0,1,13,1,4,42.0,2,1,3.0,2.0,2.0,0,3,12.839141
309916.0,2.0,1,15,1,4,42.0,2,1,3.0,4.0,5.0,1,4,10.603511
309917.0,3.0,0,15,2,4,42.0,2,1,5.0,1.0,8.0,1,2,11.862427
309920.0,3.0,1,13,2,4,42.0,2,1,3.0,3.0,0.0,0,5,0.0
309925.0,3.0,1,14,1,4,42.0,2,1,3.0,5.0,5.0,0,3,11.451592
309926.0,3.0,1,12,2,4,42.0,2,1,3.0,5.0,5.0,0,2,11.532738
309927.0,5.0,0,16,2,4,42.0,2,1,6.0,0.0,9.0,0,3,12.071907
309933.0,5.0,0,16,1,4,42.0,2,1,5.0,0.0,0.0,0,2,13.266284
309933.0,6.0,1,15,2,4,42.0,2,1,3.0,5.0,5.0,0,2,13.266284
309933.0,7.0,1,12,1,4,42.0,2,1,3.0,3.0,3.0,0,2,13.266284
309934.0,2.0,1,17,1,4,42.0,2,1,3.0,6.0,0.0,0,3,8.517393
309937.0,3.0,1,14,2,4,42.0,2,1,3.0,2.0,3.0,1,4,11.921061
309937.0,4.0,1,12,1,4,42.0,2,1,3.0,0.0,1.0,1,4,11.921061
309937.0,5.0,1,12,1,4,42.0,2,1,3.0,0.0,1.0,1,4,11.921061
309941.0,4.0,0,15,2,4,42.0,2,1,5.0,1.0,7.0,0,5,11.657554
309942.0,4.0,1,17,2,4,42.0,2,1,3.0,5.0,6.0,0,4,9.105091
309943.0,3.0,1,14,1,4,42.0,2,1,3.0,5.0,5.0,0,3,11.465844
309945.0,4.0,0,16,1,4,42.0,2,1,5.0,2.0,8.0,0,2,13.22973
309945.0,5.0,0,13,1,4,42.0,2,1,5.0,0.0,6.0,0,2,13.22973
309946.0,3.0,1,13,2,4,42.0,2,1,3.0,4.0,5.0,1,1,11.258046
309948.0,4.0,0,17,1,4,42.0,2,1,5.0,1.0,7.0,0,3,12.337851
309948.0,5.0,1,13,2,4,42.0,2,1,3.0,4.0,5.0,1,3,12.337851
309951.0,2.0,1,13,2,4,42.0,2,1,3.0,4.0,4.0,0,2,10.603511
309953.0,4.0,0,17,2,4,42.0,2,1,5.0,1.0,8.0,1,5,12.263851
309953.0,5.0,0,14,1,4,42.0,2,1,5.0,0.0,7.0,1,5,12.263851
309954.0,3.0,1,13,1,4,42.0,2,1,3.0,5.0,5.0,0,4,10.76798
309959.0,3.0,0,15,1,4,42.0,2,1,5.0,0.0,6.0,0,1,11.219373
309964.0,4.0,1,12,2,4,42.0,2,1,3.0,3.0,3.0,0,4,10.363315
309965.0,2.0,1,17,1,4,42.0,2,1,3.0,5.0,0.0,0,4,11.154836
309965.0,3.0,1,14,2,4,42.0,2,1,3.0,4.0,4.0,0,4,11.154836
309966.0,3.0,1,14,2,4,42.0,2,1,3.0,4.0,4.0,0,3,11.7768345
309966.0,4.0,1,12,1,4,42.0,2,1,3.0,4.0,4.0,0,3,11.7768345
309967.0,3.0,1,13,1,4,42.0,2,1,3.0,3.0,3.0,0,2,11.4682
309969.0,3.0,1,13,1,4,42.0,2,1,3.0,2.0,2.0,0,4,11.165507
309972.0,2.0,1,15,1,4,42.0,2,1,3.0,4.0,4.0,0,2,11.219238
309973.0,3.0,1,13,2,4,42.0,2,1,3.0,4.0,4.0,0,3,11.61842
309974.0,3.0,1,16,2,4,42.0,2,1,3.0,1.0,0.0,0,4,11.126174
309974.0,4.0,1,13,2,4,42.0,2,1,3.0,3.0,3.0,0,4,11.126174
309974.0,5.0,1,12,1,4,42.0,2,1,3.0,4.0,4.0,0,4,11.126174
309976.0,4.0,1,17,1,4,42.0,2,1,3.0,5.0,0.0,0,4,11.142601
309976.0,5.0,1,13,1,4,42.0,2,1,3.0,4.0,4.0,0,4,11.142601
309978.0,4.0,0,16,2,4,42.0,2,1,5.0,2.0,8.0,0,2,12.33614
309978.0,5.0,0,14,1,4,42.0,2,1,5.0,0.0,6.0,0,2,12.33614
309992.0,3.0,1,13,1,4,42.0,2,1,3.0,3.0,4.0,1,3,11.289169
309997.0,2.0,1,12,2,4,42.0,2,1,3.0,3.0,3.0,0,4,11.3015995
309997.0,3.0,1,12,2,4,42.0,2,1,3.0,4.0,4.0,0,4,11.3015995
310000.0,4.0,0,16,1,4,42.0,1,1,5.0,2.0,8.0,0,3,11.508526
310001.0,4.0,1,12,1,4,42.0,1,1,3.0,4.0,4.0,0,5,13.858284
310002.0,3.0,1,14,1,4,42.0,1,1,3.0,5.0,6.0,1,4,11.529301
310007.0,4.0,1,14,1,4,42.0,2,1,3.0,2.0,2.0,0,2,10.542073
310008.0,4.0,1,17,2,4,42.0,2,1,3.0,4.0,5.0,1,2,11.767575
310009.0,4.0,1,13,1,4,42.0,2,0,,,,0,4,12.263331
310009.0,8.0,1,15,2,4,42.0,2,1,3.0,5.0,5.0,0,4,12.263331
310012.0,4.0,0,17,2,4,42.0,2,1,6.0,1.0,10.0,0,5,13.91561
310012.0,5.0,0,15,2,4,42.0,2,1,6.0,0.0,9.0,0,5,13.91561
310016.0,4.0,1,14,1,4,42.0,2,1,3.0,3.0,4.0,1,5,11.634709
310016.0,5.0,1,12,1,4,42.0,2,1,3.0,1.0,2.0,1,5,11.634709
310020.0,4.0,0,17,1,4,42.0,2,1,5.0,0.0,6.0,0,2,12.564432
310020.0,5.0,1,13,1,4,42.0,2,1,3.0,5.0,5.0,0,2,12.564432
310022.0,4.0,1,14,2,4,42.0,2,1,3.0,4.0,5.0,1,2,12.210567
310023.0,4.0,1,16,1,4,42.0,2,1,3.0,4.0,0.0,0,1,11.39359
310023.0,5.0,1,12,2,4,42.0,2,1,3.0,1.0,1.0,0,1,11.39359
310025.0,3.0,1,13,2,4,42.0,2,1,3.0,5.0,5.0,0,2,11.626486
310027.0,3.0,1,17,1,4,42.0,2,1,3.0,4.0,0.0,0,3,11.528563
310027.0,4.0,0,15,2,4,42.0,2,1,5.0,0.0,6.0,0,3,11.528563
310027.0,5.0,1,12,2,4,42.0,2,1,3.0,4.0,5.0,1,3,11.528563
310030.0,2.0,0,17,2,4,42.0,2,1,5.0,2.0,8.0,0,3,11.120786
310032.0,3.0,0,14,2,4,42.0,2,1,5.0,0.0,6.0,0,3,11.401558
310033.0,3.0,1,14,2,4,42.0,2,1,3.0,4.0,4.0,0,1,10.064798
310045.0,2.0,1,17,2,4,42.0,2,1,3.0,6.0,0.0,0,5,11.225924
310045.0,3.0,1,12,2,4,42.0,2,1,3.0,5.0,5.0,0,5,11.225924
310050.0,2.0,1,17,2,4,42.0,2,1,3.0,2.0,0.0,0,1,11.06274
310050.0,3.0,1,12,2,4,42.0,2,1,3.0,3.0,4.0,1,1,11.06274
310054.0,5.0,1,12,2,4,42.0,2,1,3.0,3.0,3.0,0,5,10.583448
310055.0,3.0,0,15,2,4,42.0,2,1,5.0,0.0,6.0,0,3,11.7683115
310055.0,4.0,0,13,2,4,42.0,2,1,5.0,0.0,6.0,0,3,11.7683115
310058.0,3.0,1,14,1,4,42.0,2,1,3.0,4.0,4.0,0,1,11.412563
310062.0,5.0,1,17,2,4,42.0,2,1,3.0,2.0,3.0,1,2,10.118639
310062.0,6.0,1,15,1,4,42.0,2,1,3.0,2.0,3.0,1,2,10.118639
310065.0,4.0,1,17,2,4,42.0,2,1,3.0,5.0,0.0,0,2,0.0
310068.0,4.0,1,16,2,4,42.0,2,1,3.0,3.0,0.0,0,2,11.702106
310068.0,5.0,1,13,1,4,42.0,2,1,3.0,2.0,3.0,1,2,11.702106
310071.0,3.0,1,14,1,4,42.0,2,1,3.0,3.0,3.0,0,3,11.096667
310074.0,4.0,1,17,2,4,42.0,2,1,5.0,1.0,0.0,0,5,10.50865
310074.0,5.0,1,15,1,4,42.0,2,1,3.0,6.0,6.0,0,5,10.50865
310077.0,2.0,1,14,1,4,42.0,2,1,3.0,2.0,3.0,1,1,10.277668
310080.0,4.0,1,14,2,4,42.0,2,1,3.0,5.0,5.0,0,4,11.934599
310080.0,5.0,1,13,2,4,42.0,2,1,3.0,3.0,4.0,1,4,11.934599
310082.0,3.0,1,14,2,4,42.0,2,1,3.0,4.0,4.0,1,3,11.850119
310082.0,4.0,1,13,1,4,42.0,2,1,3.0,2.0,2.0,1,3,11.850119
310084.0,2.0,1,17,1,4,42.0,2,1,3.0,6.0,0.0,0,3,0.0
310086.0,7.0,1,17,2,4,42.0,2,1,3.0,6.0,0.0,0,1,10.245338
310086.0,8.0,1,14,2,4,42.0,2,1,3.0,5.0,5.0,1,1,10.245338
310090.0,3.0,1,17,1,4,42.0,2,1,5.0,0.0,0.0,0,2,10.822794
310091.0,2.0,0,16,2,4,42.0,2,1,5.0,1.0,7.0,0,3,11.65993
310092.0,3.0,1,12,1,4,42.0,2,1,3.0,3.0,3.0,0,4,10.744537
310094.0,2.0,0,16,2,4,42.0,2,1,5.0,1.0,8.0,1,3,10.800819
310096.0,5.0,0,15,2,4,42.0,2,1,5.0,0.0,6.0,0,1,11.69638
310097.0,3.0,0,15,2,4,42.0,2,1,5.0,0.0,6.0,0,5,11.32492
310098.0,4.0,1,16,1,4,42.0,2,1,3.0,4.0,5.0,1,4,10.626824
310100.0,5.0,1,17,2,4,42.0,2,1,3.0,6.0,0.0,0,3,10.656694
310100.0,6.0,1,16,1,4,42.0,2,1,3.0,4.0,4.0,0,3,10.656694
310101.0,4.0,0,17,1,4,42.0,2,1,5.0,1.0,7.0,0,5,10.634917
310104.0,4.0,1,17,2,4,42.0,2,1,3.0,5.0,0.0,0,3,11.249623
310106.0,8.0,1,12,2,4,42.0,2,1,3.0,3.0,3.0,0,4,12.574099
310112.0,4.0,0,17,1,4,42.0,2,1,5.0,2.0,8.0,0,3,11.925936
310115.0,5.0,1,14,2,4,42.0,2,1,3.0,4.0,5.0,1,3,12.077023
310117.0,3.0,0,17,1,4,42.0,2,1,5.0,2.0,8.0,0,3,12.012312
310118.0,4.0,0,15,1,4,42.0,2,1,5.0,0.0,6.0,0,3,12.362632
310118.0,5.0,1,12,1,4,42.0,2,1,3.0,3.0,3.0,0,3,12.362632
310120.0,3.0,1,13,1,4,42.0,2,1,3.0,3.0,3.0,0,4,11.337989
310121.0,4.0,1,13,1,4,42.0,2,1,3.0,2.0,2.0,0,3,10.528784
310123.0,7.0,1,13,2,4,42.0,2,1,3.0,4.0,4.0,0,4,13.740378
310125.0,3.0,1,12,1,4,42.0,2,1,3.0,1.0,1.0,0,3,10.235521
310127.0,4.0,0,17,2,4,42.0,2,1,5.0,2.0,8.0,0,5,10.919823
310128.0,3.0,0,16,1,4,42.0,2,1,5.0,1.0,7.0,0,3,12.9664955
310128.0,4.0,1,13,1,4,42.0,2,1,3.0,4.0,4.0,0,3,12.9664955
310130.0,4.0,1,13,1,4,42.0,2,1,3.0,2.0,2.0,0,1,11.110222
310135.0,4.0,1,16,1,4,42.0,2,1,3.0,4.0,0.0,0,2,11.146935
310135.0,5.0,1,12,1,4,42.0,2,1,3.0,2.0,2.0,0,2,11.146935
310137.0,3.0,1,14,1,4,42.0,2,1,3.0,4.0,4.0,0,4,11.520408
310137.0,4.0,1,12,1,4,42.0,2,1,3.0,4.0,4.0,0,4,11.520408
310138.0,3.0,1,17,2,4,42.0,2,1,3.0,5.0,0.0,0,3,11.535186
310138.0,4.0,1,13,2,4,42.0,2,1,3.0,4.0,5.0,1,3,11.535186
310141.0,2.0,1,12,2,4,42.0,2,1,3.0,2.0,2.0,0,3,10.304811
310143.0,4.0,1,16,2,4,42.0,2,1,3.0,6.0,,0,1,11.262552
310144.0,4.0,1,15,2,4,42.0,2,1,3.0,4.0,,0,1,11.013304
310145.0,3.0,1,13,2,4,42.0,2,1,5.0,0.0,,0,2,11.536163
310146.0,3.0,1,16,1,4,42.0,2,1,3.0,4.0,,0,3,11.339179
310148.0,2.0,1,16,2,4,42.0,2,1,3.0,3.0,,0,3,10.651975
310148.0,3.0,1,12,1,4,42.0,2,1,3.0,3.0,,0,3,10.651975
310151.0,4.0,1,12,2,4,42.0,2,1,3.0,4.0,,1,5,12.624128
310152.0,5.0,1,16,1,4,42.0,2,1,3.0,6.0,,0,1,12.001573
310153.0,3.0,0,15,1,4,42.0,2,1,5.0,0.0,,0,3,11.755174
310156.0,3.0,0,15,1,4,42.0,2,1,5.0,1.0,,0,2,11.949961
310156.0,4.0,1,13,2,4,42.0,2,1,3.0,5.0,,0,2,11.949961
310157.0,3.0,0,13,2,4,42.0,2,1,5.0,1.0,,0,4,13.927746
310157.0,4.0,1,17,2,4,42.0,2,1,3.0,5.0,,0,4,13.927746
310157.0,5.0,1,13,2,4,42.0,2,1,3.0,2.0,,0,4,13.927746
310159.0,6.0,1,16,1,4,42.0,2,1,3.0,5.0,,0,3,12.861144
310159.0,7.0,0,14,2,4,42.0,2,1,5.0,1.0,,0,3,12.861144
310160.0,3.0,0,14,1,4,42.0,2,1,5.0,1.0,,0,3,11.811072
310163.0,3.0,1,13,2,4,42.0,2,1,3.0,2.0,,0,3,11.231238
310168.0,3.0,1,17,1,4,42.0,2,1,3.0,6.0,,0,1,10.684554
310168.0,4.0,1,12,2,4,42.0,2,1,3.0,5.0,,0,1,10.684554
310170.0,3.0,1,15,2,4,42.0,2,1,3.0,6.0,,0,2,11.098183
310175.0,2.0,1,12,2,4,42.0,2,1,3.0,2.0,,0,3,10.479426
310176.0,3.0,1,13,1,4,42.0,2,1,3.0,3.0,,1,1,11.056446
310177.0,4.0,1,14,1,4,42.0,2,0,,,,0,1,0.0
310179.0,3.0,0,15,1,4,42.0,2,1,5.0,2.0,,0,3,12.012858
310180.0,4.0,0,15,1,4,42.0,2,1,5.0,1.0,,0,4,12.518677
310183.0,3.0,0,15,2,4,42.0,2,1,5.0,1.0,,0,3,11.521499
310189.0,4.0,0,16,1,4,42.0,2,1,6.0,1.0,,0,3,13.416518
310190.0,3.0,0,17,1,4,42.0,2,1,5.0,2.0,,0,4,11.767072
310190.0,4.0,1,13,2,4,42.0,2,0,,,,0,4,11.767072
310191.0,4.0,0,17,1,4,42.0,2,1,5.0,1.0,,1,4,12.067075
310196.0,3.0,1,14,2,4,43.0,1,1,3.0,4.0,4.0,0,2,11.607563
310196.0,4.0,1,13,2,4,43.0,1,1,3.0,3.0,3.0,0,2,11.607563
310197.0,3.0,1,14,1,4,43.0,1,1,3.0,4.0,5.0,1,2,11.498329
310198.0,3.0,1,15,2,4,43.0,1,1,3.0,4.0,5.0,1,2,12.1167
310198.0,4.0,1,15,2,4,43.0,1,1,3.0,4.0,5.0,1,2,12.1167
310198.0,5.0,1,13,2,4,43.0,1,1,3.0,4.0,4.0,0,2,12.1167
310202.0,2.0,0,17,2,4,43.0,1,1,6.0,1.0,10.0,0,2,12.377801
310202.0,3.0,0,13,1,4,43.0,1,1,5.0,0.0,6.0,0,2,12.377801
310205.0,5.0,0,14,1,4,43.0,2,1,5.0,1.0,7.0,0,4,11.770362
310212.0,5.0,0,16,2,4,43.0,2,1,5.0,2.0,9.0,1,4,13.386005
310212.0,6.0,0,15,2,4,43.0,2,1,5.0,1.0,7.0,0,4,13.386005
310212.0,7.0,1,13,1,4,43.0,2,1,3.0,3.0,3.0,0,4,13.386005
310213.0,4.0,0,17,1,4,43.0,2,1,6.0,0.0,9.0,0,3,13.436599
310213.0,5.0,0,15,2,4,43.0,2,1,5.0,1.0,7.0,0,3,13.436599
310218.0,3.0,0,16,2,4,43.0,1,1,5.0,1.0,7.0,0,4,13.53675
310218.0,4.0,0,14,1,4,43.0,1,1,6.0,0.0,9.0,0,4,13.53675
310223.0,5.0,0,15,2,4,43.0,1,1,5.0,0.0,6.0,0,3,11.441816
310223.0,6.0,1,17,1,4,43.0,1,1,3.0,4.0,5.0,1,3,11.441816
310226.0,6.0,0,14,2,4,43.0,1,1,5.0,1.0,7.0,0,4,13.213777
310229.0,4.0,1,12,1,4,43.0,1,1,3.0,2.0,2.0,0,2,11.00295
310231.0,3.0,1,15,2,4,43.0,1,1,3.0,5.0,0.0,0,1,11.1462145
310231.0,4.0,1,12,1,4,43.0,1,1,3.0,3.0,3.0,0,1,11.1462145
310232.0,3.0,0,16,2,4,43.0,2,1,5.0,2.0,8.0,0,1,12.338245
310232.0,4.0,1,15,1,4,43.0,2,1,3.0,5.0,6.0,1,1,12.338245
310232.0,5.0,1,14,1,4,43.0,2,1,3.0,3.0,3.0,0,1,12.338245
310233.0,3.0,1,12,1,4,43.0,2,1,3.0,4.0,4.0,0,1,11.261267
310234.0,5.0,1,13,1,4,43.0,2,1,3.0,4.0,4.0,0,1,11.0409355
310236.0,3.0,1,12,1,4,43.0,2,1,3.0,4.0,4.0,0,1,11.06274
310238.0,4.0,1,16,2,4,43.0,2,1,3.0,6.0,0.0,0,1,8.665786
310240.0,3.0,1,15,1,4,43.0,2,1,3.0,4.0,5.0,1,3,11.730662
310242.0,4.0,1,15,2,4,43.0,2,1,3.0,1.0,0.0,0,1,0.0
310242.0,5.0,1,12,1,4,43.0,2,1,3.0,1.0,0.0,0,1,0.0
310243.0,3.0,1,17,2,4,43.0,2,1,5.0,1.0,0.0,0,1,11.522142
310243.0,4.0,1,15,2,4,43.0,2,1,3.0,5.0,5.0,0,1,11.522142
310246.0,3.0,0,15,2,4,43.0,2,1,5.0,2.0,8.0,0,4,12.154232
310246.0,4.0,0,13,2,4,43.0,2,1,5.0,0.0,6.0,0,4,12.154232
310247.0,3.0,1,12,1,4,43.0,2,1,3.0,5.0,5.0,0,5,13.075693
310249.0,6.0,0,17,1,4,43.0,2,1,5.0,0.0,6.0,0,1,11.990097
310249.0,7.0,1,12,2,4,43.0,2,1,3.0,2.0,2.0,0,1,11.990097
310252.0,7.0,0,17,2,4,43.0,1,1,5.0,2.0,8.0,0,5,14.710259
310253.0,4.0,0,17,2,4,43.0,1,1,5.0,2.0,8.0,0,1,11.862427
310254.0,2.0,0,15,2,4,43.0,1,1,5.0,2.0,8.0,0,2,12.116208
310256.0,3.0,0,14,2,4,43.0,1,1,5.0,2.0,8.0,0,3,12.466651
310257.0,2.0,1,12,1,4,43.0,1,1,3.0,3.0,3.0,0,2,11.258691
310260.0,6.0,1,16,1,4,43.0,1,1,3.0,3.0,4.0,1,5,14.05167
310261.0,4.0,0,15,1,4,43.0,1,1,5.0,0.0,6.0,0,5,11.848404
310261.0,5.0,1,16,1,4,43.0,1,0,,,,0,5,11.848404
310262.0,3.0,1,14,1,4,43.0,1,1,3.0,5.0,5.0,0,2,11.248322
310264.0,3.0,1,17,2,4,43.0,1,1,3.0,3.0,0.0,0,4,0.0
310267.0,3.0,1,15,2,4,43.0,1,1,3.0,5.0,5.0,0,5,13.843972
310267.0,7.0,1,13,2,4,43.0,1,1,3.0,4.0,4.0,0,5,13.843972
310270.0,3.0,0,15,2,4,43.0,2,1,5.0,2.0,8.0,0,1,11.601037
310271.0,2.0,1,15,1,4,43.0,2,1,3.0,3.0,0.0,0,2,0.0
310274.0,4.0,1,15,1,4,43.0,2,1,3.0,4.0,0.0,0,3,10.547339
310274.0,5.0,1,12,1,4,43.0,2,1,3.0,2.0,2.0,0,3,10.547339
310277.0,5.0,0,14,1,4,43.0,2,1,5.0,1.0,7.0,0,3,11.294284
310279.0,4.0,1,16,1,4,43.0,2,1,3.0,6.0,0.0,0,3,12.283085
310282.0,4.0,0,17,2,4,43.0,2,1,5.0,2.0,9.0,0,2,11.049079
310282.0,5.0,1,12,1,4,43.0,2,1,3.0,5.0,6.0,1,2,11.049079
310285.0,3.0,1,14,2,4,43.0,2,1,3.0,5.0,5.0,0,2,12.17071
310285.0,4.0,1,12,1,4,43.0,2,1,3.0,4.0,4.0,0,2,12.17071
310291.0,3.0,1,13,1,4,43.0,2,1,3.0,5.0,6.0,1,5,11.60779
310292.0,4.0,1,16,1,4,43.0,2,1,3.0,6.0,6.0,0,5,13.084321
310292.0,5.0,1,12,2,4,43.0,2,1,3.0,5.0,5.0,0,5,13.084321
310293.0,3.0,1,12,1,4,43.0,2,1,3.0,3.0,4.0,1,3,10.940685
310294.0,4.0,1,13,2,4,43.0,2,1,3.0,4.0,5.0,1,4,11.730864
310295.0,3.0,1,14,2,4,43.0,1,1,3.0,4.0,4.0,0,4,10.544709
310296.0,3.0,0,13,2,4,43.0,1,1,5.0,0.0,6.0,0,3,12.1671295
310301.0,3.0,0,17,2,4,43.0,1,1,6.0,1.0,10.0,0,4,13.872855
310301.0,4.0,0,15,1,4,43.0,1,1,6.0,0.0,9.0,0,4,13.872855
310304.0,2.0,1,16,1,4,43.0,2,1,5.0,0.0,0.0,0,3,0.0
310307.0,3.0,1,12,2,4,43.0,2,1,3.0,5.0,5.0,0,4,11.337989
310308.0,2.0,1,12,1,4,43.0,2,1,3.0,3.0,3.0,0,3,11.160542
310310.0,4.0,1,15,1,4,43.0,2,1,3.0,4.0,0.0,0,2,8.987322
310313.0,5.0,0,12,1,4,43.0,1,1,5.0,0.0,6.0,0,3,13.159815
310314.0,3.0,1,12,2,4,43.0,1,1,3.0,5.0,5.0,0,3,11.438751
310316.0,5.0,1,16,1,4,43.0,1,1,3.0,5.0,0.0,0,4,10.735875
310316.0,6.0,1,14,2,4,43.0,1,1,3.0,4.0,5.0,1,4,10.735875
310321.0,3.0,1,16,2,4,43.0,1,1,3.0,4.0,4.0,0,3,11.686256
310323.0,3.0,0,16,2,4,43.0,2,1,5.0,1.0,7.0,0,1,11.702189
310324.0,3.0,0,13,1,4,43.0,2,1,5.0,0.0,6.0,0,4,12.237261
310326.0,5.0,1,15,2,4,43.0,2,1,3.0,3.0,0.0,0,1,0.0
310326.0,6.0,1,13,2,4,43.0,2,1,3.0,2.0,3.0,0,1,0.0
310328.0,4.0,1,16,2,4,43.0,2,1,3.0,6.0,0.0,0,2,11.15555
310328.0,5.0,1,14,2,4,43.0,2,1,3.0,3.0,0.0,0,2,11.15555
310331.0,5.0,1,16,1,4,43.0,2,1,3.0,3.0,0.0,0,3,10.813277
310333.0,3.0,1,13,2,4,43.0,2,1,3.0,3.0,3.0,0,4,11.686256
310333.0,4.0,1,13,2,4,43.0,2,1,3.0,3.0,3.0,0,4,11.686256
310337.0,5.0,0,17,1,4,43.0,2,1,5.0,2.0,8.0,0,3,13.328786
310338.0,6.0,1,16,2,4,43.0,2,1,3.0,4.0,0.0,0,2,10.544709
310338.0,7.0,1,13,2,4,43.0,2,1,3.0,5.0,5.0,0,2,10.544709
310339.0,2.0,1,14,1,4,43.0,2,1,3.0,3.0,3.0,0,4,11.333213
310343.0,5.0,0,15,2,4,43.0,1,1,5.0,0.0,6.0,0,5,13.720415
310344.0,2.0,1,13,2,4,43.0,1,1,3.0,5.0,5.0,0,3,11.155908
310346.0,2.0,0,13,1,4,43.0,1,1,5.0,0.0,6.0,0,3,11.110372
310348.0,3.0,1,14,1,4,43.0,1,1,3.0,5.0,5.0,0,4,11.429011
310350.0,4.0,0,17,2,4,43.0,1,1,5.0,1.0,7.0,0,2,12.25258
310350.0,5.0,0,13,1,4,43.0,1,1,5.0,0.0,6.0,0,2,12.25258
310359.0,5.0,1,15,2,4,43.0,2,1,3.0,5.0,5.0,0,2,12.072604
310360.0,2.0,1,14,2,4,43.0,2,1,3.0,3.0,3.0,0,5,11.279113
310360.0,3.0,1,12,2,4,43.0,2,1,3.0,2.0,2.0,0,5,11.279113
310361.0,4.0,1,15,1,4,43.0,2,1,3.0,2.0,3.0,1,2,11.132411
310363.0,5.0,0,15,1,4,43.0,2,1,5.0,0.0,6.0,0,3,13.058211
310363.0,6.0,1,13,2,4,43.0,2,1,3.0,4.0,4.0,0,3,13.058211
310364.0,4.0,1,16,2,4,43.0,2,0,,,,0,3,0.0
310368.0,3.0,1,14,1,4,43.0,1,1,3.0,5.0,6.0,1,4,11.434434
310369.0,3.0,0,17,1,4,43.0,1,1,6.0,1.0,10.0,0,4,13.097478
310369.0,4.0,0,15,1,4,43.0,1,1,5.0,0.0,7.0,1,4,13.097478
310370.0,5.0,1,17,2,4,43.0,1,1,3.0,5.0,0.0,0,1,9.220389
310370.0,6.0,1,15,1,4,43.0,1,1,3.0,3.0,0.0,0,1,9.220389
310372.0,3.0,0,16,1,4,43.0,1,1,5.0,2.0,8.0,0,3,12.961751
310372.0,4.0,1,12,1,4,43.0,1,1,3.0,4.0,5.0,1,3,12.961751
310376.0,7.0,1,16,2,4,43.0,1,1,3.0,5.0,0.0,0,4,12.698101
310378.0,6.0,0,16,1,4,43.0,1,1,6.0,0.0,9.0,0,4,14.40647
310379.0,3.0,1,12,2,4,43.0,1,1,3.0,3.0,3.0,0,2,11.223255
310381.0,3.0,1,12,1,4,43.0,1,1,3.0,3.0,3.0,0,1,0.0
310382.0,2.0,1,15,1,4,43.0,1,1,3.0,6.0,0.0,0,3,0.0
310392.0,4.0,1,16,1,4,43.0,2,1,3.0,3.0,0.0,0,1,0.0
310394.0,4.0,0,16,2,4,43.0,1,1,5.0,2.0,8.0,0,4,13.869451
310396.0,7.0,0,17,1,4,43.0,1,1,5.0,2.0,8.0,0,5,13.672472
310396.0,8.0,0,16,1,4,43.0,1,1,5.0,0.0,6.0,0,5,13.672472
310399.0,6.0,1,15,2,4,43.0,1,1,3.0,5.0,0.0,0,5,11.487362
310400.0,3.0,0,15,2,4,43.0,1,1,5.0,2.0,8.0,0,2,13.304604
310400.0,4.0,0,13,1,4,43.0,1,1,5.0,0.0,6.0,0,2,13.304604
310401.0,3.0,1,12,1,4,43.0,1,1,3.0,5.0,5.0,0,2,11.461116
310402.0,4.0,0,15,1,4,43.0,1,1,5.0,2.0,8.0,0,4,13.624956
310404.0,4.0,0,17,1,4,43.0,2,1,5.0,2.0,8.0,0,3,12.672777
310405.0,3.0,0,15,2,4,43.0,2,1,5.0,1.0,7.0,0,2,12.131812
310405.0,4.0,1,12,2,4,43.0,2,1,3.0,3.0,4.0,1,2,12.131812
310406.0,5.0,1,14,2,4,43.0,2,1,3.0,5.0,5.0,0,5,11.727642
310407.0,2.0,1,12,2,4,43.0,2,1,3.0,4.0,4.0,0,3,10.361734
310408.0,6.0,0,16,2,4,43.0,2,1,5.0,2.0,8.0,0,4,11.061327
310409.0,3.0,0,17,1,4,43.0,2,1,5.0,2.0,8.0,0,2,12.209796
310409.0,4.0,0,13,2,4,43.0,2,1,5.0,0.0,6.0,0,2,12.209796
310413.0,2.0,1,17,1,4,43.0,1,1,3.0,2.0,0.0,0,1,11.03893
310415.0,2.0,0,15,1,4,43.0,1,1,5.0,2.0,8.0,0,5,12.056621
310421.0,4.0,1,17,1,4,43.0,2,1,3.0,4.0,5.0,1,2,12.22035
310421.0,5.0,1,15,2,4,43.0,2,1,3.0,3.0,3.0,0,2,12.22035
310421.0,6.0,1,12,2,4,43.0,2,1,3.0,1.0,2.0,1,2,12.22035
310425.0,4.0,1,15,2,4,43.0,2,1,3.0,3.0,4.0,1,2,11.258691
310425.0,5.0,1,13,1,4,43.0,2,1,3.0,1.0,1.0,0,2,11.258691
310427.0,4.0,1,16,1,4,43.0,2,1,3.0,4.0,0.0,0,1,8.556606
310428.0,3.0,1,15,1,4,43.0,2,1,3.0,1.0,0.0,0,1,10.730422
310428.0,4.0,1,13,2,4,43.0,2,1,3.0,1.0,1.0,0,1,10.730422
310431.0,4.0,0,16,2,4,43.0,1,1,6.0,0.0,9.0,0,3,12.236583
310433.0,3.0,0,16,1,4,43.0,1,1,5.0,2.0,8.0,0,5,12.649703
310433.0,4.0,1,12,2,4,43.0,1,1,3.0,5.0,5.0,0,5,12.649703
310436.0,3.0,1,13,1,4,43.0,1,1,3.0,4.0,5.0,1,4,11.790943
310439.0,3.0,0,17,2,4,43.0,2,1,6.0,1.0,10.0,0,1,12.164787
310439.0,4.0,1,15,1,4,43.0,2,1,3.0,3.0,4.0,1,1,12.164787
310439.0,5.0,1,12,2,4,43.0,2,1,3.0,5.0,5.0,0,1,12.164787
310440.0,3.0,1,13,2,4,43.0,2,1,3.0,4.0,4.0,0,2,11.826831
310445.0,5.0,1,17,1,4,43.0,2,1,3.0,0.0,0.0,0,1,10.809243
310448.0,6.0,1,16,1,4,43.0,2,1,3.0,4.0,4.0,0,2,10.498912
310451.0,3.0,1,16,2,4,43.0,2,1,3.0,4.0,5.0,1,1,10.997941
310451.0,4.0,1,12,2,4,43.0,2,1,3.0,2.0,3.0,1,1,10.997941
310453.0,3.0,1,14,1,4,43.0,2,1,3.0,3.0,3.0,0,3,10.520725
310455.0,4.0,1,16,2,4,43.0,2,1,3.0,3.0,3.0,0,2,11.168334
310457.0,5.0,0,17,1,4,43.0,1,1,6.0,0.0,9.0,0,5,14.831871
310457.0,6.0,0,14,1,4,43.0,1,1,5.0,2.0,8.0,0,5,14.831871
310460.0,4.0,0,16,2,4,43.0,1,1,6.0,0.0,9.0,0,5,13.387955
310463.0,3.0,0,15,1,4,43.0,1,1,5.0,1.0,7.0,0,5,12.496355
310464.0,3.0,0,14,2,4,43.0,1,1,5.0,0.0,6.0,0,3,12.042147
310465.0,8.0,1,14,2,4,43.0,1,1,3.0,6.0,0.0,0,3,11.205734
310466.0,4.0,1,15,2,4,43.0,2,1,3.0,2.0,2.0,0,2,11.489155
310466.0,5.0,1,15,1,4,43.0,2,1,3.0,4.0,5.0,1,2,11.489155
310467.0,3.0,0,16,2,4,43.0,2,1,5.0,2.0,8.0,0,3,11.536993
310468.0,3.0,0,13,1,4,43.0,2,1,5.0,1.0,7.0,0,2,11.758112
310470.0,2.0,1,16,2,4,43.0,2,1,3.0,3.0,0.0,0,3,10.277668
310474.0,4.0,1,16,1,4,43.0,2,1,3.0,2.0,0.0,0,4,10.51124
310475.0,3.0,1,13,2,4,43.0,1,1,3.0,4.0,4.0,0,4,12.05001
310476.0,3.0,0,15,1,4,43.0,1,1,5.0,2.0,8.0,0,5,15.189535
310477.0,3.0,0,15,2,4,43.0,1,1,5.0,2.0,8.0,0,4,11.730944
310486.0,4.0,0,16,2,4,43.0,2,1,5.0,2.0,8.0,0,2,12.770452
310486.0,5.0,1,13,1,4,43.0,2,1,3.0,4.0,5.0,1,2,12.770452
310488.0,3.0,1,12,2,4,43.0,2,1,3.0,5.0,5.0,0,4,11.555515
310489.0,3.0,1,15,1,4,43.0,2,1,3.0,3.0,3.0,1,3,10.862857
310490.0,6.0,1,17,1,4,43.0,2,1,3.0,3.0,0.0,0,1,11.087298
310490.0,7.0,1,15,1,4,43.0,2,1,3.0,6.0,6.0,0,1,11.087298
310493.0,5.0,1,16,1,4,43.0,1,1,3.0,3.0,3.0,0,4,12.80994
310493.0,6.0,1,14,2,4,43.0,1,1,3.0,3.0,3.0,0,4,12.80994
310494.0,3.0,1,17,2,4,43.0,1,1,3.0,5.0,5.0,0,1,11.878443
310494.0,4.0,1,14,2,4,43.0,1,1,3.0,4.0,4.0,0,1,11.878443
310494.0,5.0,1,12,2,4,43.0,1,1,3.0,3.0,3.0,0,1,11.878443
310495.0,6.0,1,14,1,4,43.0,1,1,3.0,4.0,5.0,1,1,12.19633
310495.0,7.0,1,12,1,4,43.0,1,1,3.0,3.0,3.0,0,1,12.19633
310496.0,3.0,0,13,2,4,43.0,1,1,5.0,1.0,6.0,0,3,11.633912
310497.0,3.0,0,15,2,4,43.0,1,1,5.0,2.0,8.0,0,5,13.094912
310500.0,6.0,0,15,1,4,43.0,1,1,5.0,0.0,6.0,0,4,14.238836
310502.0,3.0,1,13,2,4,43.0,2,1,3.0,5.0,5.0,0,4,11.533718
310503.0,4.0,1,17,1,4,43.0,2,1,3.0,3.0,0.0,0,2,10.682261
310503.0,5.0,1,14,1,4,43.0,2,1,3.0,4.0,4.0,0,2,10.682261
310504.0,3.0,0,15,2,4,43.0,2,1,5.0,0.0,6.0,0,4,12.074459
310507.0,2.0,1,14,2,4,43.0,2,1,3.0,4.0,0.0,0,5,9.472781
310508.0,3.0,1,14,1,4,43.0,2,1,3.0,4.0,4.0,0,4,11.113582
310510.0,3.0,1,16,2,4,43.0,2,1,3.0,5.0,0.0,0,4,0.0
310512.0,3.0,0,15,2,4,43.0,1,1,5.0,1.0,7.0,0,1,11.521251
310512.0,4.0,1,12,2,4,43.0,1,1,3.0,4.0,4.0,0,1,11.521251
310515.0,2.0,1,14,1,4,43.0,1,1,3.0,1.0,0.0,0,3,0.0
310517.0,5.0,0,13,1,4,43.0,1,1,5.0,0.0,6.0,0,1,11.626977
310522.0,5.0,1,12,2,4,43.0,1,1,3.0,3.0,3.0,0,1,12.254249
310526.0,7.0,1,16,2,4,43.0,1,1,3.0,3.0,3.0,0,5,13.898266
310527.0,3.0,1,14,2,4,43.0,1,1,3.0,5.0,5.0,0,1,12.04884
310527.0,4.0,1,13,2,4,43.0,1,1,3.0,5.0,5.0,0,1,12.04884
310528.0,4.0,1,17,1,4,43.0,1,1,3.0,5.0,5.0,0,4,12.401171
310532.0,3.0,1,17,1,4,43.0,1,1,3.0,2.0,0.0,0,3,11.635373
310532.0,4.0,1,16,1,4,43.0,1,1,3.0,1.0,1.0,0,3,11.635373
310532.0,5.0,1,14,2,4,43.0,1,1,3.0,3.0,3.0,0,3,11.635373
310533.0,4.0,1,16,2,4,43.0,1,1,3.0,5.0,5.0,0,2,11.60483
310533.0,5.0,1,13,1,4,43.0,1,1,3.0,3.0,4.0,1,2,11.60483
310544.0,4.0,1,14,2,4,43.0,2,1,3.0,6.0,6.0,0,3,11.209805
310545.0,4.0,1,15,2,4,43.0,2,1,3.0,6.0,0.0,0,3,11.3015995
310545.0,5.0,1,12,2,4,43.0,2,1,3.0,4.0,4.0,0,3,11.3015995
310546.0,3.0,0,17,2,4,43.0,2,1,5.0,2.0,8.0,0,3,11.946725
310546.0,4.0,1,17,1,4,43.0,2,1,3.0,6.0,0.0,0,3,11.946725
310546.0,5.0,1,15,2,4,43.0,2,1,3.0,5.0,5.0,0,3,11.946725
310546.0,6.0,1,12,1,4,43.0,2,1,3.0,3.0,4.0,1,3,11.946725
310547.0,3.0,0,17,2,4,43.0,2,1,5.0,2.0,8.0,0,5,11.708172
310550.0,2.0,0,16,1,4,43.0,2,1,5.0,2.0,8.0,0,3,11.486694
310550.0,3.0,1,12,2,4,43.0,2,1,3.0,1.0,1.0,0,3,11.486694
310552.0,4.0,1,14,1,4,43.0,2,1,3.0,4.0,4.0,0,4,11.9187975
310552.0,5.0,1,12,1,4,43.0,2,1,3.0,4.0,4.0,0,4,11.9187975
310554.0,3.0,1,15,1,4,43.0,2,1,3.0,4.0,4.0,0,4,11.89564
310554.0,6.0,1,14,1,4,43.0,2,1,3.0,2.0,2.0,0,4,11.89564
310555.0,4.0,1,16,2,4,43.0,2,1,3.0,4.0,4.0,0,4,11.184088
310557.0,4.0,0,17,2,4,43.0,2,1,5.0,0.0,6.0,0,3,12.003411
310557.0,5.0,1,15,2,4,43.0,2,1,3.0,5.0,5.0,0,3,12.003411
310557.0,6.0,1,12,2,4,43.0,2,1,3.0,4.0,4.0,0,3,12.003411
310559.0,3.0,1,14,1,4,43.0,2,1,3.0,4.0,4.0,0,3,11.8333845
310563.0,2.0,1,13,1,4,43.0,2,1,3.0,4.0,4.0,0,5,11.52239
310564.0,4.0,1,17,1,4,43.0,2,1,3.0,3.0,0.0,0,1,10.536778
310564.0,5.0,1,12,1,4,43.0,2,1,3.0,2.0,2.0,0,1,10.536778
310565.0,3.0,1,16,2,4,43.0,1,1,3.0,5.0,0.0,0,1,11.100073
310565.0,4.0,1,15,1,4,43.0,1,1,3.0,4.0,4.0,0,1,11.100073
310566.0,3.0,1,13,1,4,43.0,1,1,3.0,3.0,3.0,0,2,11.805602
310566.0,4.0,1,13,1,4,43.0,1,1,3.0,3.0,3.0,0,2,11.805602
310572.0,2.0,1,12,2,4,43.0,1,1,3.0,0.0,1.0,1,2,11.532002
310575.0,5.0,1,16,1,4,43.0,2,1,3.0,2.0,0.0,0,3,13.219538
310579.0,3.0,0,14,1,4,43.0,2,1,5.0,0.0,6.0,0,2,11.31125
310580.0,3.0,0,14,1,4,43.0,2,1,5.0,1.0,7.0,0,4,11.910264
310580.0,4.0,1,12,1,4,43.0,2,1,3.0,3.0,3.0,0,4,11.910264
310581.0,3.0,1,15,2,4,43.0,2,1,3.0,5.0,6.0,1,3,10.666067
310584.0,3.0,0,15,2,4,43.0,1,1,5.0,2.0,8.0,0,5,14.138377
310584.0,4.0,0,14,1,4,43.0,1,1,5.0,1.0,7.0,0,5,14.138377
310584.0,5.0,0,14,2,4,43.0,1,1,5.0,0.0,6.0,0,5,14.138377
310589.0,8.0,0,16,1,4,43.0,1,1,5.0,2.0,8.0,0,4,14.032927
310593.0,4.0,1,15,2,4,43.0,1,1,5.0,1.0,8.0,0,5,0.0
310595.0,6.0,1,17,2,4,43.0,1,1,5.0,1.0,0.0,0,5,13.04488
310600.0,6.0,0,16,2,4,43.0,1,1,6.0,0.0,9.0,0,5,15.388463
310602.0,3.0,1,13,1,4,43.0,1,1,3.0,3.0,3.0,0,2,11.282896
310606.0,2.0,1,17,2,4,43.0,1,1,5.0,2.0,0.0,0,4,0.0
310607.0,2.0,1,14,1,4,43.0,1,1,3.0,4.0,4.0,0,4,11.358036
310607.0,3.0,1,12,1,4,43.0,1,1,3.0,2.0,2.0,0,4,11.358036
310608.0,6.0,0,17,2,4,43.0,1,1,5.0,1.0,7.0,0,1,12.899647
310611.0,3.0,1,13,2,4,43.0,2,1,3.0,4.0,4.0,0,3,11.517177
310612.0,2.0,1,17,1,4,43.0,2,1,3.0,4.0,5.0,0,4,11.010415
310612.0,3.0,1,14,2,4,43.0,2,1,3.0,2.0,2.0,0,4,11.010415
310616.0,5.0,0,16,1,4,43.0,2,1,5.0,1.0,7.0,0,4,12.370298
310617.0,2.0,1,13,1,4,43.0,2,1,3.0,3.0,3.0,1,2,11.472374
310618.0,3.0,1,13,1,4,43.0,2,1,3.0,5.0,5.0,0,3,11.392463
310621.0,5.0,1,16,1,4,43.0,2,1,3.0,4.0,4.0,0,2,11.382942
310625.0,4.0,0,15,2,4,43.0,2,1,5.0,2.0,8.0,0,1,12.054296
310628.0,5.0,1,17,2,4,43.0,2,1,5.0,1.0,,0,2,11.893661
310628.0,6.0,1,12,1,4,43.0,2,1,3.0,4.0,,0,2,11.893661
310631.0,3.0,1,13,2,4,43.0,2,1,3.0,4.0,,0,3,10.573264
310633.0,4.0,1,15,1,4,43.0,2,1,5.0,0.0,,0,5,11.587578
310638.0,2.0,0,14,2,4,43.0,2,1,5.0,1.0,,0,1,11.542106
310640.0,3.0,1,14,1,4,43.0,2,1,5.0,0.0,,0,2,12.395125
310642.0,2.0,1,16,1,4,43.0,2,1,3.0,3.0,,1,3,10.731515
310645.0,3.0,1,13,2,4,43.0,2,1,3.0,4.0,,0,3,11.520408
310646.0,3.0,1,17,2,4,43.0,1,1,3.0,6.0,,0,2,11.559914
310646.0,4.0,0,15,1,4,43.0,1,1,5.0,2.0,,0,2,11.559914
310647.0,3.0,0,17,2,4,43.0,1,1,5.0,2.0,,0,5,12.378769
310647.0,7.0,1,17,2,4,43.0,1,1,3.0,6.0,,0,5,12.378769
310649.0,3.0,1,12,1,4,43.0,1,1,3.0,6.0,,0,5,13.7865715
310655.0,3.0,0,14,2,4,43.0,2,1,5.0,0.0,,0,4,13.132216
310655.0,4.0,1,12,2,4,43.0,2,1,3.0,4.0,,0,4,13.132216
310656.0,3.0,1,13,1,4,43.0,2,1,3.0,1.0,,1,3,11.117673
310659.0,3.0,1,13,1,4,43.0,2,1,3.0,3.0,,0,3,11.615717
310661.0,4.0,0,17,1,4,43.0,2,1,5.0,1.0,,0,1,10.806916
310663.0,5.0,1,14,2,4,43.0,2,1,3.0,4.0,,0,1,11.512435
310670.0,2.0,0,15,1,4,43.0,1,1,5.0,2.0,,0,5,11.588598
310671.0,4.0,0,14,1,4,43.0,1,1,5.0,1.0,,0,4,12.938671
310672.0,6.0,0,17,1,4,43.0,1,1,6.0,0.0,,0,4,13.887571
310673.0,4.0,0,16,1,4,43.0,1,1,6.0,1.0,,0,4,13.341854
310675.0,4.0,0,17,1,4,43.0,1,1,6.0,2.0,,0,4,13.822185
310675.0,5.0,0,13,1,4,43.0,1,1,5.0,2.0,,0,4,13.822185
310676.0,5.0,1,13,1,4,43.0,1,1,3.0,4.0,,0,5,13.775704
310677.0,5.0,0,16,2,4,43.0,1,1,5.0,1.0,,0,2,11.072263
310679.0,4.0,0,16,2,4,43.0,1,1,5.0,2.0,,1,4,12.233668
310684.0,4.0,0,16,1,4,44.0,2,1,5.0,2.0,8.0,0,1,11.106174
310684.0,5.0,0,13,1,4,44.0,2,1,5.0,0.0,6.0,0,1,11.106174
310686.0,2.0,1,12,2,4,44.0,2,1,3.0,4.0,4.0,0,4,10.910094
310689.0,5.0,0,14,2,4,44.0,2,1,5.0,0.0,6.0,0,3,11.226056
310690.0,3.0,0,13,1,4,44.0,2,1,5.0,2.0,8.0,0,5,12.525657
310692.0,3.0,1,12,2,4,44.0,2,1,3.0,2.0,3.0,1,3,11.625593
310694.0,4.0,0,15,2,4,44.0,2,1,6.0,0.0,9.0,0,4,13.121035
310695.0,3.0,0,16,1,4,44.0,2,1,5.0,0.0,6.0,0,4,11.385501
310695.0,4.0,1,13,1,4,44.0,2,1,3.0,5.0,5.0,0,4,11.385501
310696.0,3.0,1,15,1,4,44.0,2,1,3.0,5.0,5.0,0,2,11.70706
310696.0,4.0,1,12,2,4,44.0,2,1,3.0,2.0,2.0,0,2,11.70706
310698.0,3.0,1,12,1,4,44.0,2,1,3.0,4.0,4.0,0,5,11.620667
310699.0,4.0,0,15,1,4,44.0,2,1,5.0,0.0,6.0,0,3,12.941455
310699.0,5.0,1,12,2,4,44.0,2,1,3.0,4.0,4.0,0,3,12.941455
310700.0,3.0,1,14,2,4,44.0,2,1,3.0,4.0,5.0,1,2,11.507421
310700.0,4.0,1,12,1,4,44.0,2,1,3.0,3.0,4.0,1,2,11.507421
310702.0,3.0,1,13,1,4,44.0,2,1,3.0,5.0,5.0,0,3,11.459007
310707.0,3.0,1,13,2,4,44.0,2,1,3.0,5.0,5.0,0,5,11.2574005
310709.0,3.0,1,13,2,4,44.0,2,1,3.0,3.0,3.0,0,4,11.307143
310717.0,4.0,1,16,2,4,44.0,2,1,3.0,5.0,5.0,0,4,11.81174
310719.0,5.0,1,14,2,4,44.0,1,1,3.0,5.0,5.0,0,5,14.151805
310721.0,3.0,1,15,2,4,44.0,1,1,3.0,5.0,5.0,0,1,11.1541195
310721.0,4.0,1,13,2,4,44.0,1,1,3.0,3.0,3.0,0,1,11.1541195
310722.0,3.0,1,17,1,4,44.0,1,1,3.0,2.0,0.0,0,2,11.162673
310722.0,4.0,1,16,2,4,44.0,1,1,3.0,3.0,4.0,1,2,11.162673
310725.0,2.0,0,16,2,4,44.0,1,1,6.0,0.0,9.0,0,4,12.587111
310725.0,3.0,0,14,2,4,44.0,1,1,5.0,0.0,6.0,0,4,12.587111
310726.0,3.0,1,12,2,4,44.0,1,1,3.0,5.0,5.0,0,4,11.960978
310730.0,3.0,1,12,2,4,44.0,2,1,3.0,3.0,4.0,1,3,11.969882
310736.0,3.0,1,15,2,4,44.0,2,1,3.0,4.0,4.0,0,3,11.25352
310736.0,4.0,1,13,2,4,44.0,2,1,3.0,3.0,4.0,1,3,11.25352
310738.0,6.0,1,16,1,4,44.0,2,1,3.0,3.0,4.0,0,2,12.117711
310740.0,3.0,1,13,1,4,44.0,2,1,3.0,3.0,3.0,0,1,11.258046
310740.0,4.0,1,13,1,4,44.0,2,1,3.0,1.0,2.0,1,1,11.258046
310748.0,3.0,1,12,1,4,44.0,2,1,3.0,3.0,3.0,0,2,11.092108
310750.0,3.0,1,12,1,4,44.0,2,1,3.0,4.0,4.0,0,1,11.427923
310752.0,4.0,0,16,1,4,44.0,2,1,5.0,2.0,8.0,0,4,13.283267
310752.0,5.0,1,14,2,4,44.0,2,1,3.0,4.0,4.0,0,4,13.283267
310753.0,3.0,0,17,2,4,44.0,2,1,5.0,2.0,8.0,0,3,12.65817
310753.0,4.0,0,15,2,4,44.0,2,1,5.0,1.0,7.0,0,3,12.65817
310753.0,5.0,1,13,1,4,44.0,2,1,3.0,4.0,4.0,0,3,12.65817
310754.0,4.0,0,17,2,4,44.0,2,1,6.0,1.0,10.0,0,4,13.295806
310754.0,5.0,1,12,1,4,44.0,2,1,3.0,4.0,4.0,0,4,13.295806
310758.0,3.0,0,15,2,4,44.0,2,1,5.0,2.0,8.0,0,4,12.367706
310759.0,2.0,1,13,2,4,44.0,2,1,3.0,2.0,3.0,1,4,11.56101
310763.0,5.0,1,16,2,4,44.0,2,1,3.0,5.0,5.0,0,2,11.863766
310763.0,6.0,1,13,1,4,44.0,2,1,3.0,4.0,5.0,1,2,11.863766
310770.0,4.0,1,16,1,4,44.0,2,1,3.0,4.0,4.0,0,1,11.667371
310770.0,5.0,1,13,2,4,44.0,2,1,3.0,4.0,4.0,0,1,11.667371
310771.0,3.0,1,14,1,4,44.0,2,1,3.0,5.0,5.0,0,1,11.782197
310771.0,4.0,1,12,1,4,44.0,2,1,3.0,3.0,3.0,0,1,11.782197
310775.0,4.0,1,14,2,4,44.0,2,1,3.0,5.0,5.0,0,2,11.614363
310775.0,5.0,1,12,1,4,44.0,2,1,3.0,4.0,4.0,0,2,11.614363
310777.0,5.0,0,15,2,4,44.0,2,1,5.0,2.0,8.0,0,3,12.293149
310779.0,6.0,0,15,1,4,44.0,2,1,5.0,2.0,8.0,0,3,12.915821
310779.0,7.0,1,13,1,4,44.0,2,1,3.0,2.0,2.0,0,3,12.915821
310780.0,3.0,1,17,2,4,44.0,2,1,5.0,0.0,0.0,0,5,0.0
310780.0,4.0,1,16,2,4,44.0,2,1,3.0,4.0,0.0,0,5,0.0
310781.0,3.0,0,13,2,4,44.0,1,1,5.0,0.0,6.0,0,1,11.823427
310782.0,3.0,0,15,1,4,44.0,1,1,5.0,1.0,7.0,0,5,14.252863
310783.0,5.0,1,14,2,4,44.0,1,1,3.0,3.0,3.0,0,3,11.261267
310784.0,5.0,0,17,1,4,44.0,1,1,5.0,2.0,8.0,0,4,12.33796
310788.0,5.0,1,13,2,4,44.0,1,1,3.0,4.0,0.0,0,5,13.32449
310791.0,3.0,1,16,1,4,44.0,2,1,3.0,5.0,0.0,0,3,0.0
310794.0,2.0,1,13,1,4,44.0,2,1,3.0,0.0,1.0,1,3,10.476612
310796.0,3.0,1,15,1,4,44.0,2,1,3.0,4.0,4.0,0,2,11.697128
310797.0,4.0,1,15,2,4,44.0,2,1,3.0,6.0,0.0,0,4,10.794993
310804.0,3.0,1,12,1,4,44.0,2,1,3.0,4.0,4.0,0,5,11.493243
310809.0,5.0,1,15,1,4,44.0,2,1,3.0,4.0,4.0,0,2,12.504216
310817.0,6.0,0,17,1,4,44.0,2,1,5.0,1.0,7.0,0,5,12.60688
310817.0,7.0,0,15,2,4,44.0,2,1,5.0,1.0,7.0,0,5,12.60688
310818.0,3.0,0,13,2,4,44.0,2,1,5.0,1.0,7.0,0,3,12.008298
310820.0,4.0,0,16,2,4,44.0,2,1,6.0,0.0,9.0,0,5,13.38879
310820.0,5.0,0,14,2,4,44.0,2,1,5.0,0.0,7.0,1,5,13.38879
310820.0,6.0,1,12,1,4,44.0,2,1,3.0,3.0,3.0,0,5,13.38879
310822.0,5.0,0,16,1,4,44.0,2,1,5.0,0.0,6.0,0,5,14.510155
310822.0,6.0,1,12,2,4,44.0,2,1,3.0,3.0,4.0,1,5,14.510155
310825.0,3.0,1,14,1,4,44.0,2,1,3.0,3.0,3.0,0,4,11.5514345
310825.0,4.0,1,12,1,4,44.0,2,1,3.0,2.0,2.0,0,4,11.5514345
310826.0,6.0,0,15,2,4,44.0,1,1,5.0,2.0,8.0,0,1,11.583952
310833.0,4.0,1,15,2,4,44.0,1,1,3.0,4.0,4.0,0,1,10.716105
310836.0,4.0,1,17,2,4,44.0,2,1,3.0,4.0,5.0,1,2,11.133873
310837.0,4.0,1,17,2,4,44.0,2,1,3.0,4.0,4.0,0,1,11.29042
310837.0,5.0,1,13,1,4,44.0,2,1,3.0,1.0,1.0,0,1,11.29042
310838.0,2.0,1,16,2,4,44.0,2,1,3.0,4.0,0.0,0,4,10.526105
310838.0,3.0,1,12,1,4,44.0,2,1,3.0,1.0,2.0,1,4,10.526105
310839.0,5.0,0,17,1,4,44.0,2,1,5.0,2.0,8.0,0,2,12.727856
310839.0,6.0,1,13,2,4,44.0,2,1,3.0,4.0,5.0,1,2,12.727856
310840.0,3.0,1,16,2,4,44.0,2,1,3.0,5.0,5.0,0,2,10.409582
310842.0,3.0,1,15,1,4,44.0,2,1,3.0,5.0,5.0,0,5,13.292867
310843.0,4.0,0,17,2,4,44.0,2,1,5.0,2.0,8.0,0,2,11.739152
310850.0,3.0,1,16,2,4,44.0,2,1,3.0,3.0,4.0,1,3,12.158462
310850.0,4.0,1,14,2,4,44.0,2,1,3.0,1.0,2.0,1,3,12.158462
310851.0,3.0,1,16,1,4,44.0,2,1,3.0,4.0,4.0,0,2,11.943415
310851.0,4.0,1,13,2,4,44.0,2,1,3.0,3.0,3.0,0,2,11.943415
310852.0,2.0,1,12,2,4,44.0,2,1,3.0,3.0,3.0,0,4,10.314802
310853.0,4.0,0,16,1,4,44.0,2,1,5.0,2.0,8.0,0,3,12.664544
310853.0,5.0,0,13,1,4,44.0,2,1,5.0,0.0,6.0,0,3,12.664544
310854.0,2.0,1,15,2,4,44.0,2,1,3.0,3.0,3.0,0,2,10.967353
310855.0,6.0,0,17,1,4,44.0,2,1,5.0,2.0,8.0,0,4,13.106794
310855.0,7.0,0,15,2,4,44.0,2,1,5.0,0.0,6.0,0,4,13.106794
310855.0,8.0,1,13,1,4,44.0,2,1,3.0,5.0,5.0,0,4,13.106794
310857.0,4.0,1,16,2,4,44.0,2,1,3.0,4.0,5.0,1,4,12.165829
310857.0,5.0,1,13,1,4,44.0,2,1,3.0,5.0,5.0,0,4,12.165829
310859.0,4.0,0,16,2,4,44.0,2,1,5.0,1.0,7.0,0,2,11.891951
310859.0,5.0,1,13,2,4,44.0,2,1,3.0,4.0,5.0,1,2,11.891951
310861.0,3.0,1,14,2,4,44.0,2,1,3.0,5.0,5.0,0,3,11.612101
310870.0,6.0,0,16,2,4,44.0,2,1,5.0,2.0,8.0,0,1,12.434387
310870.0,7.0,0,14,2,4,44.0,2,1,5.0,0.0,6.0,0,1,12.434387
310875.0,6.0,1,13,2,4,44.0,2,1,3.0,5.0,5.0,0,2,12.447237
310878.0,3.0,1,15,1,4,44.0,2,1,3.0,3.0,3.0,0,3,11.736277
310878.0,4.0,1,13,2,4,44.0,2,1,3.0,2.0,2.0,0,3,11.736277
310879.0,3.0,0,17,2,4,44.0,2,1,6.0,0.0,9.0,0,3,13.085805
310879.0,4.0,1,14,2,4,44.0,2,1,3.0,5.0,5.0,0,3,13.085805
310880.0,2.0,1,14,1,4,44.0,2,1,3.0,5.0,5.0,0,3,11.331415
310881.0,3.0,1,12,2,4,44.0,2,1,3.0,1.0,2.0,1,1,11.616618
310881.0,4.0,1,12,2,4,44.0,2,1,3.0,2.0,2.0,0,1,11.616618
310885.0,3.0,1,14,1,4,44.0,2,1,3.0,5.0,5.0,0,2,11.407021
310886.0,3.0,1,13,2,4,44.0,2,1,3.0,3.0,3.0,0,3,11.1648
310889.0,3.0,1,17,1,4,44.0,2,1,3.0,4.0,0.0,0,3,11.548544
310889.0,4.0,1,15,2,4,44.0,2,1,3.0,4.0,5.0,1,3,11.548544
310889.0,5.0,1,12,2,4,44.0,2,1,3.0,5.0,5.0,0,3,11.548544
310891.0,4.0,1,14,1,4,44.0,2,1,3.0,4.0,5.0,1,2,12.093945
310892.0,4.0,0,17,2,4,44.0,2,1,5.0,1.0,7.0,0,1,12.306691
310892.0,5.0,1,12,1,4,44.0,2,1,3.0,2.0,3.0,1,1,12.306691
310895.0,7.0,0,15,2,4,44.0,2,1,5.0,0.0,7.0,1,3,12.382464
310896.0,4.0,1,15,1,4,44.0,2,1,3.0,3.0,0.0,0,1,11.092108
310896.0,5.0,1,12,2,4,44.0,2,1,3.0,3.0,3.0,0,1,11.092108
310897.0,3.0,1,12,1,4,44.0,2,1,3.0,2.0,3.0,1,3,10.518024
310898.0,3.0,1,12,2,4,44.0,2,1,3.0,2.0,2.0,0,1,10.649607
310901.0,2.0,1,16,2,4,44.0,2,1,3.0,5.0,5.0,0,3,11.836826
310901.0,3.0,1,13,2,4,44.0,2,1,3.0,3.0,3.0,0,3,11.836826
310903.0,2.0,0,16,2,4,44.0,2,1,5.0,0.0,6.0,0,3,11.638112
310903.0,3.0,1,13,2,4,44.0,2,1,3.0,3.0,3.0,0,3,11.638112
310906.0,3.0,1,13,2,4,44.0,2,1,3.0,5.0,5.0,0,2,11.96353
310910.0,5.0,0,17,1,4,44.0,2,1,6.0,0.0,9.0,0,4,13.961074
310910.0,6.0,1,12,1,4,44.0,2,1,3.0,5.0,5.0,0,4,13.961074
310910.0,7.0,0,12,2,4,44.0,2,1,5.0,0.0,6.0,0,4,13.961074
310910.0,10.0,1,17,1,4,44.0,2,1,5.0,1.0,0.0,0,4,13.961074
310917.0,5.0,1,16,2,4,44.0,2,1,3.0,4.0,0.0,0,3,11.14708
310920.0,4.0,1,13,1,4,44.0,2,1,3.0,3.0,4.0,1,2,11.304067
310923.0,6.0,0,16,1,4,44.0,2,1,5.0,1.0,7.0,0,3,13.088633
310923.0,7.0,0,14,2,4,44.0,2,1,5.0,0.0,6.0,0,3,13.088633
310927.0,6.0,1,15,1,4,44.0,2,1,3.0,5.0,6.0,1,3,13.049031
310928.0,5.0,1,12,1,4,44.0,2,1,3.0,3.0,3.0,0,1,10.689123
310929.0,3.0,1,12,1,4,44.0,2,1,3.0,2.0,2.0,0,3,11.006274
310933.0,3.0,1,12,2,4,44.0,2,1,3.0,3.0,3.0,0,3,11.300364
310934.0,7.0,0,17,1,4,44.0,2,1,5.0,0.0,6.0,0,2,12.548584
310934.0,8.0,1,15,1,4,44.0,2,1,3.0,4.0,4.0,0,2,12.548584
310937.0,4.0,1,15,1,4,44.0,2,1,3.0,4.0,5.0,1,2,11.333213
310937.0,5.0,1,13,2,4,44.0,2,1,3.0,4.0,4.0,0,2,11.333213
310938.0,4.0,1,17,1,4,44.0,2,1,3.0,4.0,5.0,1,1,10.819298
310939.0,2.0,1,17,2,4,44.0,2,1,3.0,5.0,0.0,0,3,0.0
310940.0,3.0,0,16,2,4,44.0,2,1,5.0,2.0,8.0,0,4,13.683932
310940.0,4.0,0,12,2,4,44.0,2,1,5.0,0.0,6.0,0,4,13.683932
310941.0,5.0,1,16,1,4,44.0,2,1,3.0,4.0,5.0,1,3,13.253455
310941.0,6.0,1,13,2,4,44.0,2,1,2.0,0.0,,0,3,13.253455
310942.0,2.0,1,15,2,4,44.0,2,1,3.0,4.0,4.0,0,5,11.8734
310942.0,3.0,1,13,2,4,44.0,2,1,3.0,3.0,4.0,1,5,11.8734
310949.0,2.0,1,15,2,4,44.0,2,1,3.0,5.0,5.0,0,2,11.556474
310949.0,3.0,1,12,1,4,44.0,2,1,3.0,4.0,4.0,0,2,11.556474
310953.0,3.0,1,13,2,4,44.0,1,1,3.0,5.0,5.0,0,3,11.424651
310954.0,2.0,1,14,1,4,44.0,1,1,3.0,3.0,3.0,0,2,10.59353
310956.0,3.0,1,12,2,4,44.0,1,1,3.0,2.0,2.0,0,1,11.31996
310957.0,6.0,1,13,1,4,44.0,1,1,3.0,3.0,3.0,0,4,12.935976
310961.0,4.0,0,17,1,4,44.0,2,1,5.0,2.0,8.0,0,3,12.963065
310961.0,5.0,1,15,1,4,44.0,2,1,3.0,4.0,4.0,0,3,12.963065
310964.0,5.0,0,17,1,4,44.0,2,1,5.0,1.0,7.0,0,1,12.029908
310967.0,2.0,1,13,2,4,44.0,2,1,3.0,0.0,0.0,0,1,0.0
310967.0,5.0,1,15,1,4,44.0,2,1,3.0,2.0,0.0,0,1,0.0
310967.0,6.0,1,12,2,4,44.0,2,0,,,,0,1,0.0
310969.0,5.0,0,15,2,4,44.0,2,1,5.0,0.0,6.0,0,4,13.087919
310969.0,6.0,1,12,2,4,44.0,2,1,3.0,5.0,5.0,0,4,13.087919
310970.0,4.0,1,15,2,4,44.0,2,1,3.0,4.0,5.0,1,4,13.78105
310973.0,4.0,1,13,1,4,44.0,2,1,3.0,2.0,2.0,0,3,12.421087
310974.0,2.0,1,15,2,4,44.0,2,1,3.0,1.0,0.0,0,1,0.0
310975.0,3.0,1,15,1,4,44.0,2,1,3.0,3.0,3.0,0,3,11.492223
310975.0,4.0,1,12,2,4,44.0,2,1,3.0,2.0,2.0,0,3,11.492223
310976.0,3.0,1,14,1,4,44.0,2,1,3.0,5.0,5.0,0,2,11.962255
310976.0,4.0,1,12,1,4,44.0,2,1,3.0,2.0,2.0,0,2,11.962255
310977.0,3.0,1,16,2,4,44.0,2,1,3.0,5.0,0.0,0,2,10.524763
310978.0,3.0,1,15,2,4,44.0,2,1,3.0,1.0,2.0,1,2,11.313877
310978.0,4.0,1,13,1,4,44.0,2,1,3.0,2.0,2.0,0,2,11.313877
310980.0,3.0,1,17,2,4,44.0,2,1,3.0,6.0,0.0,0,4,10.221977
310980.0,4.0,1,15,2,4,44.0,2,1,5.0,0.0,0.0,0,4,10.221977
310984.0,3.0,1,14,1,4,44.0,2,1,3.0,4.0,4.0,0,4,11.805042
310985.0,3.0,1,12,1,4,44.0,2,1,3.0,5.0,5.0,0,5,11.996284
310986.0,3.0,1,12,1,4,44.0,2,1,3.0,3.0,4.0,1,1,11.090584
310987.0,3.0,0,17,2,4,44.0,2,1,5.0,2.0,8.0,0,3,13.067476
310987.0,4.0,1,14,2,4,44.0,2,1,3.0,5.0,5.0,0,3,13.067476
310988.0,3.0,1,15,2,4,44.0,2,1,3.0,5.0,5.0,0,4,12.357983
310993.0,4.0,1,17,2,4,44.0,2,1,3.0,3.0,3.0,0,4,11.966139
310998.0,2.0,1,14,1,4,44.0,2,1,3.0,5.0,5.0,0,4,11.289169
310999.0,3.0,1,12,1,4,44.0,2,1,3.0,2.0,2.0,0,3,11.4180765
311001.0,5.0,1,16,2,4,44.0,2,1,3.0,5.0,5.0,0,3,13.591618
311001.0,6.0,1,15,1,4,44.0,2,1,3.0,5.0,5.0,0,3,13.591618
311001.0,7.0,1,13,1,4,44.0,2,1,3.0,3.0,3.0,0,3,13.591618
311003.0,6.0,1,15,2,4,44.0,2,1,3.0,2.0,3.0,1,4,11.50339
311004.0,3.0,1,15,1,4,44.0,2,1,3.0,4.0,0.0,0,4,11.395841
311004.0,4.0,1,12,2,4,44.0,2,1,3.0,3.0,3.0,0,4,11.395841
311009.0,3.0,1,13,1,4,44.0,1,1,3.0,5.0,5.0,0,4,12.463815
311011.0,5.0,0,17,2,4,44.0,1,1,6.0,0.0,9.0,0,1,11.874864
311014.0,4.0,0,16,2,4,44.0,1,1,5.0,1.0,7.0,0,3,11.67586
311016.0,4.0,1,17,1,4,44.0,2,1,3.0,2.0,0.0,0,1,11.458744
311016.0,5.0,1,13,1,4,44.0,2,1,3.0,3.0,3.0,0,1,11.458744
311017.0,4.0,0,17,1,4,44.0,2,1,5.0,1.0,7.0,0,3,11.843925
311017.0,5.0,1,13,1,4,44.0,2,1,3.0,2.0,3.0,1,3,11.843925
311019.0,4.0,1,15,1,4,44.0,2,1,3.0,3.0,3.0,0,1,11.656384
311021.0,3.0,1,16,1,4,44.0,2,1,3.0,4.0,4.0,0,1,11.377689
311021.0,4.0,1,13,1,4,44.0,2,1,3.0,3.0,3.0,0,1,11.377689
311023.0,6.0,1,17,2,4,44.0,2,1,3.0,4.0,0.0,0,2,11.698998
311034.0,4.0,1,17,1,4,44.0,2,1,3.0,3.0,0.0,0,3,12.381436
311034.0,5.0,1,15,1,4,44.0,2,1,3.0,3.0,4.0,1,3,12.381436
311035.0,6.0,0,16,2,4,44.0,2,1,5.0,0.0,6.0,0,2,13.318441
311035.0,7.0,1,12,2,4,44.0,2,1,3.0,4.0,4.0,0,2,13.318441
311036.0,2.0,1,12,1,4,44.0,2,1,3.0,3.0,3.0,0,2,11.126542
311037.0,2.0,0,12,1,4,44.0,2,1,5.0,0.0,6.0,0,4,9.767725
311040.0,2.0,1,13,1,4,44.0,2,1,3.0,3.0,4.0,1,4,11.819866
311041.0,5.0,1,17,1,4,44.0,2,1,5.0,0.0,0.0,0,2,10.57582
311043.0,3.0,1,14,2,4,44.0,2,1,3.0,5.0,5.0,0,2,12.335569
311043.0,4.0,1,13,2,4,44.0,2,1,3.0,4.0,4.0,0,2,12.335569
311044.0,3.0,1,12,2,4,44.0,2,1,3.0,4.0,4.0,0,1,11.67866
311050.0,3.0,1,13,1,4,44.0,2,1,3.0,4.0,4.0,0,4,10.630456
311051.0,4.0,1,16,2,4,44.0,2,1,3.0,4.0,4.0,0,1,11.232563
311055.0,4.0,0,15,1,4,44.0,2,1,5.0,1.0,7.0,0,2,13.38672
311057.0,3.0,0,17,2,4,44.0,2,1,5.0,2.0,9.0,1,3,12.038607
311057.0,4.0,1,13,1,4,44.0,2,1,3.0,3.0,3.0,0,3,12.038607
311059.0,3.0,1,15,1,4,44.0,2,1,3.0,3.0,4.0,0,4,0.0
311061.0,5.0,0,16,2,4,44.0,2,1,5.0,1.0,7.0,0,3,12.619988
311061.0,6.0,1,12,2,4,44.0,2,1,3.0,3.0,3.0,0,3,12.619988
311062.0,4.0,1,16,1,4,44.0,2,1,3.0,3.0,3.0,0,3,10.476612
311066.0,3.0,0,17,2,4,44.0,2,1,5.0,0.0,6.0,0,1,12.1924095
311066.0,4.0,1,16,1,4,44.0,2,1,3.0,4.0,4.0,0,1,12.1924095
311066.0,5.0,1,12,1,4,44.0,2,1,3.0,3.0,3.0,0,1,12.1924095
311068.0,4.0,1,16,2,4,44.0,2,1,3.0,5.0,5.0,0,2,11.712809
311068.0,5.0,1,13,1,4,44.0,2,1,3.0,3.0,3.0,0,2,11.712809
311070.0,4.0,1,14,2,4,44.0,2,1,3.0,3.0,3.0,0,3,10.57582
311071.0,4.0,1,15,1,4,44.0,2,1,3.0,4.0,4.0,0,3,11.405908
311075.0,2.0,1,13,1,4,44.0,2,1,3.0,3.0,3.0,0,2,11.2657585
311078.0,4.0,0,16,2,4,44.0,2,1,5.0,2.0,8.0,0,3,12.468903
311082.0,2.0,1,14,1,4,44.0,2,1,3.0,3.0,3.0,0,2,10.547339
311083.0,4.0,1,16,1,4,44.0,2,1,3.0,1.0,0.0,0,1,10.462418
311086.0,3.0,0,17,2,4,44.0,2,1,5.0,0.0,6.0,0,4,13.298601
311086.0,4.0,1,12,2,4,44.0,2,0,,,,0,4,13.298601
311100.0,3.0,1,13,2,4,44.0,2,1,3.0,4.0,0.0,0,5,0.0
311101.0,2.0,1,12,2,4,44.0,2,1,3.0,3.0,4.0,1,4,10.677662
311102.0,5.0,1,13,2,4,44.0,2,1,3.0,2.0,2.0,0,4,11.816918
311102.0,6.0,1,12,2,4,44.0,2,1,3.0,2.0,2.0,0,4,11.816918
311103.0,2.0,1,17,1,4,44.0,2,1,3.0,5.0,5.0,0,3,11.476272
311103.0,3.0,1,15,1,4,44.0,2,1,3.0,3.0,3.0,0,3,11.476272
311105.0,4.0,1,14,2,4,44.0,2,1,3.0,3.0,3.0,0,2,10.778456
311106.0,4.0,0,17,2,4,44.0,2,1,5.0,2.0,8.0,0,3,12.000253
311106.0,5.0,0,12,1,4,44.0,2,1,5.0,0.0,6.0,0,3,12.000253
311108.0,5.0,1,12,1,4,44.0,2,1,3.0,3.0,3.0,0,2,11.22459
311114.0,1.0,1,17,1,4,44.0,2,1,3.0,5.0,,0,4,11.558147
311114.0,2.0,1,14,1,4,44.0,2,1,3.0,4.0,,1,4,11.558147
311114.0,3.0,1,12,1,4,44.0,2,1,3.0,3.0,,0,4,11.558147
311116.0,4.0,1,15,1,4,44.0,2,1,3.0,4.0,,0,3,11.573324
311116.0,5.0,1,13,2,4,44.0,2,1,3.0,4.0,,0,3,11.573324
311117.0,4.0,0,17,1,4,44.0,2,1,5.0,2.0,,0,3,12.232281
311118.0,2.0,1,16,2,4,44.0,2,1,5.0,0.0,,0,3,0.0
311119.0,3.0,1,12,2,4,44.0,2,1,3.0,4.0,,1,1,12.212432
311121.0,2.0,0,17,2,4,44.0,2,1,6.0,0.0,,0,3,11.252028
311123.0,3.0,0,13,1,4,44.0,2,1,5.0,1.0,,0,3,12.030594
311129.0,3.0,1,13,2,4,44.0,2,1,3.0,4.0,,0,3,11.270229
311133.0,4.0,1,12,2,4,44.0,2,1,3.0,2.0,,0,2,11.107225
311135.0,3.0,1,15,1,4,44.0,2,1,3.0,3.0,,1,3,11.763108
311137.0,5.0,0,15,2,4,44.0,2,1,5.0,0.0,,0,1,13.1257
311137.0,6.0,1,12,1,4,44.0,2,1,3.0,2.0,,1,1,13.1257
311142.0,5.0,1,15,1,4,44.0,2,1,3.0,5.0,,0,4,11.723397
311143.0,3.0,0,15,2,4,44.0,2,1,5.0,2.0,,0,4,11.967885
311143.0,4.0,1,13,2,4,44.0,2,1,3.0,3.0,,1,4,11.967885
311146.0,3.0,1,12,1,4,44.0,2,1,3.0,4.0,,0,4,11.679507
311153.0,4.0,1,14,1,4,44.0,2,1,3.0,2.0,,0,1,11.133873
311155.0,3.0,0,14,2,4,44.0,2,1,5.0,1.0,,0,4,12.269217
311157.0,4.0,1,16,1,4,44.0,2,1,3.0,5.0,,1,2,11.905379
311162.0,3.0,1,13,2,4,44.0,2,1,3.0,3.0,,0,2,11.652913
311164.0,2.0,0,16,1,4,44.0,2,1,6.0,1.0,,0,2,10.243561
311171.0,2.0,1,14,1,4,45.0,2,1,3.0,2.0,3.0,1,1,11.185129
311171.0,3.0,1,13,1,4,45.0,2,1,3.0,1.0,2.0,1,1,11.185129
311175.0,2.0,0,14,2,4,45.0,2,1,5.0,0.0,6.0,0,2,10.1872
311178.0,3.0,1,17,2,4,45.0,2,1,3.0,5.0,0.0,0,1,11.149816
311178.0,4.0,1,13,1,4,45.0,2,1,3.0,3.0,3.0,0,1,11.149816
311180.0,4.0,1,16,2,4,45.0,2,1,3.0,5.0,0.0,0,1,10.97466
311181.0,2.0,1,13,1,4,45.0,2,1,3.0,2.0,2.0,0,2,10.618299
311182.0,3.0,0,17,2,4,45.0,2,1,6.0,0.0,9.0,0,4,12.513782
311189.0,5.0,0,15,2,4,45.0,2,1,5.0,0.0,6.0,0,1,11.249429
311190.0,3.0,1,17,2,4,45.0,2,1,3.0,6.0,0.0,0,1,11.1739645
311190.0,4.0,1,12,2,4,45.0,2,1,3.0,3.0,4.0,1,1,11.1739645
311191.0,6.0,0,15,2,4,45.0,2,1,5.0,0.0,6.0,0,2,11.034261
311192.0,3.0,1,12,2,4,45.0,2,1,3.0,4.0,4.0,0,4,11.431997
311193.0,3.0,1,13,2,4,45.0,2,1,3.0,5.0,5.0,0,2,11.488131
311195.0,2.0,0,17,1,4,45.0,2,1,5.0,1.0,7.0,0,2,12.0850115
311195.0,3.0,0,14,2,4,45.0,2,1,5.0,1.0,7.0,0,2,12.0850115
311200.0,4.0,1,15,2,4,45.0,2,1,3.0,5.0,5.0,0,2,11.7430525
311200.0,5.0,1,12,1,4,45.0,2,1,3.0,5.0,5.0,0,2,11.7430525
311206.0,4.0,1,16,1,4,45.0,1,1,3.0,5.0,5.0,0,4,12.281811
311207.0,3.0,0,15,1,4,45.0,1,1,5.0,0.0,6.0,0,3,12.445428
311207.0,4.0,1,12,1,4,45.0,1,1,3.0,2.0,3.0,1,3,12.445428
311213.0,7.0,1,17,2,4,45.0,2,1,3.0,5.0,0.0,0,1,0.0
311214.0,3.0,0,17,2,4,45.0,2,1,6.0,0.0,9.0,0,2,11.936499
311214.0,4.0,1,15,2,4,45.0,2,1,3.0,4.0,4.0,0,2,11.936499
311214.0,5.0,1,13,1,4,45.0,2,1,3.0,3.0,3.0,0,2,11.936499
311217.0,2.0,0,14,2,4,45.0,2,1,5.0,1.0,7.0,0,4,11.5892935
311222.0,3.0,1,12,2,4,45.0,2,1,3.0,3.0,3.0,0,4,11.757251
311223.0,9.0,1,16,1,4,45.0,2,1,3.0,2.0,0.0,0,1,10.582181
311227.0,3.0,1,12,1,4,45.0,2,1,3.0,3.0,3.0,0,2,11.347473
311229.0,4.0,1,12,2,4,45.0,2,1,3.0,3.0,3.0,0,2,10.763758
311230.0,5.0,1,13,2,4,45.0,2,1,3.0,3.0,3.0,0,3,10.860939
311231.0,2.0,1,17,1,4,45.0,2,1,3.0,3.0,0.0,0,3,10.963896
311231.0,3.0,1,15,2,4,45.0,2,1,3.0,3.0,0.0,0,3,10.963896
311233.0,3.0,0,15,2,4,45.0,2,1,5.0,1.0,7.0,0,2,10.966835
311237.0,3.0,1,13,1,4,45.0,2,1,3.0,4.0,5.0,1,4,11.650302
311238.0,3.0,1,14,2,4,45.0,2,1,3.0,6.0,6.0,0,1,11.979178
311238.0,4.0,1,12,2,4,45.0,2,1,3.0,4.0,4.0,0,1,11.979178
311239.0,6.0,1,15,1,4,45.0,2,1,3.0,4.0,4.0,0,2,11.712809
311239.0,9.0,1,14,1,4,45.0,2,1,3.0,1.0,1.0,0,2,11.712809
311241.0,4.0,1,16,1,4,45.0,2,1,3.0,6.0,0.0,0,4,10.618299
311241.0,5.0,1,14,1,4,45.0,2,1,3.0,5.0,5.0,0,4,10.618299
311247.0,4.0,1,13,1,4,45.0,2,1,3.0,4.0,4.0,0,4,10.824288
311248.0,4.0,0,17,1,4,45.0,2,1,6.0,1.0,10.0,0,5,12.667039
311249.0,3.0,0,16,2,4,45.0,1,1,5.0,1.0,8.0,1,5,14.545939
311249.0,4.0,0,14,1,4,45.0,1,1,5.0,1.0,7.0,0,5,14.545939
311249.0,9.0,1,13,1,4,45.0,1,1,3.0,3.0,4.0,1,5,14.545939
311250.0,3.0,1,12,1,4,45.0,1,1,3.0,3.0,3.0,0,3,11.435515
311251.0,2.0,1,12,1,4,45.0,1,1,3.0,3.0,4.0,1,4,10.620742
311252.0,3.0,1,12,2,4,45.0,1,1,3.0,2.0,2.0,0,3,11.107225
311253.0,7.0,1,17,2,4,45.0,1,1,3.0,6.0,6.0,0,4,13.082033
311255.0,3.0,1,13,1,4,45.0,1,1,3.0,2.0,2.0,0,3,11.795288
311257.0,5.0,1,15,2,4,45.0,1,1,3.0,4.0,4.0,0,2,11.276583
311257.0,6.0,1,13,1,4,45.0,1,1,3.0,0.0,1.0,1,2,11.276583
311260.0,2.0,0,15,1,4,45.0,2,1,5.0,0.0,6.0,0,5,10.796735
311262.0,6.0,1,13,2,4,45.0,2,1,3.0,4.0,5.0,1,1,11.374824
311263.0,3.0,1,13,1,4,45.0,2,1,3.0,5.0,5.0,0,3,11.577317
311264.0,5.0,0,17,2,4,45.0,2,1,5.0,1.0,7.0,0,4,13.122155
311264.0,6.0,1,13,1,4,45.0,2,1,3.0,4.0,4.0,0,4,13.122155
311265.0,3.0,1,17,1,4,45.0,2,1,3.0,3.0,0.0,0,3,0.0
311271.0,3.0,0,16,2,4,45.0,2,1,5.0,1.0,7.0,0,3,10.613025
311275.0,5.0,1,14,1,4,45.0,2,1,3.0,3.0,3.0,0,4,11.821409
311276.0,5.0,0,17,2,4,45.0,2,1,5.0,1.0,8.0,1,4,13.665828
311276.0,6.0,1,13,1,4,45.0,2,1,3.0,5.0,5.0,0,4,13.665828
311278.0,3.0,0,14,2,4,45.0,2,1,5.0,0.0,6.0,0,4,11.84004
311281.0,2.0,1,15,1,4,45.0,2,1,3.0,4.0,5.0,1,4,11.138639
311282.0,3.0,0,13,2,4,45.0,2,1,5.0,0.0,6.0,0,3,11.7919655
311283.0,5.0,1,14,1,4,45.0,2,1,3.0,4.0,4.0,0,5,11.147296
311284.0,4.0,1,17,2,4,45.0,2,1,5.0,0.0,0.0,0,2,0.0
311285.0,5.0,0,16,1,4,45.0,2,1,5.0,1.0,7.0,0,2,13.352635
311285.0,6.0,1,14,2,4,45.0,2,1,3.0,4.0,4.0,0,2,13.352635
311287.0,3.0,1,15,2,4,45.0,2,1,3.0,3.0,3.0,0,3,11.1619625
311288.0,4.0,1,16,2,4,45.0,2,1,3.0,4.0,4.0,0,4,11.513435
311290.0,3.0,0,13,2,4,45.0,2,1,5.0,0.0,6.0,0,5,12.053568
311291.0,3.0,1,17,2,4,45.0,2,1,3.0,3.0,0.0,0,1,11.330516
311291.0,4.0,1,16,2,4,45.0,2,1,3.0,1.0,1.0,0,1,11.330516
311291.0,5.0,1,14,2,4,45.0,2,1,3.0,2.0,2.0,0,1,11.330516
311293.0,4.0,1,13,1,4,45.0,2,1,3.0,3.0,3.0,0,5,11.271503
311294.0,2.0,1,17,1,4,45.0,2,1,3.0,5.0,0.0,0,3,10.439279
311303.0,2.0,1,12,1,4,45.0,2,1,3.0,3.0,3.0,0,3,11.630717
311306.0,4.0,1,14,2,4,45.0,2,1,3.0,6.0,0.0,0,1,10.473789
311313.0,3.0,1,15,1,4,45.0,2,1,3.0,2.0,3.0,1,2,11.412287
311313.0,4.0,1,12,2,4,45.0,2,1,3.0,4.0,5.0,1,2,11.412287
311316.0,3.0,1,15,2,4,45.0,2,1,3.0,6.0,6.0,0,4,11.710349
311320.0,6.0,1,15,1,4,45.0,2,1,3.0,2.0,3.0,0,4,11.638024
311322.0,2.0,0,14,2,4,45.0,2,1,5.0,1.0,7.0,0,4,11.81773
311324.0,2.0,1,16,1,4,45.0,2,1,3.0,4.0,4.0,0,2,11.335604
311324.0,3.0,1,12,1,4,45.0,2,1,3.0,1.0,0.0,0,2,11.335604
311327.0,5.0,0,17,1,4,45.0,2,1,6.0,0.0,9.0,0,1,11.961361
311331.0,3.0,1,16,1,4,45.0,2,1,3.0,4.0,0.0,0,1,11.258691
311331.0,4.0,1,12,1,4,45.0,2,1,3.0,4.0,4.0,0,1,11.258691
311336.0,3.0,1,14,2,4,45.0,2,1,3.0,1.0,2.0,1,3,11.1947975
311337.0,5.0,1,14,2,4,45.0,2,1,3.0,4.0,5.0,1,4,13.900009
311337.0,8.0,1,14,1,4,45.0,2,1,3.0,4.0,0.0,0,4,13.900009
311338.0,5.0,0,17,2,4,45.0,2,1,5.0,2.0,8.0,0,1,12.177087
311338.0,6.0,1,15,2,4,45.0,2,1,3.0,5.0,6.0,1,1,12.177087
311342.0,5.0,0,16,2,4,45.0,2,1,5.0,3.0,9.0,0,2,12.275113
311342.0,6.0,0,13,2,4,45.0,2,1,5.0,0.0,6.0,0,2,12.275113
311343.0,3.0,0,17,2,4,45.0,2,1,5.0,3.0,9.0,0,4,12.182015
311343.0,4.0,0,15,2,4,45.0,2,1,5.0,2.0,8.0,0,4,12.182015
311350.0,3.0,0,15,2,4,45.0,2,1,5.0,2.0,8.0,0,2,12.191903
311353.0,3.0,1,16,1,4,45.0,2,1,3.0,6.0,0.0,0,2,10.642468
311355.0,4.0,1,13,2,4,45.0,2,1,3.0,2.0,2.0,0,2,11.396964
311358.0,5.0,1,16,1,4,45.0,2,1,3.0,0.0,0.0,0,1,0.0
311358.0,6.0,1,12,1,4,45.0,2,0,,,,0,1,0.0
311360.0,3.0,1,15,1,4,45.0,2,1,3.0,6.0,0.0,0,3,11.128013
311360.0,4.0,1,13,1,4,45.0,2,1,3.0,1.0,2.0,1,3,11.128013
311363.0,5.0,1,17,2,4,45.0,2,1,3.0,3.0,0.0,0,1,11.581761
311363.0,6.0,1,14,1,4,45.0,2,1,3.0,2.0,2.0,0,1,11.581761
311363.0,7.0,1,12,1,4,45.0,2,1,3.0,1.0,2.0,1,1,11.581761
311366.0,5.0,0,15,2,4,45.0,2,1,5.0,1.0,7.0,0,2,11.603095
311369.0,3.0,1,15,1,4,45.0,2,1,3.0,4.0,5.0,1,3,11.415599
311370.0,3.0,1,15,1,4,45.0,2,1,3.0,2.0,0.0,0,2,11.116187
311370.0,4.0,1,13,1,4,45.0,2,1,3.0,1.0,2.0,1,2,11.116187
311373.0,3.0,1,15,2,4,45.0,2,1,3.0,4.0,4.0,0,3,11.887594
311373.0,4.0,1,12,2,4,45.0,2,1,3.0,4.0,4.0,0,3,11.887594
311374.0,4.0,0,16,2,4,45.0,2,1,5.0,2.0,8.0,0,2,11.366291
311378.0,3.0,1,13,2,4,45.0,2,1,3.0,3.0,3.0,0,3,11.569788
311379.0,4.0,0,15,1,4,45.0,2,1,5.0,1.0,7.0,0,3,12.116208
311379.0,5.0,1,12,1,4,45.0,2,1,3.0,3.0,3.0,0,3,12.116208
311381.0,2.0,1,15,2,4,45.0,2,1,3.0,3.0,4.0,1,3,11.81913
311381.0,4.0,1,12,2,4,45.0,2,1,3.0,3.0,3.0,0,3,11.81913
311382.0,5.0,1,13,1,4,45.0,2,1,3.0,3.0,4.0,1,3,11.340368
311387.0,4.0,1,14,1,4,45.0,2,1,3.0,3.0,4.0,1,5,12.637566
311389.0,3.0,1,16,2,4,45.0,2,1,3.0,5.0,5.0,0,2,11.39359
311391.0,4.0,1,12,2,4,45.0,2,1,3.0,6.0,0.0,0,3,10.651975
311393.0,5.0,0,17,2,4,45.0,2,1,5.0,1.0,7.0,0,4,12.815732
311396.0,5.0,0,16,2,4,45.0,2,1,5.0,2.0,8.0,0,2,12.07779
311397.0,5.0,0,17,2,4,45.0,2,1,6.0,0.0,9.0,0,5,14.189389
311397.0,6.0,0,14,1,4,45.0,2,1,5.0,0.0,6.0,0,5,14.189389
311397.0,7.0,1,12,1,4,45.0,2,1,3.0,4.0,4.0,0,5,14.189389
311398.0,6.0,1,16,1,4,45.0,2,1,3.0,4.0,5.0,1,4,12.948025
311398.0,7.0,1,14,1,4,45.0,2,1,3.0,5.0,6.0,1,4,12.948025
311398.0,12.0,0,17,1,4,45.0,2,1,5.0,1.0,7.0,0,4,12.948025
311402.0,3.0,1,17,1,4,45.0,2,1,3.0,5.0,0.0,0,2,11.331895
311402.0,4.0,1,14,1,4,45.0,2,1,3.0,4.0,5.0,1,2,11.331895
311404.0,6.0,1,15,1,4,45.0,2,1,3.0,4.0,4.0,0,2,11.263836
311406.0,3.0,1,17,1,4,45.0,2,1,3.0,3.0,0.0,0,1,12.12438
311406.0,4.0,0,15,2,4,45.0,2,1,5.0,1.0,7.0,0,1,12.12438
311406.0,5.0,1,14,2,4,45.0,2,1,3.0,3.0,3.0,0,1,12.12438
311407.0,3.0,0,13,1,4,45.0,2,1,5.0,0.0,6.0,0,3,12.831773
311412.0,3.0,1,16,1,4,45.0,2,1,3.0,6.0,0.0,0,4,10.493383
311414.0,3.0,1,12,2,4,45.0,2,1,3.0,3.0,4.0,1,3,11.594053
311418.0,3.0,1,17,2,4,45.0,2,1,3.0,5.0,0.0,0,4,11.297266
311418.0,4.0,1,12,2,4,45.0,2,1,3.0,3.0,4.0,1,4,11.297266
311420.0,4.0,1,16,1,4,45.0,2,1,3.0,4.0,0.0,0,2,11.540064
311420.0,5.0,1,13,2,4,45.0,2,1,3.0,4.0,5.0,1,2,11.540064
311422.0,4.0,1,12,1,4,45.0,2,1,3.0,3.0,3.0,0,4,10.770083
311424.0,3.0,1,17,1,4,45.0,2,1,5.0,1.0,0.0,0,1,11.380548
311424.0,4.0,1,16,1,4,45.0,2,1,3.0,3.0,0.0,0,1,11.380548
311424.0,5.0,1,13,2,4,45.0,2,1,3.0,3.0,3.0,0,1,11.380548
311425.0,2.0,0,13,2,4,45.0,2,1,5.0,0.0,6.0,0,4,11.5902195
311426.0,3.0,1,13,1,4,45.0,2,1,3.0,4.0,5.0,1,5,11.840436
311427.0,4.0,0,15,2,4,45.0,2,1,5.0,0.0,7.0,1,4,13.12799
311428.0,3.0,0,17,1,4,45.0,2,1,5.0,1.0,7.0,0,4,10.137017
311429.0,3.0,1,13,1,4,45.0,2,1,3.0,2.0,3.0,1,4,10.526105
311431.0,3.0,1,14,2,4,45.0,2,1,3.0,4.0,4.0,0,3,11.213859
311431.0,4.0,1,14,1,4,45.0,2,1,3.0,2.0,2.0,0,3,11.213859
311432.0,2.0,1,12,2,4,45.0,2,1,3.0,4.0,4.0,0,4,10.838129
311433.0,3.0,1,12,1,4,45.0,2,1,3.0,4.0,4.0,0,4,11.316315
311434.0,3.0,1,13,1,4,45.0,2,1,3.0,4.0,0.0,0,1,11.580126
311436.0,6.0,1,16,1,4,45.0,2,1,3.0,2.0,0.0,0,3,11.462169
311441.0,5.0,1,15,2,4,45.0,2,1,3.0,4.0,5.0,1,2,11.714036
311442.0,2.0,1,15,1,4,45.0,2,1,3.0,5.0,5.0,0,3,10.716105
311448.0,4.0,1,14,1,4,45.0,2,1,3.0,5.0,5.0,0,3,11.2148695
311454.0,3.0,1,15,1,4,45.0,2,1,3.0,4.0,4.0,0,3,11.542008
311454.0,4.0,1,12,1,4,45.0,2,1,3.0,1.0,2.0,1,3,11.542008
311458.0,2.0,1,15,2,4,45.0,2,1,3.0,4.0,4.0,0,3,11.107225
311458.0,3.0,1,13,2,4,45.0,2,1,3.0,4.0,4.0,0,3,11.107225
311459.0,3.0,1,16,1,4,45.0,2,1,3.0,4.0,0.0,0,4,11.337989
311459.0,4.0,1,14,2,4,45.0,2,1,3.0,3.0,3.0,0,4,11.337989
311466.0,3.0,1,13,1,4,45.0,1,1,3.0,4.0,5.0,1,3,12.108879
311471.0,2.0,0,17,2,4,45.0,1,1,6.0,0.0,9.0,0,4,11.617835
311473.0,7.0,0,15,1,4,45.0,1,1,5.0,1.0,7.0,0,5,16.296074
311473.0,8.0,1,13,2,4,45.0,1,1,3.0,4.0,4.0,0,5,16.296074
311475.0,3.0,0,17,1,4,45.0,2,1,5.0,0.0,6.0,0,5,11.344046
311477.0,5.0,1,12,2,4,45.0,2,1,3.0,3.0,3.0,0,5,12.010277
311479.0,3.0,0,17,1,4,45.0,2,1,5.0,2.0,8.0,0,5,13.424061
311479.0,4.0,1,12,1,4,45.0,2,1,3.0,4.0,4.0,0,5,13.424061
311479.0,6.0,1,17,1,4,45.0,2,1,3.0,6.0,0.0,0,5,13.424061
311479.0,8.0,1,16,2,4,45.0,2,1,3.0,4.0,0.0,0,5,13.424061
311482.0,4.0,0,16,1,4,45.0,2,1,5.0,1.0,7.0,0,4,12.213103
311483.0,3.0,1,12,1,4,45.0,2,1,3.0,3.0,3.0,0,4,11.594975
311484.0,3.0,1,13,1,4,45.0,2,1,3.0,2.0,2.0,0,2,11.739471
311486.0,3.0,1,13,1,4,45.0,2,1,3.0,2.0,3.0,1,4,11.29416
311487.0,4.0,1,15,1,4,45.0,2,1,3.0,2.0,3.0,0,5,9.401043
311489.0,3.0,1,12,2,4,45.0,2,1,3.0,4.0,4.0,0,5,12.055401
311493.0,3.0,1,16,2,4,45.0,2,1,3.0,3.0,4.0,1,4,11.374824
311493.0,4.0,1,13,1,4,45.0,2,1,3.0,1.0,2.0,1,4,11.374824
311495.0,3.0,1,15,2,4,45.0,2,1,3.0,2.0,3.0,0,3,10.331236
311495.0,4.0,1,12,2,4,45.0,2,1,3.0,2.0,2.0,0,3,10.331236
311497.0,3.0,1,15,2,4,45.0,2,1,3.0,2.0,0.0,0,2,11.590127
311497.0,4.0,1,13,2,4,45.0,2,1,3.0,2.0,3.0,1,2,11.590127
311498.0,6.0,0,16,2,4,45.0,2,1,5.0,1.0,7.0,0,5,13.0980625
311498.0,7.0,1,12,1,4,45.0,2,1,3.0,2.0,3.0,1,5,13.0980625
311499.0,2.0,1,12,2,4,45.0,2,1,3.0,4.0,4.0,0,5,10.966058
311502.0,4.0,1,16,1,4,45.0,2,1,3.0,5.0,5.0,0,5,11.652043
311502.0,5.0,1,16,1,4,45.0,2,1,3.0,3.0,3.0,0,5,11.652043
311503.0,3.0,1,13,1,4,45.0,2,1,3.0,4.0,4.0,0,4,11.815072
311505.0,3.0,1,14,2,4,45.0,2,1,3.0,3.0,3.0,0,3,11.437674
311506.0,4.0,1,16,1,4,45.0,2,1,3.0,3.0,0.0,0,4,0.0
311508.0,3.0,1,16,2,4,45.0,2,1,3.0,5.0,6.0,1,4,10.77637
311509.0,3.0,1,17,1,4,45.0,2,1,5.0,0.0,0.0,0,4,0.0
311515.0,2.0,1,12,2,4,45.0,2,1,3.0,4.0,4.0,0,4,10.740215
311517.0,4.0,1,13,1,4,45.0,2,1,3.0,3.0,3.0,0,2,11.355699
311521.0,5.0,0,15,1,4,45.0,2,1,5.0,0.0,6.0,0,4,12.402712
311527.0,3.0,1,15,1,4,45.0,2,1,3.0,4.0,4.0,0,5,10.817295
311532.0,4.0,1,12,1,4,45.0,2,1,3.0,3.0,3.0,0,3,11.018235
311534.0,3.0,1,17,2,4,45.0,2,1,3.0,4.0,0.0,0,2,11.78696
311534.0,4.0,1,15,2,4,45.0,2,1,3.0,4.0,4.0,0,2,11.78696
311536.0,3.0,1,14,1,4,45.0,2,1,3.0,3.0,3.0,0,4,10.815289
311538.0,4.0,1,16,1,4,45.0,2,1,3.0,4.0,0.0,0,3,11.56837
311538.0,5.0,1,13,2,4,45.0,2,1,3.0,4.0,4.0,0,3,11.56837
311540.0,3.0,1,17,1,4,45.0,2,1,3.0,4.0,0.0,0,2,11.128013
311540.0,4.0,1,14,1,4,45.0,2,1,3.0,1.0,1.0,0,2,11.128013
311542.0,3.0,1,17,1,4,45.0,2,1,3.0,1.0,2.0,1,3,11.892293
311544.0,4.0,0,16,2,4,45.0,2,1,5.0,2.0,8.0,0,4,11.938429
311544.0,5.0,1,15,2,4,45.0,2,1,3.0,6.0,0.0,0,4,11.938429
311545.0,6.0,0,14,2,4,45.0,2,1,5.0,1.0,7.0,0,3,13.233227
311545.0,7.0,1,12,2,4,45.0,2,1,3.0,3.0,3.0,0,3,13.233227
311546.0,4.0,1,16,1,4,45.0,2,1,3.0,5.0,5.0,0,4,11.427923
311547.0,4.0,1,15,2,4,45.0,2,1,3.0,3.0,0.0,0,5,10.733697
311549.0,6.0,1,13,2,4,45.0,2,1,3.0,5.0,5.0,0,5,13.18761
311552.0,4.0,1,17,1,4,45.0,2,1,3.0,3.0,0.0,0,4,11.339179
311552.0,5.0,1,15,2,4,45.0,2,1,3.0,6.0,0.0,0,4,11.339179
311554.0,6.0,1,16,1,4,45.0,2,1,3.0,4.0,5.0,1,2,11.742735
311554.0,7.0,0,15,2,4,45.0,2,1,5.0,0.0,6.0,0,2,11.742735
311557.0,4.0,1,16,1,4,45.0,2,1,3.0,6.0,0.0,0,2,10.562975
311557.0,5.0,1,13,1,4,45.0,2,1,3.0,3.0,3.0,0,2,10.562975
311558.0,6.0,1,16,2,4,45.0,2,1,3.0,6.0,0.0,0,2,0.0
311559.0,4.0,1,17,1,4,45.0,2,1,3.0,6.0,6.0,0,2,11.519613
311559.0,5.0,0,14,2,4,45.0,2,1,5.0,0.0,7.0,1,2,11.519613
311563.0,5.0,1,16,1,4,45.0,2,1,3.0,4.0,4.0,0,2,12.172392
311563.0,6.0,1,14,1,4,45.0,2,1,3.0,4.0,4.0,0,2,12.172392
311565.0,7.0,0,17,2,4,45.0,2,1,5.0,1.0,7.0,0,5,13.463427
311569.0,3.0,1,15,1,4,45.0,2,1,3.0,2.0,3.0,1,3,10.644854
311572.0,3.0,1,13,1,4,45.0,2,1,3.0,2.0,2.0,1,4,10.496151
311575.0,4.0,0,14,1,4,45.0,2,1,5.0,2.0,8.0,0,5,13.084425
311577.0,3.0,0,17,1,4,45.0,2,1,6.0,1.0,10.0,0,5,11.9604025
311578.0,6.0,0,16,1,4,45.0,2,1,5.0,1.0,7.0,0,5,11.964867
311580.0,2.0,0,13,2,4,45.0,2,1,5.0,0.0,6.0,0,4,11.243555
311582.0,4.0,0,17,1,4,45.0,2,1,5.0,1.0,8.0,1,4,12.734068
311582.0,5.0,0,15,2,4,45.0,2,1,5.0,1.0,7.0,0,4,12.734068
311582.0,6.0,1,13,2,4,45.0,2,1,3.0,4.0,4.0,0,4,12.734068
311585.0,4.0,1,16,2,4,45.0,2,1,3.0,6.0,0.0,0,3,0.0
311588.0,4.0,1,15,1,4,45.0,2,1,3.0,5.0,0.0,0,4,9.852247
311591.0,3.0,1,16,2,4,45.0,2,1,3.0,5.0,5.0,0,4,12.252007
311591.0,4.0,1,15,1,4,45.0,2,1,3.0,2.0,3.0,1,4,12.252007
311591.0,5.0,1,12,2,4,45.0,2,1,3.0,4.0,4.0,0,4,12.252007
311592.0,4.0,0,16,1,4,45.0,2,1,5.0,0.0,6.0,0,3,12.263261
311592.0,5.0,0,14,2,4,45.0,2,1,5.0,1.0,7.0,0,3,12.263261
311594.0,3.0,0,17,2,4,45.0,2,1,5.0,2.0,8.0,0,3,12.018604
311594.0,4.0,1,13,1,4,45.0,2,1,3.0,4.0,4.0,0,3,12.018604
311597.0,4.0,0,14,2,4,45.0,2,1,5.0,1.0,7.0,0,4,12.437565
311598.0,7.0,1,17,2,4,45.0,2,1,3.0,4.0,0.0,0,1,11.563391
311598.0,8.0,1,14,1,4,45.0,2,1,3.0,4.0,4.0,0,1,11.563391
311598.0,9.0,1,12,1,4,45.0,2,1,3.0,2.0,2.0,0,1,11.563391
311602.0,3.0,1,16,2,4,45.0,2,1,3.0,6.0,,0,2,11.784295
311602.0,4.0,1,13,1,4,45.0,2,1,3.0,3.0,,0,2,11.784295
311603.0,3.0,1,14,1,4,45.0,2,1,3.0,4.0,,1,4,11.893592
311607.0,4.0,1,12,2,4,45.0,2,1,3.0,2.0,,1,4,10.755261
311608.0,4.0,0,17,2,4,45.0,2,1,6.0,1.0,,0,5,13.605358
311610.0,3.0,0,15,1,4,45.0,2,1,5.0,0.0,,1,4,12.061399
311610.0,4.0,1,13,1,4,45.0,2,1,3.0,4.0,,0,4,12.061399
311612.0,3.0,1,17,2,4,45.0,2,1,5.0,3.0,,0,4,11.578348
311612.0,4.0,0,12,2,4,45.0,2,1,5.0,0.0,,0,4,11.578348
311613.0,3.0,0,12,2,4,45.0,2,1,5.0,0.0,,0,5,11.671305
311618.0,3.0,1,12,2,4,45.0,2,1,3.0,4.0,,1,4,11.806908
311619.0,4.0,1,14,1,4,45.0,2,1,3.0,3.0,,0,4,10.649607
311621.0,3.0,1,12,1,4,45.0,2,1,3.0,4.0,,1,4,12.38531
311621.0,7.0,0,17,2,4,45.0,2,1,5.0,3.0,,0,4,12.38531
311622.0,3.0,0,14,1,4,45.0,2,1,5.0,1.0,,0,2,11.025751
311623.0,4.0,0,16,1,4,45.0,2,1,6.0,0.0,,0,4,12.05036
311624.0,3.0,0,17,2,4,45.0,2,1,6.0,2.0,,0,4,13.6140375
311624.0,4.0,1,14,1,4,45.0,2,1,3.0,5.0,,0,4,13.6140375
311625.0,5.0,0,16,2,4,45.0,2,1,5.0,0.0,,0,2,11.847331
311625.0,6.0,1,13,2,4,45.0,2,1,3.0,3.0,,1,2,11.847331
311630.0,3.0,1,14,1,4,45.0,2,1,3.0,5.0,,0,4,12.277468
311630.0,4.0,1,12,1,4,45.0,2,1,3.0,5.0,,0,4,12.277468
311633.0,4.0,0,17,2,4,45.0,2,1,6.0,1.0,,0,5,14.009766
311633.0,5.0,0,15,2,4,45.0,2,1,5.0,1.0,,1,5,14.009766
311633.0,6.0,1,13,1,4,45.0,2,1,3.0,4.0,,0,5,14.009766
311636.0,3.0,1,15,2,4,45.0,2,1,3.0,5.0,,0,4,11.760379
311636.0,4.0,1,13,2,4,45.0,2,1,3.0,5.0,,0,4,11.760379
311637.0,4.0,1,13,2,4,45.0,2,1,3.0,4.0,,0,1,11.474559
311640.0,3.0,0,16,2,4,45.0,2,1,5.0,0.0,,0,4,12.232768
311640.0,4.0,1,12,1,4,45.0,2,1,3.0,4.0,,0,4,12.232768
311643.0,2.0,1,16,2,4,45.0,2,1,3.0,2.0,,0,5,0.0
311644.0,5.0,1,16,2,4,45.0,2,1,3.0,5.0,,0,5,12.538468
311645.0,8.0,1,16,2,4,45.0,2,1,5.0,0.0,,0,3,11.418351
311646.0,3.0,0,17,2,4,45.0,2,1,6.0,2.0,,0,2,11.978614
311646.0,4.0,1,13,2,4,45.0,2,1,3.0,5.0,,0,2,11.978614
311648.0,4.0,0,15,2,4,45.0,2,1,5.0,1.0,,0,2,11.782159
311648.0,5.0,1,12,1,4,45.0,2,1,3.0,3.0,,1,2,11.782159
311650.0,2.0,1,14,2,4,45.0,2,1,3.0,3.0,,0,2,10.340968
311651.0,2.0,0,16,1,4,45.0,2,1,6.0,0.0,,0,3,12.351086
311651.0,3.0,1,12,1,4,45.0,2,1,3.0,2.0,,0,3,12.351086
311654.0,4.0,1,16,1,5,51.0,1,1,3.0,2.0,0.0,0,5,11.512936
311660.0,3.0,1,12,2,5,51.0,1,1,3.0,5.0,5.0,0,3,10.923706
311661.0,6.0,1,16,2,5,51.0,1,1,5.0,2.0,0.0,0,4,11.759793
311662.0,3.0,1,13,2,5,51.0,1,1,3.0,4.0,5.0,0,4,11.229913
311668.0,2.0,1,14,2,5,51.0,2,1,3.0,4.0,5.0,1,2,12.087773
311668.0,4.0,0,16,1,5,51.0,2,1,5.0,1.0,7.0,0,2,12.087773
311668.0,5.0,1,12,2,5,51.0,2,1,3.0,3.0,4.0,0,2,12.087773
311670.0,3.0,1,12,1,5,51.0,2,1,3.0,2.0,3.0,1,2,10.994588
311671.0,3.0,1,14,1,5,51.0,2,1,3.0,4.0,4.0,0,1,11.674202
311671.0,4.0,1,12,2,5,51.0,2,1,3.0,3.0,3.0,0,1,11.674202
311673.0,3.0,0,14,1,5,51.0,1,1,5.0,1.0,7.0,0,4,13.4390135
311673.0,4.0,1,12,1,5,51.0,1,1,3.0,5.0,5.0,0,4,13.4390135
311673.0,8.0,0,14,1,5,51.0,1,1,5.0,1.0,7.0,0,4,13.4390135
311673.0,9.0,1,14,2,5,51.0,1,1,3.0,1.0,1.0,0,4,13.4390135
311674.0,5.0,0,17,2,5,51.0,1,1,6.0,2.0,12.0,0,5,13.699382
311677.0,4.0,1,14,2,5,51.0,1,1,3.0,4.0,4.0,0,2,10.324695
311678.0,5.0,0,16,2,5,51.0,1,1,6.0,0.0,9.0,0,1,11.37849
311678.0,6.0,0,13,2,5,51.0,1,1,5.0,1.0,7.0,0,1,11.37849
311681.0,4.0,1,16,2,5,51.0,2,1,3.0,5.0,6.0,0,2,11.195966
311682.0,2.0,1,12,1,5,51.0,2,1,3.0,2.0,2.0,0,1,10.28623
311685.0,2.0,1,14,1,5,51.0,2,1,5.0,0.0,6.0,0,5,12.422699
311687.0,3.0,1,17,1,5,51.0,2,1,3.0,3.0,0.0,0,2,11.91154
311687.0,4.0,1,14,1,5,51.0,2,1,3.0,5.0,5.0,0,2,11.91154
311687.0,5.0,1,12,1,5,51.0,2,1,3.0,2.0,2.0,0,2,11.91154
311698.0,4.0,1,16,2,5,51.0,2,1,5.0,0.0,6.0,0,1,12.252961
311698.0,5.0,1,14,2,5,51.0,2,1,3.0,5.0,5.0,0,1,12.252961
311700.0,2.0,1,15,2,5,51.0,1,1,3.0,5.0,5.0,0,2,10.731515
311702.0,5.0,1,13,2,5,51.0,1,1,3.0,4.0,5.0,1,5,11.186863
311704.0,4.0,1,16,1,5,51.0,1,1,3.0,2.0,0.0,0,1,11.420931
311706.0,5.0,0,15,2,5,51.0,1,1,5.0,2.0,8.0,0,2,13.210706
311706.0,6.0,1,12,2,5,51.0,1,1,3.0,4.0,4.0,0,2,13.210706
311706.0,7.0,1,12,1,5,51.0,1,1,3.0,4.0,4.0,0,2,13.210706
311707.0,6.0,0,17,1,5,51.0,1,1,6.0,1.0,10.0,0,4,13.734659
311707.0,7.0,1,15,1,5,51.0,1,1,3.0,5.0,5.0,1,4,13.734659
311707.0,8.0,1,12,2,5,51.0,1,1,3.0,5.0,5.0,1,4,13.734659
311709.0,3.0,1,14,2,5,51.0,1,1,3.0,6.0,6.0,0,2,11.240474
311709.0,4.0,1,12,1,5,51.0,1,1,3.0,2.0,2.0,0,2,11.240474
311717.0,4.0,0,15,1,5,51.0,1,1,5.0,1.0,7.0,0,1,12.355724
311717.0,5.0,1,12,2,5,51.0,1,1,3.0,5.0,5.0,0,1,12.355724
311721.0,3.0,0,16,2,5,51.0,1,1,6.0,2.0,11.0,0,1,10.78934
311723.0,4.0,1,17,2,5,51.0,1,1,3.0,6.0,0.0,0,5,0.0
311728.0,3.0,1,12,2,5,51.0,2,1,3.0,2.0,2.0,0,1,11.108725
311729.0,3.0,0,14,2,5,51.0,2,1,5.0,0.0,6.0,0,1,11.853752
311737.0,3.0,1,17,2,5,51.0,2,1,3.0,6.0,0.0,0,1,11.017825
311737.0,4.0,1,15,2,5,51.0,2,1,3.0,6.0,6.0,0,1,11.017825
311737.0,5.0,1,13,2,5,51.0,2,1,3.0,2.0,3.0,0,1,11.017825
311738.0,5.0,1,15,2,5,51.0,2,0,,,,0,1,10.967353
311738.0,6.0,1,13,2,5,51.0,2,1,3.0,2.0,2.0,0,1,10.967353
311739.0,3.0,0,15,2,5,51.0,2,1,5.0,1.0,7.0,0,3,13.002286
311739.0,4.0,1,13,2,5,51.0,2,1,3.0,2.0,2.0,0,3,13.002286
311740.0,4.0,1,17,1,5,51.0,2,1,3.0,3.0,3.0,0,2,10.308152
311740.0,5.0,1,16,1,5,51.0,2,1,3.0,4.0,0.0,0,2,10.308152
311740.0,6.0,1,15,2,5,51.0,2,1,3.0,4.0,0.0,0,2,10.308152
311741.0,2.0,1,16,1,5,51.0,2,1,3.0,1.0,0.0,0,2,10.157199
311742.0,4.0,0,16,1,5,51.0,2,1,5.0,2.0,9.0,0,2,12.722694
311742.0,5.0,1,13,2,5,51.0,2,1,3.0,4.0,4.0,0,2,12.722694
311743.0,7.0,0,15,2,5,51.0,2,1,5.0,1.0,7.0,0,3,12.660505
311745.0,4.0,1,15,2,5,51.0,2,1,3.0,3.0,0.0,0,2,10.3279705
311745.0,5.0,1,13,2,5,51.0,2,1,3.0,3.0,4.0,1,2,10.3279705
311746.0,4.0,1,13,2,5,51.0,2,1,3.0,4.0,5.0,0,5,10.527446
311755.0,5.0,0,17,1,5,51.0,2,1,5.0,2.0,8.0,0,4,12.383009
311755.0,6.0,1,15,1,5,51.0,2,1,3.0,4.0,5.0,0,4,12.383009
311761.0,3.0,0,17,2,5,51.0,2,1,6.0,0.0,9.0,0,3,12.299544
311761.0,4.0,0,15,2,5,51.0,2,1,5.0,0.0,6.0,0,3,12.299544
311763.0,3.0,1,12,2,5,51.0,2,1,3.0,3.0,3.0,0,5,11.870257
311766.0,3.0,0,17,1,5,51.0,2,1,5.0,1.0,7.0,0,4,12.227032
311766.0,4.0,1,13,1,5,51.0,2,1,3.0,4.0,4.0,0,4,12.227032
311767.0,6.0,1,17,2,5,51.0,2,1,3.0,3.0,0.0,0,1,11.546612
311767.0,8.0,1,15,2,5,51.0,2,1,3.0,2.0,0.0,0,1,11.546612
311767.0,9.0,1,13,1,5,51.0,2,1,3.0,2.0,2.0,0,1,11.546612
311768.0,4.0,1,16,1,5,51.0,2,1,3.0,4.0,4.0,0,5,0.0
311772.0,3.0,0,16,2,5,51.0,1,1,6.0,0.0,9.0,0,5,14.239379
311775.0,3.0,0,16,2,5,51.0,1,1,6.0,0.0,9.0,0,4,14.321642
311775.0,4.0,0,14,1,5,51.0,1,1,5.0,0.0,6.0,0,4,14.321642
311776.0,3.0,0,13,1,5,51.0,1,1,5.0,0.0,6.0,0,5,15.383589
311778.0,2.0,0,17,1,5,51.0,1,1,5.0,0.0,6.0,0,2,12.1920805
311778.0,3.0,0,15,2,5,51.0,1,1,5.0,0.0,7.0,1,2,12.1920805
311781.0,2.0,1,14,1,5,51.0,2,1,3.0,2.0,3.0,1,2,11.231901
311781.0,3.0,1,13,1,5,51.0,2,1,3.0,1.0,0.0,0,2,11.231901
311782.0,3.0,1,16,1,5,51.0,2,1,3.0,3.0,3.0,0,4,11.660707
311782.0,4.0,1,13,2,5,51.0,2,1,3.0,2.0,2.0,0,4,11.660707
311783.0,3.0,0,17,1,5,51.0,2,1,5.0,1.0,7.0,0,2,11.237975
311784.0,3.0,1,14,1,5,51.0,2,1,3.0,5.0,6.0,0,3,10.388257
311785.0,4.0,1,16,2,5,51.0,2,1,3.0,4.0,4.0,0,4,11.205054
311786.0,3.0,1,12,1,5,51.0,2,1,3.0,5.0,5.0,0,3,11.291668
311788.0,3.0,1,12,2,5,51.0,2,1,3.0,4.0,4.0,0,3,11.396403
311790.0,4.0,0,17,1,5,51.0,2,1,5.0,0.0,6.0,0,4,11.464113
311792.0,2.0,1,13,2,5,51.0,2,1,3.0,2.0,3.0,1,4,11.291043
311795.0,4.0,0,16,2,5,51.0,2,1,5.0,0.0,6.0,0,3,10.96925
311800.0,4.0,0,17,2,5,51.0,1,1,6.0,0.0,9.0,0,4,13.706165
311800.0,5.0,0,15,1,5,51.0,1,1,5.0,1.0,7.0,0,4,13.706165
311800.0,6.0,1,17,1,5,51.0,1,0,,,,0,4,13.706165
311802.0,3.0,1,13,1,5,51.0,1,1,3.0,5.0,5.0,0,5,13.766006
311804.0,3.0,0,15,1,5,51.0,1,1,5.0,0.0,6.0,0,5,14.235589
311804.0,9.0,1,12,2,5,51.0,1,1,3.0,4.0,4.0,0,5,14.235589
311804.0,11.0,0,16,1,5,51.0,1,1,5.0,0.0,6.0,0,5,14.235589
311804.0,12.0,0,16,2,5,51.0,1,1,5.0,0.0,6.0,0,5,14.235589
311807.0,3.0,0,16,2,5,51.0,2,1,5.0,0.0,6.0,0,3,12.3277855
311807.0,4.0,1,13,1,5,51.0,2,1,3.0,4.0,4.0,0,3,12.3277855
311809.0,3.0,1,17,1,5,51.0,2,1,3.0,6.0,0.0,0,3,9.667829
311812.0,3.0,1,12,1,5,51.0,2,1,3.0,5.0,5.0,0,3,10.923706
311813.0,3.0,1,13,1,5,51.0,2,1,3.0,4.0,5.0,1,4,11.366755
311814.0,6.0,1,17,2,5,51.0,2,1,3.0,5.0,0.0,0,3,0.0
311815.0,2.0,1,17,2,5,51.0,2,1,3.0,5.0,0.0,0,4,10.659046
311817.0,4.0,0,16,1,5,51.0,2,1,5.0,2.0,8.0,0,5,13.684144
311817.0,5.0,1,12,1,5,51.0,2,1,3.0,5.0,5.0,0,5,13.684144
311825.0,4.0,1,16,1,5,51.0,1,1,3.0,5.0,5.0,0,5,11.034502
311828.0,2.0,1,16,1,5,51.0,1,1,3.0,6.0,0.0,0,4,0.0
311838.0,2.0,1,12,2,5,51.0,2,1,3.0,2.0,2.0,0,2,10.9759445
311839.0,3.0,1,15,2,5,51.0,2,1,3.0,5.0,5.0,0,2,11.191356
311839.0,4.0,1,13,1,5,51.0,2,1,3.0,3.0,3.0,0,2,11.191356
311840.0,3.0,1,14,1,5,51.0,2,1,3.0,3.0,4.0,1,1,11.578488
311840.0,4.0,1,13,2,5,51.0,2,1,3.0,2.0,3.0,1,1,11.578488
311841.0,4.0,1,13,2,5,51.0,2,1,3.0,5.0,5.0,1,4,10.828758
311843.0,3.0,0,15,2,5,51.0,1,1,5.0,2.0,8.0,0,5,14.0293
311845.0,2.0,1,16,1,5,51.0,1,1,5.0,1.0,8.0,0,2,10.498912
311846.0,3.0,1,15,2,5,51.0,1,1,3.0,1.0,0.0,0,2,12.166687
311846.0,4.0,1,12,2,5,51.0,1,1,3.0,3.0,3.0,0,2,12.166687
311848.0,4.0,1,16,2,5,51.0,1,1,3.0,6.0,0.0,0,3,10.818297
311851.0,3.0,0,17,2,5,51.0,1,1,6.0,0.0,9.0,0,2,12.192917
311851.0,4.0,1,15,1,5,51.0,1,1,3.0,4.0,5.0,1,2,12.192917
311851.0,5.0,1,12,2,5,51.0,1,1,3.0,4.0,5.0,1,2,12.192917
311852.0,4.0,0,15,1,5,51.0,2,1,5.0,0.0,6.0,0,2,11.930885
311852.0,5.0,1,12,1,5,51.0,2,1,3.0,2.0,2.0,0,2,11.930885
311852.0,6.0,1,12,1,5,51.0,2,1,3.0,2.0,3.0,1,2,11.930885
311853.0,4.0,1,13,1,5,51.0,2,1,3.0,4.0,4.0,0,2,10.497533
311856.0,9.0,1,13,2,5,51.0,2,1,3.0,2.0,2.0,0,5,13.75148
311857.0,2.0,1,17,2,5,51.0,2,1,3.0,6.0,6.0,0,4,11.852151
311857.0,3.0,1,15,2,5,51.0,2,1,3.0,5.0,5.0,1,4,11.852151
311857.0,4.0,0,13,1,5,51.0,2,1,5.0,0.0,6.0,0,4,11.852151
311867.0,6.0,1,16,2,5,51.0,2,1,3.0,2.0,2.0,0,4,12.607951
311868.0,4.0,0,16,1,5,51.0,2,1,5.0,1.0,7.0,0,3,12.957161
311870.0,5.0,1,16,2,5,51.0,2,1,3.0,0.0,0.0,0,1,10.503038
311872.0,7.0,1,17,2,5,51.0,2,1,3.0,4.0,0.0,0,2,10.570702
311873.0,7.0,0,17,2,5,51.0,2,1,6.0,0.0,9.0,0,5,13.342256
311874.0,5.0,1,14,1,5,51.0,2,1,3.0,3.0,3.0,0,2,10.331236
311876.0,2.0,1,12,1,5,51.0,2,1,3.0,4.0,4.0,0,2,13.011009
311878.0,3.0,0,15,2,5,51.0,2,1,5.0,1.0,7.0,0,3,11.076914
311882.0,3.0,1,14,2,5,51.0,1,1,3.0,5.0,5.0,0,4,12.084108
311882.0,4.0,0,12,2,5,51.0,1,1,5.0,0.0,6.0,0,4,12.084108
311883.0,2.0,1,12,1,5,51.0,1,1,3.0,3.0,3.0,0,2,11.297887
311884.0,3.0,0,16,2,5,51.0,1,1,5.0,2.0,8.0,0,4,13.078403
311889.0,3.0,1,16,1,5,51.0,2,1,3.0,3.0,4.0,1,2,10.508513
311891.0,3.0,0,17,2,5,51.0,2,1,6.0,0.0,9.0,0,2,11.443693
311891.0,4.0,1,15,1,5,51.0,2,1,3.0,3.0,0.0,0,2,11.443693
311892.0,3.0,0,17,2,5,51.0,2,1,5.0,1.0,7.0,0,2,11.906662
311892.0,4.0,1,15,2,5,51.0,2,1,3.0,2.0,2.0,0,2,11.906662
311892.0,5.0,1,12,2,5,51.0,2,1,3.0,5.0,5.0,0,2,11.906662
311894.0,2.0,1,12,2,5,51.0,2,1,3.0,1.0,2.0,1,2,8.160804
311895.0,5.0,0,16,2,5,51.0,2,1,5.0,2.0,8.0,0,3,12.773674
311897.0,4.0,1,16,2,5,51.0,2,1,3.0,5.0,5.0,0,1,10.778456
311900.0,3.0,1,12,2,5,51.0,2,1,3.0,5.0,5.0,0,3,11.993411
311905.0,4.0,1,16,2,5,51.0,2,1,3.0,5.0,5.0,0,2,11.259013
311905.0,5.0,1,13,1,5,51.0,2,1,3.0,5.0,5.0,0,2,11.259013
311906.0,3.0,1,12,2,5,51.0,1,1,3.0,4.0,4.0,0,5,13.263344
311908.0,3.0,0,15,2,5,51.0,1,1,5.0,1.0,7.0,0,4,12.676423
311911.0,3.0,0,17,2,5,51.0,1,1,5.0,1.0,7.0,0,4,13.030294
311911.0,4.0,0,15,1,5,51.0,1,1,5.0,2.0,8.0,0,4,13.030294
311917.0,6.0,1,16,1,5,51.0,2,1,3.0,5.0,5.0,0,1,11.885702
311917.0,7.0,1,13,1,5,51.0,2,1,3.0,2.0,2.0,0,1,11.885702
311918.0,3.0,1,14,2,5,51.0,2,1,3.0,3.0,3.0,0,4,10.675353
311923.0,3.0,1,13,1,5,51.0,2,1,3.0,2.0,2.0,0,2,11.247018
311926.0,4.0,1,14,2,5,51.0,1,1,3.0,5.0,5.0,0,4,11.369932
311932.0,2.0,1,17,2,5,51.0,1,1,3.0,4.0,5.0,1,2,11.22459
311932.0,3.0,1,15,1,5,51.0,1,1,3.0,5.0,5.0,0,2,11.22459
311934.0,5.0,0,16,2,5,51.0,2,1,5.0,2.0,8.0,0,2,13.766327
311934.0,6.0,1,14,1,5,51.0,2,1,3.0,4.0,4.0,0,2,13.766327
311939.0,3.0,1,15,1,5,51.0,2,1,3.0,4.0,5.0,1,2,11.362114
311939.0,4.0,1,12,1,5,51.0,2,1,3.0,3.0,3.0,0,2,11.362114
311940.0,3.0,1,14,2,5,51.0,2,1,3.0,5.0,5.0,0,3,10.403535
311946.0,4.0,0,17,1,5,51.0,1,1,6.0,0.0,9.0,0,4,13.228229
311948.0,3.0,1,16,2,5,51.0,1,1,3.0,3.0,0.0,0,5,0.0
311951.0,8.0,1,15,1,5,51.0,2,1,3.0,2.0,0.0,0,5,12.263874
311952.0,3.0,1,12,2,5,51.0,2,1,3.0,2.0,3.0,1,2,11.427379
311959.0,3.0,1,13,2,5,51.0,2,1,3.0,5.0,5.0,0,3,11.671859
311959.0,4.0,1,12,2,5,51.0,2,1,3.0,5.0,5.0,0,3,11.671859
311971.0,3.0,1,17,1,5,51.0,2,1,5.0,1.0,7.0,0,2,11.171857
311971.0,4.0,1,13,2,5,51.0,2,1,3.0,5.0,5.0,0,2,11.171857
311973.0,3.0,1,16,1,5,51.0,2,1,3.0,4.0,0.0,0,3,0.0
311975.0,2.0,1,17,1,5,51.0,2,1,3.0,3.0,3.0,0,2,11.291668
311975.0,3.0,1,12,2,5,51.0,2,1,3.0,2.0,2.0,0,2,11.291668
311977.0,3.0,1,17,1,5,51.0,2,1,3.0,3.0,0.0,0,2,10.982764
311977.0,4.0,1,16,2,5,51.0,2,1,3.0,2.0,3.0,1,2,10.982764
311977.0,5.0,1,13,2,5,51.0,2,1,3.0,1.0,2.0,1,2,10.982764
311978.0,3.0,0,13,1,5,51.0,2,1,5.0,0.0,6.0,0,5,13.333873
311981.0,2.0,1,13,1,5,51.0,2,1,3.0,4.0,5.0,1,3,10.615849
311983.0,2.0,1,12,1,5,51.0,2,1,3.0,2.0,2.0,0,4,10.409582
311986.0,5.0,0,16,2,5,51.0,2,1,5.0,2.0,8.0,0,3,12.800562
311986.0,8.0,1,14,1,5,51.0,2,1,3.0,4.0,4.0,0,3,12.800562
311987.0,4.0,0,17,2,5,51.0,1,1,5.0,1.0,8.0,1,2,11.50963
311989.0,3.0,0,16,1,5,51.0,1,1,5.0,2.0,8.0,0,4,12.885403
311989.0,4.0,0,13,2,5,51.0,1,1,5.0,0.0,6.0,0,4,12.885403
311989.0,7.0,1,16,1,5,51.0,1,1,3.0,3.0,0.0,0,4,12.885403
311992.0,3.0,0,17,2,5,51.0,1,1,5.0,1.0,8.0,1,3,11.8155155
311992.0,5.0,1,12,2,5,51.0,1,1,3.0,4.0,4.0,0,3,11.8155155
311993.0,2.0,1,12,1,5,51.0,1,1,3.0,3.0,3.0,0,4,11.176767
311995.0,2.0,0,16,1,5,51.0,1,1,5.0,2.0,8.0,0,2,12.362205
311995.0,3.0,0,15,2,5,51.0,1,1,5.0,0.0,6.0,0,2,12.362205
311995.0,4.0,1,12,1,5,51.0,1,1,3.0,4.0,4.0,0,2,12.362205
311996.0,3.0,1,15,2,5,51.0,2,1,3.0,4.0,4.0,0,4,11.315096
311996.0,4.0,1,12,2,5,51.0,2,1,3.0,2.0,2.0,0,4,11.315096
311998.0,4.0,1,17,2,5,51.0,2,1,3.0,3.0,4.0,0,2,10.35698
311999.0,4.0,1,13,2,5,51.0,2,1,3.0,5.0,6.0,1,5,13.115411
311999.0,5.0,1,12,1,5,51.0,2,1,3.0,1.0,0.0,0,5,13.115411
312000.0,4.0,1,17,2,5,51.0,2,1,3.0,3.0,3.0,1,1,11.675691
312000.0,5.0,1,14,2,5,51.0,2,1,3.0,3.0,3.0,1,1,11.675691
312002.0,3.0,0,15,2,5,51.0,2,1,5.0,0.0,6.0,0,4,12.018755
312004.0,5.0,1,17,1,5,51.0,2,1,3.0,4.0,0.0,0,1,11.568086
312004.0,6.0,1,14,1,5,51.0,2,1,3.0,5.0,5.0,0,1,11.568086
312006.0,3.0,1,13,2,5,51.0,1,1,3.0,5.0,5.0,1,2,10.596035
312011.0,4.0,0,16,1,5,51.0,1,1,5.0,1.0,7.0,1,3,12.504309
312018.0,3.0,1,17,2,5,51.0,2,1,3.0,6.0,0.0,0,2,10.308152
312018.0,4.0,1,16,1,5,51.0,2,1,3.0,4.0,0.0,0,2,10.308152
312018.0,5.0,1,13,2,5,51.0,2,1,3.0,2.0,2.0,0,2,10.308152
312019.0,3.0,1,17,1,5,51.0,2,1,3.0,4.0,0.0,0,1,11.065872
312019.0,4.0,1,15,2,5,51.0,2,1,3.0,4.0,4.0,0,1,11.065872
312019.0,5.0,1,14,1,5,51.0,2,1,3.0,1.0,1.0,0,1,11.065872
312020.0,4.0,1,14,2,5,51.0,2,1,3.0,2.0,2.0,0,2,10.816292
312021.0,3.0,1,15,2,5,51.0,2,1,3.0,3.0,3.0,0,3,11.462957
312021.0,4.0,1,12,1,5,51.0,2,1,3.0,2.0,2.0,0,3,11.462957
312023.0,3.0,0,16,1,5,51.0,2,1,5.0,0.0,6.0,0,5,12.010277
312026.0,3.0,1,13,2,5,51.0,2,1,3.0,4.0,4.0,0,3,10.415592
312027.0,3.0,1,13,2,5,51.0,2,1,3.0,4.0,4.0,1,4,11.018235
312029.0,3.0,1,16,2,5,51.0,2,1,3.0,5.0,5.0,0,4,10.632871
312030.0,3.0,0,15,1,5,51.0,2,1,5.0,0.0,6.0,0,4,12.063419
312033.0,3.0,1,14,2,5,51.0,1,1,3.0,3.0,3.0,0,3,12.35869
312035.0,5.0,1,16,1,5,51.0,1,1,3.0,5.0,5.0,0,3,10.702705
312037.0,3.0,1,13,1,5,51.0,1,1,3.0,4.0,4.0,0,2,11.188593
312039.0,4.0,1,12,1,5,51.0,1,1,3.0,0.0,1.0,1,3,10.923706
312048.0,3.0,0,16,1,5,51.0,2,1,5.0,2.0,8.0,0,2,12.045382
312049.0,4.0,1,16,2,5,51.0,2,1,3.0,4.0,4.0,0,1,11.563152
312049.0,5.0,1,15,1,5,51.0,2,1,3.0,2.0,0.0,0,1,11.563152
312049.0,6.0,1,14,2,5,51.0,2,1,3.0,3.0,3.0,0,1,11.563152
312049.0,7.0,1,12,2,5,51.0,2,1,3.0,0.0,14.0,0,1,11.563152
312050.0,3.0,0,17,1,5,51.0,2,1,6.0,0.0,9.0,0,4,12.842586
312050.0,4.0,1,13,2,5,51.0,2,1,3.0,4.0,4.0,0,4,12.842586
312052.0,5.0,0,16,2,5,51.0,2,1,5.0,0.0,6.0,0,3,12.720097
312052.0,6.0,1,14,1,5,51.0,2,1,3.0,4.0,4.0,0,3,12.720097
312052.0,7.0,1,13,2,5,51.0,2,1,3.0,3.0,3.0,0,3,12.720097
312053.0,3.0,0,17,2,5,51.0,2,1,6.0,1.0,10.0,0,3,13.08297
312053.0,4.0,1,13,2,5,51.0,2,1,3.0,3.0,3.0,0,3,13.08297
312054.0,3.0,1,12,2,5,51.0,2,1,3.0,2.0,2.0,0,3,9.667829
312055.0,3.0,1,13,2,5,51.0,2,1,3.0,4.0,4.0,0,3,10.640078
312057.0,3.0,1,13,1,5,51.0,2,1,3.0,4.0,4.0,0,5,13.208543
312058.0,3.0,0,16,1,5,51.0,2,1,5.0,1.0,7.0,0,5,13.709995
312059.0,3.0,0,16,1,5,51.0,2,1,5.0,0.0,6.0,0,3,11.968995
312060.0,3.0,1,12,1,5,51.0,2,1,3.0,2.0,2.0,0,1,10.570702
312061.0,4.0,1,14,1,5,51.0,2,1,3.0,4.0,4.0,0,4,11.282896
312065.0,4.0,1,15,1,5,51.0,2,1,3.0,1.0,0.0,0,1,0.0
312069.0,3.0,1,13,2,5,51.0,2,1,3.0,5.0,5.0,0,2,11.471333
312071.0,4.0,0,15,2,5,51.0,2,1,5.0,2.0,8.0,0,5,12.314192
312073.0,2.0,1,14,1,5,51.0,2,1,3.0,4.0,4.0,0,4,11.279113
312084.0,2.0,0,15,2,5,51.0,1,1,5.0,0.0,6.0,0,5,13.590316
312087.0,2.0,1,12,1,5,51.0,2,1,3.0,1.0,,0,3,0.0
312088.0,2.0,1,15,2,5,51.0,2,1,3.0,5.0,,0,5,11.382258
312088.0,3.0,1,12,2,5,51.0,2,1,3.0,1.0,,0,5,11.382258
312089.0,4.0,1,17,1,5,51.0,2,1,3.0,5.0,,0,1,11.834291
312089.0,5.0,1,14,2,5,51.0,2,1,3.0,4.0,,0,1,11.834291
312095.0,3.0,1,15,1,5,51.0,1,1,3.0,3.0,,0,5,11.31996
312097.0,3.0,1,14,1,5,51.0,1,1,3.0,5.0,,0,4,12.030236
312097.0,4.0,1,13,2,5,51.0,1,1,3.0,5.0,,0,4,12.030236
312099.0,3.0,1,16,1,5,51.0,1,1,5.0,0.0,,0,3,12.856836
312099.0,4.0,1,13,1,5,51.0,1,1,5.0,0.0,,0,3,12.856836
312099.0,5.0,1,12,2,5,51.0,1,1,3.0,5.0,,0,3,12.856836
312102.0,4.0,1,15,2,5,51.0,1,1,3.0,4.0,,0,5,11.170449
312103.0,4.0,0,17,1,5,51.0,1,1,5.0,2.0,,0,3,12.231404
312103.0,5.0,1,15,1,5,51.0,1,1,5.0,0.0,,0,3,12.231404
312104.0,2.0,1,12,2,5,51.0,2,1,3.0,1.0,,1,3,11.490179
312105.0,3.0,1,14,1,5,51.0,2,1,3.0,4.0,,1,5,13.6318
312105.0,4.0,1,13,2,5,51.0,2,1,3.0,5.0,,0,5,13.6318
312107.0,6.0,0,17,1,5,51.0,2,1,5.0,1.0,,0,2,12.677859
312107.0,7.0,1,15,1,5,51.0,2,1,3.0,5.0,,0,2,12.677859
312107.0,8.0,1,15,1,5,51.0,2,1,3.0,5.0,,0,2,12.677859
312109.0,7.0,1,16,2,5,51.0,2,1,3.0,3.0,,0,2,11.248322
312111.0,6.0,0,17,2,5,51.0,2,1,5.0,0.0,,0,3,10.25277
312113.0,5.0,1,14,2,5,51.0,1,1,3.0,5.0,,0,5,14.063913
312122.0,5.0,0,15,1,5,51.0,2,1,5.0,1.0,,0,3,12.986637
312123.0,3.0,1,12,2,5,51.0,2,1,3.0,3.0,,0,4,12.029938
312125.0,4.0,1,14,2,5,51.0,2,1,3.0,4.0,,0,4,11.326005
312127.0,3.0,1,17,1,5,51.0,2,1,3.0,6.0,,0,1,0.0
312128.0,3.0,0,13,1,5,51.0,2,1,5.0,0.0,,0,2,12.208001
312128.0,4.0,1,13,1,5,51.0,2,1,3.0,5.0,,0,2,12.208001
312129.0,3.0,0,16,2,5,51.0,2,1,5.0,3.0,,0,4,11.334229
312135.0,3.0,1,16,1,5,51.0,2,1,3.0,6.0,,0,1,11.935582
312135.0,4.0,1,15,2,5,51.0,2,1,3.0,5.0,,0,1,11.935582
312135.0,5.0,1,14,2,5,51.0,2,1,3.0,3.0,,0,1,11.935582
312139.0,3.0,0,16,2,5,51.0,2,1,6.0,0.0,,0,5,13.294737
312139.0,4.0,1,15,1,5,51.0,2,1,3.0,4.0,,1,5,13.294737
312140.0,2.0,1,16,1,5,52.0,2,1,3.0,2.0,0.0,0,2,10.6914
312140.0,3.0,1,12,2,5,52.0,2,1,3.0,1.0,2.0,1,2,10.6914
312142.0,3.0,1,12,2,5,52.0,2,1,3.0,5.0,5.0,0,3,11.025995
312143.0,5.0,1,16,2,5,52.0,2,1,3.0,6.0,6.0,0,1,11.570732
312147.0,3.0,0,16,1,5,52.0,2,1,5.0,0.0,6.0,0,2,11.912278
312147.0,4.0,1,12,1,5,52.0,2,1,3.0,3.0,3.0,0,2,11.912278
312149.0,3.0,1,17,1,5,52.0,2,1,3.0,3.0,3.0,0,4,11.73227
312149.0,4.0,1,14,2,5,52.0,2,1,3.0,3.0,3.0,0,4,11.73227
312153.0,3.0,1,16,1,5,52.0,2,1,3.0,4.0,0.0,0,4,0.0
312154.0,7.0,1,14,1,5,52.0,2,1,5.0,0.0,6.0,0,1,12.410384
312156.0,2.0,1,17,1,5,52.0,2,1,3.0,1.0,0.0,0,5,0.0
312157.0,6.0,1,13,2,5,52.0,2,1,3.0,2.0,2.0,0,2,10.490607
312162.0,3.0,1,14,1,5,52.0,2,1,3.0,0.0,0.0,0,4,0.0
312162.0,4.0,1,13,2,5,52.0,2,1,3.0,0.0,0.0,0,4,0.0
312163.0,7.0,1,17,2,5,52.0,2,1,3.0,1.0,0.0,0,5,12.799402
312164.0,3.0,1,13,2,5,52.0,2,1,3.0,3.0,3.0,0,5,12.006255
312164.0,4.0,1,12,2,5,52.0,2,1,3.0,2.0,2.0,0,5,12.006255
312165.0,3.0,0,16,1,5,52.0,2,1,5.0,1.0,7.0,0,5,13.4655285
312165.0,4.0,1,13,2,5,52.0,2,1,3.0,4.0,4.0,0,5,13.4655285
312165.0,10.0,1,13,1,5,52.0,2,1,3.0,1.0,0.0,0,5,13.4655285
312165.0,11.0,1,14,1,5,52.0,2,1,3.0,2.0,3.0,1,5,13.4655285
312165.0,12.0,1,15,1,5,52.0,2,0,,,,0,5,13.4655285
312166.0,6.0,1,15,2,5,52.0,2,0,,,,0,5,11.350418
312167.0,5.0,0,16,2,5,52.0,1,1,5.0,2.0,8.0,0,5,12.9720545
312168.0,5.0,1,16,1,5,52.0,1,1,3.0,5.0,0.0,0,2,8.6307
312169.0,5.0,1,16,1,5,52.0,1,1,3.0,2.0,0.0,0,3,11.180957
312171.0,5.0,1,16,2,5,52.0,1,1,3.0,3.0,3.0,0,3,11.3510065
312174.0,3.0,1,15,2,5,52.0,1,1,5.0,0.0,6.0,0,4,12.9214115
312178.0,3.0,1,17,2,5,52.0,2,0,,,,0,1,11.762602
312178.0,4.0,0,15,1,5,52.0,2,1,5.0,0.0,6.0,0,1,11.762602
312179.0,3.0,1,14,2,5,52.0,2,1,3.0,3.0,3.0,0,1,11.631828
312179.0,4.0,1,13,2,5,52.0,2,1,3.0,2.0,2.0,0,1,11.631828
312181.0,7.0,1,15,1,5,52.0,2,1,3.0,5.0,0.0,0,4,13.272439
312182.0,3.0,1,17,1,5,52.0,2,1,3.0,1.0,0.0,0,2,10.340968
312182.0,4.0,1,13,1,5,52.0,2,1,3.0,1.0,1.0,0,2,10.340968
312186.0,4.0,0,15,2,5,52.0,1,1,6.0,0.0,9.0,0,5,13.201657
312187.0,4.0,1,12,1,5,52.0,1,1,3.0,3.0,3.0,0,5,12.958575
312190.0,3.0,0,16,2,5,52.0,1,1,6.0,0.0,9.0,0,2,12.522109
312190.0,4.0,1,13,1,5,52.0,1,1,3.0,5.0,5.0,0,2,12.522109
312192.0,2.0,1,17,1,5,52.0,1,1,3.0,2.0,0.0,0,1,11.045335
312192.0,3.0,1,14,2,5,52.0,1,1,3.0,4.0,4.0,0,1,11.045335
312192.0,4.0,1,12,2,5,52.0,1,1,3.0,3.0,3.0,0,1,11.045335
312198.0,3.0,1,17,2,5,52.0,2,1,3.0,6.0,6.0,0,3,12.651754
312198.0,4.0,1,17,2,5,52.0,2,1,3.0,4.0,5.0,1,3,12.651754
312198.0,5.0,1,14,1,5,52.0,2,1,3.0,4.0,4.0,0,3,12.651754
312199.0,5.0,1,13,1,5,52.0,2,1,3.0,5.0,5.0,0,3,11.85599
312203.0,3.0,0,16,2,5,52.0,2,1,5.0,1.0,7.0,0,3,11.95415
312203.0,4.0,1,13,2,5,52.0,2,1,3.0,4.0,4.0,0,3,11.95415
312205.0,3.0,0,17,1,5,52.0,2,1,5.0,0.0,7.0,0,3,11.255721
312205.0,4.0,0,14,2,5,52.0,2,1,5.0,0.0,6.0,0,3,11.255721
312206.0,6.0,1,17,2,5,52.0,2,1,3.0,5.0,0.0,0,2,10.774279
312206.0,7.0,1,15,1,5,52.0,2,1,3.0,5.0,5.0,0,2,10.774279
312208.0,3.0,1,13,1,5,52.0,2,1,3.0,0.0,1.0,1,1,10.324695
312212.0,3.0,1,13,1,5,52.0,2,1,3.0,4.0,4.0,0,1,12.120521
312216.0,3.0,1,17,1,5,52.0,2,1,3.0,4.0,0.0,0,1,10.943075
312216.0,4.0,0,15,2,5,52.0,2,1,5.0,0.0,6.0,0,1,10.943075
312217.0,3.0,1,17,1,5,52.0,2,1,3.0,4.0,0.0,0,2,11.297887
312217.0,4.0,1,14,1,5,52.0,2,1,3.0,4.0,0.0,0,2,11.297887
312217.0,5.0,1,12,2,5,52.0,2,1,3.0,4.0,4.0,0,2,11.297887
312220.0,4.0,0,16,2,5,52.0,2,1,5.0,2.0,8.0,0,2,12.093525
312220.0,5.0,1,14,1,5,52.0,2,1,3.0,3.0,0.0,0,2,12.093525
312221.0,4.0,0,16,2,5,52.0,1,1,5.0,1.0,7.0,0,1,11.64624
312222.0,7.0,1,14,2,5,52.0,1,1,3.0,1.0,0.0,0,4,12.483708
312222.0,8.0,1,12,2,5,52.0,1,1,3.0,2.0,2.0,0,4,12.483708
312232.0,3.0,1,13,2,5,52.0,2,1,3.0,3.0,4.0,1,2,11.44733
312234.0,3.0,1,14,2,5,52.0,2,1,3.0,3.0,3.0,0,1,11.76077
312241.0,5.0,1,16,2,5,52.0,1,1,3.0,3.0,3.0,0,1,11.270548
312246.0,3.0,1,16,2,5,52.0,1,1,3.0,2.0,0.0,0,2,9.392745
312246.0,4.0,1,14,2,5,52.0,1,1,3.0,3.0,0.0,0,2,9.392745
312247.0,3.0,1,16,2,5,52.0,1,1,3.0,5.0,5.0,0,1,12.03232
312247.0,4.0,1,14,2,5,52.0,1,1,3.0,4.0,4.0,0,1,12.03232
312247.0,5.0,1,12,1,5,52.0,1,1,3.0,3.0,3.0,0,1,12.03232
312248.0,2.0,1,16,1,5,52.0,2,1,3.0,5.0,6.0,1,4,10.837147
312249.0,6.0,0,17,2,5,52.0,2,1,5.0,2.0,8.0,0,3,13.565074
312251.0,3.0,1,15,1,5,52.0,2,1,3.0,4.0,4.0,0,1,11.629161
312251.0,4.0,1,14,1,5,52.0,2,1,3.0,4.0,4.0,0,1,11.629161
312251.0,5.0,1,12,2,5,52.0,2,1,3.0,3.0,3.0,0,1,11.629161
312253.0,5.0,1,14,2,5,52.0,2,1,3.0,2.0,0.0,0,2,11.050906
312255.0,4.0,1,12,2,5,52.0,2,1,3.0,1.0,2.0,0,3,10.632871
312256.0,2.0,1,16,1,5,52.0,2,1,3.0,3.0,3.0,0,4,10.6436615
312257.0,3.0,1,13,2,5,52.0,2,1,3.0,2.0,3.0,1,1,11.162673
312259.0,3.0,1,12,1,5,52.0,2,1,3.0,1.0,2.0,1,2,11.497314
312262.0,3.0,1,16,1,5,52.0,2,1,3.0,4.0,5.0,0,4,10.403535
312263.0,2.0,1,14,1,5,52.0,2,0,,,,0,2,0.0
312264.0,3.0,1,16,1,5,52.0,2,1,3.0,4.0,4.0,0,1,11.189284
312264.0,4.0,1,16,1,5,52.0,2,1,3.0,2.0,2.0,0,1,11.189284
312268.0,3.0,1,13,2,5,52.0,2,1,3.0,4.0,4.0,0,2,10.462418
312269.0,4.0,1,13,2,5,52.0,2,1,3.0,4.0,4.0,0,1,11.953668
312272.0,5.0,1,17,1,5,52.0,2,1,3.0,4.0,4.0,0,1,12.033658
312272.0,6.0,1,14,1,5,52.0,2,1,3.0,3.0,3.0,0,1,12.033658
312276.0,4.0,1,13,2,5,52.0,2,1,3.0,4.0,5.0,1,1,11.289169
312278.0,3.0,1,15,1,5,52.0,2,1,3.0,6.0,6.0,0,2,11.696505
312278.0,4.0,1,12,2,5,52.0,2,1,3.0,4.0,4.0,0,2,11.696505
312280.0,4.0,1,14,1,5,52.0,2,1,3.0,1.0,2.0,1,1,10.308152
312284.0,3.0,1,12,1,5,52.0,2,1,3.0,4.0,4.0,0,3,12.98792
312285.0,8.0,0,16,1,5,52.0,2,1,6.0,1.0,10.0,0,4,14.6103115
312287.0,4.0,1,13,2,5,52.0,2,1,3.0,4.0,4.0,0,1,11.183741
312290.0,3.0,1,16,2,5,52.0,2,1,3.0,3.0,3.0,0,2,11.396403
312290.0,4.0,1,16,2,5,52.0,2,1,3.0,5.0,5.0,0,2,11.396403
312291.0,3.0,0,15,1,5,52.0,2,1,5.0,1.0,7.0,0,3,12.931108
312292.0,3.0,1,14,2,5,52.0,2,1,3.0,5.0,5.0,0,2,11.973201
312294.0,6.0,0,17,1,5,52.0,1,1,5.0,1.0,7.0,0,2,13.169048
312294.0,7.0,1,12,2,5,52.0,1,1,3.0,3.0,3.0,0,2,13.169048
312298.0,3.0,1,12,2,5,52.0,1,1,3.0,4.0,5.0,1,1,11.081388
312302.0,2.0,1,16,1,5,52.0,2,1,3.0,2.0,3.0,1,2,11.380548
312303.0,3.0,1,17,2,5,52.0,2,1,3.0,5.0,5.0,0,2,12.032618
312303.0,4.0,1,13,2,5,52.0,2,1,3.0,5.0,5.0,0,2,12.032618
312309.0,3.0,1,15,1,5,52.0,2,1,3.0,2.0,2.0,0,1,10.55779
312310.0,2.0,1,12,2,5,52.0,2,1,3.0,2.0,2.0,0,1,10.55779
312312.0,3.0,1,12,1,5,52.0,2,1,3.0,2.0,2.0,0,2,10.552578
312313.0,5.0,0,16,1,5,52.0,2,1,6.0,2.0,11.0,0,1,13.14102
312313.0,6.0,0,15,2,5,52.0,2,1,5.0,2.0,8.0,0,1,13.14102
312313.0,7.0,0,15,1,5,52.0,2,1,5.0,1.0,7.0,0,1,13.14102
312313.0,8.0,0,15,2,5,52.0,2,1,5.0,1.0,7.0,0,1,13.14102
312314.0,5.0,0,15,2,5,52.0,2,1,5.0,1.0,7.0,0,1,11.868647
312315.0,3.0,1,15,2,5,52.0,2,1,3.0,4.0,4.0,0,1,11.50238
312315.0,4.0,1,15,1,5,52.0,2,1,3.0,3.0,3.0,0,1,11.50238
312315.0,7.0,1,15,2,5,52.0,2,1,3.0,2.0,0.0,0,1,11.50238
312316.0,3.0,0,16,2,5,52.0,2,1,5.0,1.0,7.0,0,5,13.822209
312316.0,4.0,0,14,2,5,52.0,2,1,5.0,0.0,6.0,0,5,13.822209
312319.0,5.0,1,14,1,5,52.0,2,1,3.0,3.0,3.0,0,2,11.988606
312323.0,3.0,1,12,2,5,52.0,2,1,3.0,3.0,3.0,0,1,11.34983
312326.0,5.0,1,16,1,5,52.0,2,1,3.0,4.0,4.0,0,1,12.178886
312327.0,4.0,1,16,1,5,52.0,2,1,3.0,3.0,0.0,0,1,8.517393
312329.0,5.0,0,16,1,5,52.0,2,1,5.0,1.0,7.0,0,2,12.166869
312329.0,6.0,1,13,1,5,52.0,2,1,3.0,3.0,3.0,0,2,12.166869
312332.0,5.0,1,17,1,5,52.0,2,1,3.0,2.0,0.0,0,3,0.0
312337.0,2.0,1,17,2,5,52.0,2,1,3.0,3.0,0.0,0,1,0.0
312338.0,3.0,1,12,1,5,52.0,2,1,3.0,3.0,3.0,0,1,11.765441
312339.0,2.0,1,17,1,5,52.0,2,1,3.0,1.0,0.0,0,2,11.179912
312339.0,3.0,1,12,2,5,52.0,2,1,3.0,4.0,4.0,0,2,11.179912
312342.0,3.0,1,12,1,5,52.0,2,1,3.0,3.0,4.0,1,5,13.450012
312343.0,3.0,0,16,2,5,52.0,2,1,5.0,0.0,6.0,0,4,11.722465
312343.0,4.0,1,13,2,5,52.0,2,1,3.0,5.0,5.0,0,4,11.722465
312344.0,5.0,0,17,1,5,52.0,2,1,5.0,1.0,7.0,0,3,14.134736
312344.0,6.0,0,17,2,5,52.0,2,1,5.0,0.0,6.0,0,3,14.134736
312344.0,7.0,1,16,2,5,52.0,2,1,3.0,5.0,5.0,0,3,14.134736
312344.0,8.0,0,16,1,5,52.0,2,1,5.0,2.0,8.0,0,3,14.134736
312344.0,9.0,0,16,1,5,52.0,2,1,5.0,1.0,7.0,0,3,14.134736
312344.0,10.0,1,15,2,5,52.0,2,1,3.0,3.0,3.0,0,3,14.134736
312344.0,11.0,1,15,2,5,52.0,2,1,3.0,3.0,3.0,0,3,14.134736
312344.0,12.0,1,13,1,5,52.0,2,1,3.0,2.0,3.0,1,3,14.134736
312345.0,4.0,1,16,2,5,52.0,2,1,3.0,5.0,5.0,0,2,12.227276
312345.0,5.0,1,14,1,5,52.0,2,1,3.0,2.0,2.0,0,2,12.227276
312347.0,2.0,1,14,2,5,52.0,1,1,3.0,5.0,6.0,0,2,11.55767
312353.0,3.0,1,12,1,5,52.0,1,1,3.0,4.0,4.0,0,3,12.767432
312357.0,2.0,0,17,2,5,52.0,2,1,5.0,2.0,8.0,0,2,11.710226
312357.0,3.0,1,13,2,5,52.0,2,1,3.0,3.0,3.0,0,2,11.710226
312358.0,2.0,1,15,1,5,52.0,2,1,3.0,2.0,0.0,0,1,0.0
312360.0,3.0,1,13,2,5,52.0,2,1,3.0,3.0,3.0,0,2,11.270229
312367.0,6.0,1,16,1,5,52.0,2,1,3.0,3.0,0.0,0,5,11.927027
312368.0,3.0,1,17,1,5,52.0,2,1,3.0,3.0,0.0,0,4,11.362114
312369.0,2.0,1,13,1,5,52.0,2,1,3.0,5.0,5.0,0,2,10.848871
312372.0,3.0,1,14,2,5,52.0,2,1,3.0,4.0,4.0,0,1,11.7708645
312374.0,3.0,0,17,1,5,52.0,1,1,5.0,1.0,7.0,0,2,12.824849
312374.0,4.0,0,15,1,5,52.0,1,1,5.0,0.0,0.0,0,2,12.824849
312374.0,5.0,0,15,2,5,52.0,1,1,5.0,0.0,7.0,1,2,12.824849
312374.0,6.0,1,13,1,5,52.0,1,1,3.0,4.0,0.0,0,2,12.824849
312376.0,5.0,1,16,1,5,52.0,1,1,3.0,1.0,0.0,0,2,0.0
312377.0,3.0,0,17,2,5,52.0,1,1,5.0,2.0,8.0,0,1,11.545741
312377.0,4.0,1,16,1,5,52.0,1,1,3.0,3.0,0.0,0,1,11.545741
312381.0,3.0,0,16,1,5,52.0,1,1,5.0,1.0,7.0,0,1,12.409813
312381.0,4.0,0,13,2,5,52.0,1,1,5.0,0.0,6.0,0,1,12.409813
312385.0,4.0,1,17,1,5,52.0,2,1,3.0,5.0,0.0,0,2,12.096877
312387.0,6.0,1,12,2,5,52.0,2,1,3.0,2.0,3.0,1,5,12.680989
312388.0,3.0,1,13,2,5,52.0,2,1,3.0,5.0,5.0,0,5,11.102488
312390.0,4.0,1,16,1,5,52.0,2,1,3.0,4.0,4.0,0,3,11.847868
312391.0,3.0,0,17,1,5,52.0,2,1,5.0,2.0,8.0,0,3,11.769125
312391.0,4.0,1,14,2,5,52.0,2,1,3.0,3.0,3.0,0,3,11.769125
312392.0,3.0,1,12,1,5,52.0,2,1,3.0,2.0,2.0,0,2,11.090584
312393.0,4.0,0,14,2,5,52.0,2,1,5.0,1.0,7.0,0,4,13.046985
312395.0,3.0,0,17,1,5,52.0,2,1,5.0,1.0,7.0,0,2,12.142712
312400.0,5.0,1,15,2,5,52.0,2,0,,,,0,2,0.0
312401.0,4.0,1,12,2,5,52.0,2,1,3.0,3.0,4.0,1,2,10.765871
312402.0,3.0,1,16,2,5,52.0,2,1,3.0,5.0,5.0,0,3,10.630456
312406.0,2.0,0,16,1,5,52.0,2,1,5.0,1.0,7.0,0,4,11.102865
312407.0,2.0,0,16,2,5,52.0,2,1,5.0,2.0,8.0,0,4,12.681285
312407.0,3.0,0,13,2,5,52.0,2,1,5.0,0.0,6.0,0,4,12.681285
312407.0,5.0,1,13,2,5,52.0,2,1,3.0,4.0,4.0,0,4,12.681285
312408.0,3.0,1,15,1,5,52.0,2,1,3.0,4.0,5.0,0,2,11.487105
312409.0,4.0,1,13,1,5,52.0,2,1,3.0,0.0,0.0,0,4,10.512601
312413.0,3.0,1,16,2,5,52.0,2,1,3.0,5.0,5.0,0,1,11.183741
312413.0,4.0,1,14,1,5,52.0,2,1,5.0,1.0,0.0,0,1,11.183741
312414.0,6.0,1,17,2,5,52.0,2,1,3.0,1.0,1.0,0,5,14.8654
312414.0,7.0,0,16,1,5,52.0,2,1,6.0,1.0,10.0,0,5,14.8654
312416.0,3.0,1,17,2,5,52.0,2,1,3.0,1.0,0.0,0,1,11.111716
312416.0,4.0,1,14,2,5,52.0,2,1,3.0,3.0,3.0,0,1,11.111716
312416.0,5.0,1,14,2,5,52.0,2,1,3.0,1.0,1.0,0,1,11.111716
312417.0,4.0,1,14,1,5,52.0,2,1,3.0,2.0,2.0,0,4,11.401446
312419.0,2.0,1,14,1,5,52.0,2,1,3.0,1.0,2.0,1,5,11.642646
312423.0,3.0,1,12,2,5,52.0,2,1,3.0,1.0,1.0,0,1,10.274223
312426.0,4.0,1,12,2,5,52.0,2,1,3.0,2.0,2.0,0,1,11.2378435
312427.0,4.0,1,15,1,5,52.0,2,1,3.0,4.0,4.0,0,1,11.15555
312428.0,3.0,1,16,2,5,52.0,1,1,3.0,0.0,1.0,1,1,11.39556
312428.0,4.0,1,15,2,5,52.0,1,1,3.0,1.0,1.0,0,1,11.39556
312428.0,5.0,1,13,2,5,52.0,1,1,3.0,0.0,1.0,1,1,11.39556
312429.0,3.0,1,12,1,5,52.0,1,1,3.0,0.0,14.0,0,2,11.471593
312430.0,2.0,1,17,2,5,52.0,1,1,3.0,4.0,4.0,0,3,11.834291
312430.0,3.0,1,16,1,5,52.0,1,1,3.0,3.0,3.0,0,3,11.834291
312430.0,4.0,1,15,1,5,52.0,1,1,3.0,3.0,3.0,0,3,11.834291
312431.0,5.0,1,14,1,5,52.0,1,1,3.0,3.0,3.0,0,1,11.8899975
312431.0,6.0,1,12,1,5,52.0,1,1,3.0,0.0,1.0,1,1,11.8899975
312432.0,2.0,0,16,2,5,52.0,1,1,6.0,0.0,9.0,0,4,11.315218
312434.0,4.0,0,17,1,5,52.0,1,1,5.0,2.0,8.0,0,3,11.928248
312434.0,5.0,1,15,1,5,52.0,1,1,3.0,4.0,4.0,0,3,11.928248
312434.0,6.0,1,13,2,5,52.0,1,1,3.0,3.0,3.0,0,3,11.928248
312437.0,4.0,1,16,2,5,52.0,2,1,3.0,4.0,4.0,0,1,10.284523
312440.0,3.0,1,17,1,5,52.0,2,1,3.0,5.0,0.0,0,1,11.682888
312440.0,4.0,1,15,1,5,52.0,2,1,3.0,5.0,6.0,0,1,11.682888
312440.0,5.0,1,13,2,5,52.0,2,1,3.0,4.0,4.0,0,1,11.682888
312447.0,3.0,1,15,2,5,52.0,1,1,3.0,4.0,4.0,0,4,11.775297
312449.0,3.0,1,15,2,5,52.0,1,1,3.0,3.0,0.0,0,2,10.106469
312449.0,4.0,1,14,2,5,52.0,1,1,3.0,3.0,3.0,0,2,10.106469
312449.0,5.0,1,12,2,5,52.0,1,1,3.0,2.0,3.0,1,2,10.106469
312450.0,5.0,0,17,2,5,52.0,1,1,5.0,2.0,8.0,0,5,12.256224
312451.0,3.0,0,15,1,5,52.0,1,1,5.0,1.0,7.0,0,4,12.095482
312452.0,3.0,1,14,1,5,52.0,1,1,3.0,5.0,5.0,0,1,11.464271
312452.0,4.0,1,13,1,5,52.0,1,1,3.0,3.0,3.0,0,1,11.464271
312453.0,3.0,0,15,2,5,52.0,1,1,5.0,0.0,6.0,0,2,11.839607
312463.0,4.0,1,16,2,5,52.0,2,1,3.0,4.0,0.0,0,1,10.746692
312465.0,4.0,0,17,1,5,52.0,1,1,5.0,1.0,7.0,0,3,12.770124
312465.0,5.0,1,14,1,5,52.0,1,1,3.0,2.0,2.0,0,3,12.770124
312466.0,3.0,1,14,1,5,52.0,1,1,3.0,3.0,3.0,0,3,11.639787
312467.0,3.0,0,15,2,5,52.0,1,1,5.0,2.0,8.0,0,4,11.96598
312467.0,6.0,1,17,1,5,52.0,1,1,3.0,3.0,0.0,0,4,11.96598
312468.0,4.0,1,15,2,5,52.0,1,1,5.0,0.0,0.0,0,2,10.684554
312468.0,5.0,1,12,1,5,52.0,1,1,3.0,1.0,1.0,0,2,10.684554
312472.0,3.0,1,12,1,5,52.0,1,1,3.0,3.0,3.0,0,4,11.1697445
312476.0,5.0,1,12,2,5,52.0,2,1,3.0,2.0,3.0,1,4,10.608464
312478.0,4.0,1,16,2,5,52.0,2,1,3.0,2.0,2.0,0,3,10.684554
312480.0,5.0,1,13,1,5,52.0,2,1,3.0,2.0,2.0,0,1,11.361241
312486.0,3.0,1,14,1,5,52.0,2,1,3.0,4.0,4.0,0,1,11.10422
312488.0,4.0,1,14,2,5,52.0,2,1,3.0,5.0,5.0,0,4,11.99109
312489.0,4.0,1,17,2,5,52.0,2,1,3.0,3.0,4.0,0,2,0.0
312491.0,3.0,0,16,1,5,52.0,2,1,5.0,1.0,7.0,0,2,12.0076885
312491.0,4.0,1,13,1,5,52.0,2,1,3.0,3.0,3.0,0,2,12.0076885
312492.0,5.0,1,16,1,5,52.0,2,1,3.0,5.0,5.0,0,2,11.384535
312492.0,6.0,1,12,1,5,52.0,2,1,3.0,2.0,2.0,0,2,11.384535
312495.0,3.0,1,13,2,5,52.0,2,1,3.0,2.0,3.0,1,3,11.001283
312495.0,4.0,1,15,1,5,52.0,2,1,3.0,3.0,3.0,0,3,11.001283
312496.0,5.0,1,15,2,5,52.0,2,1,3.0,2.0,3.0,0,2,11.383226
312498.0,5.0,1,17,1,5,52.0,2,1,3.0,5.0,0.0,0,2,11.042538
312500.0,2.0,1,15,1,5,52.0,2,1,3.0,2.0,2.0,1,5,10.620742
312502.0,4.0,1,15,1,5,52.0,2,1,3.0,4.0,4.0,0,2,10.351405
312503.0,3.0,1,13,2,5,52.0,2,1,3.0,3.0,3.0,0,1,10.659046
312508.0,4.0,1,16,2,5,52.0,2,1,3.0,2.0,2.0,0,1,11.050112
312510.0,2.0,0,15,2,5,52.0,1,1,5.0,2.0,8.0,0,5,12.639027
312511.0,2.0,0,16,1,5,52.0,1,1,5.0,0.0,6.0,0,1,12.212234
312511.0,3.0,1,14,1,5,52.0,1,1,3.0,5.0,5.0,0,1,12.212234
312511.0,4.0,1,12,1,5,52.0,1,1,3.0,4.0,4.0,0,1,12.212234
312512.0,3.0,1,15,1,5,52.0,1,1,3.0,2.0,0.0,0,4,11.643305
312512.0,4.0,1,13,1,5,52.0,1,1,3.0,2.0,2.0,0,4,11.643305
312513.0,3.0,0,17,2,5,52.0,1,1,6.0,0.0,9.0,0,5,13.930107
312513.0,4.0,0,15,2,5,52.0,1,1,5.0,2.0,8.0,0,5,13.930107
312513.0,5.0,0,13,2,5,52.0,1,1,5.0,0.0,6.0,0,5,13.930107
312516.0,2.0,1,14,1,5,52.0,1,1,3.0,5.0,5.0,0,5,11.440366
312517.0,4.0,0,13,2,5,52.0,1,1,5.0,1.0,7.0,0,5,13.995096
312517.0,5.0,0,12,2,5,52.0,1,1,5.0,0.0,6.0,0,5,13.995096
312519.0,5.0,1,15,1,5,52.0,2,1,3.0,5.0,5.0,0,1,11.2954035
312519.0,6.0,1,12,2,5,52.0,2,1,3.0,2.0,2.0,0,1,11.2954035
312519.0,7.0,1,12,1,5,52.0,2,1,3.0,4.0,4.0,0,1,11.2954035
312524.0,3.0,0,17,2,5,52.0,2,1,5.0,0.0,6.0,0,5,11.714731
312525.0,4.0,1,14,1,5,52.0,2,1,3.0,1.0,0.0,0,1,0.0
312526.0,3.0,1,12,2,5,52.0,2,1,3.0,3.0,3.0,0,3,11.609381
312533.0,3.0,0,16,2,5,52.0,2,1,5.0,1.0,7.0,0,4,12.136165
312533.0,4.0,0,14,2,5,52.0,2,1,5.0,0.0,6.0,0,4,12.136165
312534.0,3.0,1,12,1,5,52.0,2,1,3.0,4.0,4.0,0,4,10.914652
312540.0,3.0,1,14,2,5,52.0,2,1,3.0,4.0,4.0,0,1,11.459536
312541.0,2.0,1,15,1,5,52.0,2,1,3.0,4.0,4.0,0,2,11.262552
312547.0,4.0,1,15,1,5,52.0,1,1,3.0,5.0,5.0,0,4,13.007538
312547.0,8.0,1,14,1,5,52.0,1,1,3.0,2.0,2.0,0,4,13.007538
312547.0,9.0,1,13,1,5,52.0,1,1,3.0,3.0,3.0,0,4,13.007538
312548.0,6.0,0,17,1,5,52.0,1,1,5.0,2.0,8.0,0,4,14.066939
312551.0,3.0,1,17,2,5,52.0,1,1,3.0,5.0,0.0,0,1,0.0
312551.0,4.0,1,15,1,5,52.0,1,1,3.0,2.0,3.0,0,1,0.0
312552.0,3.0,1,17,1,5,52.0,1,1,3.0,4.0,4.0,0,1,11.635152
312552.0,4.0,1,13,1,5,52.0,1,1,3.0,1.0,1.0,0,1,11.635152
312554.0,5.0,0,17,1,5,52.0,2,1,6.0,0.0,9.0,0,2,12.187583
312555.0,7.0,0,16,2,5,52.0,2,1,5.0,2.0,8.0,0,5,12.485071
312557.0,5.0,1,15,1,5,52.0,2,1,3.0,4.0,4.0,0,1,11.034099
312563.0,3.0,1,17,1,5,52.0,2,1,3.0,3.0,4.0,0,2,0.0
312566.0,3.0,0,17,2,5,52.0,2,1,6.0,0.0,9.0,0,3,13.16984
312566.0,4.0,0,15,2,5,52.0,2,1,5.0,1.0,7.0,0,3,13.16984
312569.0,3.0,1,14,1,5,52.0,2,0,,,,0,1,11.007684
312569.0,4.0,0,13,1,5,52.0,2,1,5.0,0.0,6.0,0,1,11.007684
312572.0,7.0,1,16,1,5,52.0,2,1,3.0,4.0,,0,4,11.660707
312576.0,4.0,0,16,2,5,52.0,2,1,6.0,0.0,,0,2,12.055604
312576.0,5.0,1,13,1,5,52.0,2,1,3.0,1.0,,1,2,12.055604
312578.0,5.0,1,17,2,5,52.0,2,1,3.0,5.0,,0,1,11.9309845
312579.0,6.0,1,14,2,5,52.0,2,1,3.0,5.0,,0,4,13.803778
312583.0,6.0,1,15,2,5,52.0,2,1,3.0,5.0,,0,1,11.981121
312583.0,7.0,1,15,2,5,52.0,2,1,3.0,5.0,,0,1,11.981121
312584.0,4.0,1,13,2,5,52.0,2,1,3.0,1.0,,0,4,11.286665
312584.0,5.0,1,12,2,5,52.0,2,1,3.0,1.0,,0,4,11.286665
312586.0,4.0,1,15,1,5,52.0,2,1,3.0,5.0,,0,2,11.633691
312593.0,2.0,1,13,1,5,52.0,2,1,3.0,3.0,,0,2,11.259979
312595.0,6.0,0,16,1,5,52.0,2,1,6.0,0.0,,0,3,12.842864
312596.0,3.0,0,13,2,5,52.0,2,1,5.0,1.0,,0,1,11.677049
312596.0,4.0,1,13,2,5,52.0,2,1,3.0,3.0,,0,1,11.677049
312597.0,4.0,0,15,1,5,52.0,2,1,6.0,0.0,,0,2,13.219846
312599.0,3.0,0,16,2,5,52.0,1,1,6.0,1.0,,0,4,13.549278
312599.0,4.0,1,13,2,5,52.0,1,1,3.0,5.0,,0,4,13.549278
312599.0,8.0,1,17,1,5,52.0,1,1,3.0,5.0,,0,4,13.549278
312600.0,3.0,0,12,2,5,52.0,1,1,5.0,0.0,,0,4,12.647101
312606.0,6.0,1,13,1,5,52.0,1,1,3.0,2.0,,0,2,12.455375
312608.0,2.0,1,12,1,5,52.0,2,1,3.0,2.0,,0,4,11.418626
312610.0,3.0,1,13,2,5,52.0,2,1,3.0,5.0,,0,3,11.302834
312612.0,3.0,1,15,2,5,52.0,2,1,3.0,4.0,,0,4,12.56165
312614.0,3.0,0,16,1,5,52.0,2,1,5.0,1.0,,0,4,13.739019
312614.0,4.0,0,14,2,5,52.0,2,1,5.0,0.0,,0,4,13.739019
312614.0,5.0,1,13,2,5,52.0,2,1,3.0,5.0,,0,4,13.739019
312616.0,4.0,0,17,1,5,52.0,2,1,5.0,1.0,,0,3,12.920397
312617.0,5.0,1,15,2,5,52.0,2,1,3.0,5.0,,0,1,11.034099
312618.0,4.0,0,16,2,5,52.0,2,1,5.0,2.0,,0,2,12.969063
312621.0,2.0,1,13,2,5,52.0,2,1,3.0,5.0,,0,2,10.462418
312622.0,3.0,1,13,1,5,52.0,2,1,3.0,4.0,,0,2,11.15983
312623.0,2.0,0,16,1,5,52.0,2,1,5.0,0.0,,0,1,11.822951
312624.0,5.0,0,13,2,5,52.0,2,1,5.0,0.0,,0,3,11.841048
312627.0,4.0,1,16,2,5,53.0,2,1,3.0,3.0,0.0,0,1,11.090584
312628.0,4.0,1,17,1,5,53.0,2,1,5.0,2.0,0.0,0,2,12.319825
312628.0,5.0,0,15,2,5,53.0,2,1,5.0,0.0,6.0,0,2,12.319825
312630.0,3.0,1,12,2,5,53.0,2,1,3.0,4.0,4.0,0,2,10.719427
312634.0,6.0,0,15,1,5,53.0,2,1,5.0,2.0,8.0,0,1,10.646281
312636.0,2.0,1,15,1,5,53.0,2,1,3.0,3.0,0.0,0,3,10.894441
312637.0,2.0,1,12,2,5,53.0,2,1,3.0,3.0,3.0,0,4,11.2030115
312641.0,3.0,1,17,1,5,53.0,2,1,3.0,5.0,0.0,0,4,0.0
312642.0,4.0,0,15,2,5,53.0,2,1,5.0,1.0,7.0,0,5,12.881338
312644.0,3.0,1,14,1,5,53.0,2,1,3.0,4.0,4.0,0,5,12.433112
312644.0,9.0,1,12,1,5,53.0,2,1,3.0,3.0,3.0,0,5,12.433112
312645.0,5.0,0,14,1,5,53.0,2,1,5.0,2.0,8.0,0,4,13.683825
312645.0,6.0,1,12,2,5,53.0,2,1,3.0,5.0,5.0,0,4,13.683825
312650.0,4.0,1,16,2,5,53.0,2,1,3.0,2.0,0.0,0,2,11.510181
312650.0,5.0,1,14,2,5,53.0,2,1,3.0,2.0,2.0,0,2,11.510181
312653.0,3.0,0,17,2,5,53.0,2,1,5.0,1.0,7.0,0,2,11.874167
312653.0,4.0,1,13,2,5,53.0,2,1,3.0,4.0,4.0,0,2,11.874167
312656.0,6.0,1,12,2,5,53.0,2,1,3.0,2.0,2.0,0,2,11.281636
312657.0,3.0,0,16,2,5,53.0,2,1,5.0,0.0,6.0,0,3,11.842308
312657.0,4.0,1,14,2,5,53.0,2,1,3.0,5.0,5.0,0,3,11.842308
312658.0,3.0,0,16,1,5,53.0,2,1,5.0,0.0,6.0,0,1,11.815701
312658.0,4.0,1,14,2,5,53.0,2,1,3.0,3.0,4.0,1,1,11.815701
312666.0,3.0,0,15,2,5,53.0,1,1,5.0,2.0,8.0,0,4,13.512933
312666.0,4.0,1,14,1,5,53.0,1,1,5.0,0.0,6.0,0,4,13.512933
312667.0,3.0,1,17,2,5,53.0,1,1,3.0,5.0,0.0,0,4,11.355406
312667.0,4.0,1,12,2,5,53.0,1,1,3.0,3.0,4.0,1,4,11.355406
312668.0,2.0,1,16,1,5,53.0,1,1,3.0,3.0,3.0,0,4,11.928183
312670.0,2.0,1,17,2,5,53.0,1,1,3.0,4.0,0.0,0,4,0.0
312671.0,4.0,1,14,2,5,53.0,2,1,5.0,0.0,6.0,0,1,11.812667
312671.0,5.0,1,14,2,5,53.0,2,1,5.0,0.0,6.0,0,1,11.812667
312675.0,3.0,1,13,2,5,53.0,2,1,3.0,3.0,3.0,0,1,11.490946
312677.0,4.0,1,13,2,5,53.0,2,1,3.0,4.0,4.0,0,1,10.72549
312678.0,4.0,1,14,1,5,53.0,2,1,3.0,2.0,3.0,1,3,11.819682
312678.0,5.0,1,12,1,5,53.0,2,1,3.0,1.0,2.0,1,3,11.819682
312681.0,5.0,1,12,1,5,53.0,2,1,3.0,4.0,4.0,0,4,10.835179
312682.0,3.0,1,13,2,5,53.0,2,1,3.0,2.0,3.0,0,1,10.324695
312683.0,2.0,1,12,1,5,53.0,2,1,3.0,4.0,4.0,0,2,10.649607
312684.0,3.0,0,16,2,5,53.0,2,1,5.0,0.0,0.0,0,1,11.294907
312684.0,4.0,1,14,2,5,53.0,2,1,3.0,5.0,6.0,0,1,11.294907
312687.0,3.0,1,15,1,5,53.0,2,1,3.0,5.0,6.0,0,1,11.519166
312687.0,4.0,1,13,2,5,53.0,2,1,3.0,3.0,4.0,1,1,11.519166
312689.0,4.0,1,15,2,5,53.0,2,1,3.0,4.0,0.0,0,1,10.570702
312689.0,5.0,1,13,2,5,53.0,2,1,3.0,3.0,3.0,0,1,10.570702
312692.0,2.0,1,16,2,5,53.0,2,1,3.0,3.0,0.0,0,2,11.025995
312692.0,3.0,1,14,1,5,53.0,2,1,3.0,3.0,3.0,0,2,11.025995
312695.0,5.0,1,15,1,5,53.0,2,0,,,,0,4,0.0
312697.0,6.0,0,17,2,5,53.0,2,1,5.0,1.0,7.0,0,1,12.370829
312697.0,7.0,1,12,2,5,53.0,2,1,3.0,5.0,5.0,0,1,12.370829
312698.0,5.0,1,12,2,5,53.0,2,1,3.0,4.0,4.0,0,1,11.395223
312700.0,6.0,0,13,1,5,53.0,2,1,5.0,0.0,6.0,0,3,11.022899
312704.0,4.0,1,16,1,5,53.0,2,1,3.0,2.0,2.0,0,1,8.0712185
312706.0,2.0,1,13,1,5,53.0,2,1,3.0,3.0,3.0,0,3,10.462418
312709.0,2.0,1,12,1,5,53.0,1,1,3.0,3.0,3.0,0,5,11.4028425
312716.0,2.0,0,14,2,5,53.0,2,1,5.0,0.0,6.0,0,5,11.435353
312718.0,3.0,1,14,2,5,53.0,2,1,3.0,5.0,5.0,0,4,11.48505
312718.0,4.0,1,12,1,5,53.0,2,0,,,,0,4,11.48505
312721.0,3.0,1,15,1,5,53.0,2,1,3.0,5.0,0.0,0,5,0.0
312723.0,2.0,1,15,1,5,53.0,2,1,3.0,2.0,0.0,0,4,10.284523
312725.0,4.0,1,14,2,5,53.0,2,1,3.0,4.0,5.0,0,1,10.565557
312727.0,3.0,1,17,1,5,53.0,2,1,3.0,3.0,0.0,0,5,0.0
312728.0,8.0,1,15,1,5,53.0,2,1,3.0,4.0,5.0,1,2,11.669083
312740.0,3.0,1,12,2,5,53.0,2,1,3.0,3.0,3.0,0,3,11.453716
312742.0,3.0,0,16,1,5,53.0,2,1,5.0,1.0,7.0,0,3,12.03837
312742.0,4.0,0,14,2,5,53.0,2,1,5.0,0.0,6.0,0,3,12.03837
312743.0,4.0,0,17,1,5,53.0,2,1,5.0,3.0,9.0,0,3,12.298634
312743.0,5.0,1,12,2,5,53.0,2,1,3.0,3.0,4.0,1,3,12.298634
312744.0,3.0,1,17,1,5,53.0,2,1,3.0,5.0,5.0,0,4,11.997886
312744.0,4.0,0,14,2,5,53.0,2,1,5.0,1.0,7.0,0,4,11.997886
312745.0,3.0,1,12,1,5,53.0,2,1,3.0,4.0,4.0,0,4,11.828983
312747.0,3.0,1,14,2,5,53.0,2,1,3.0,4.0,4.0,0,3,11.576144
312747.0,4.0,1,12,2,5,53.0,2,1,3.0,2.0,3.0,1,3,11.576144
312748.0,4.0,1,12,2,5,53.0,2,1,3.0,5.0,5.0,0,1,10.695937
312753.0,2.0,1,13,2,5,53.0,2,1,3.0,4.0,4.0,0,4,10.727137
312754.0,6.0,1,16,1,5,53.0,2,1,3.0,5.0,0.0,0,4,12.083882
312756.0,4.0,1,13,2,5,53.0,2,1,3.0,5.0,5.0,0,2,11.707266
312759.0,5.0,1,14,1,5,53.0,2,1,3.0,3.0,3.0,0,5,11.122117
312761.0,3.0,1,12,2,5,53.0,2,1,3.0,4.0,4.0,0,3,11.299126
312763.0,5.0,1,15,2,5,53.0,2,1,3.0,2.0,2.0,0,1,11.274046
312764.0,5.0,0,16,1,5,53.0,2,1,5.0,0.0,6.0,0,5,13.260526
312766.0,3.0,1,17,2,5,53.0,2,1,3.0,4.0,0.0,0,4,11.990004
312767.0,4.0,1,17,1,5,53.0,2,1,3.0,5.0,0.0,0,4,10.720532
312768.0,2.0,1,16,2,5,53.0,2,1,3.0,4.0,0.0,0,3,0.0
312768.0,3.0,1,14,2,5,53.0,2,1,3.0,4.0,0.0,0,3,0.0
312768.0,4.0,1,12,2,5,53.0,2,0,,,,0,3,0.0
312769.0,5.0,1,17,2,5,53.0,2,1,3.0,6.0,0.0,0,2,0.0
312770.0,4.0,0,15,1,5,53.0,1,1,5.0,1.0,7.0,0,1,12.567885
312771.0,3.0,1,15,2,5,53.0,1,1,3.0,4.0,4.0,0,1,11.497314
312771.0,4.0,1,12,1,5,53.0,1,1,3.0,2.0,2.0,0,1,11.497314
312773.0,3.0,0,16,1,5,53.0,1,1,5.0,1.0,7.0,0,4,13.366816
312773.0,4.0,1,12,2,5,53.0,1,1,3.0,5.0,5.0,0,4,13.366816
312774.0,3.0,0,14,1,5,53.0,1,1,5.0,0.0,6.0,0,5,14.264904
312778.0,2.0,0,16,2,5,53.0,1,1,5.0,1.0,8.0,1,5,11.68571
312779.0,3.0,0,17,1,5,53.0,2,1,5.0,1.0,7.0,0,2,12.014736
312779.0,4.0,1,14,1,5,53.0,2,1,3.0,5.0,5.0,0,2,12.014736
312782.0,6.0,0,17,2,5,53.0,2,1,6.0,0.0,9.0,0,5,13.870965
312785.0,5.0,0,17,2,5,53.0,2,1,5.0,1.0,7.0,0,1,11.004946
312788.0,5.0,1,17,2,5,53.0,2,1,3.0,3.0,4.0,1,1,11.253844
312788.0,6.0,1,14,1,5,53.0,2,1,3.0,3.0,4.0,1,1,11.253844
312790.0,3.0,1,17,2,5,53.0,2,1,3.0,4.0,4.0,0,1,10.97936
312790.0,4.0,1,13,1,5,53.0,2,1,3.0,0.0,0.0,0,1,10.97936
312795.0,4.0,0,17,1,5,53.0,2,1,6.0,0.0,9.0,0,5,13.978361
312795.0,5.0,1,13,1,5,53.0,2,1,3.0,5.0,5.0,0,5,13.978361
312800.0,3.0,1,14,1,5,53.0,2,1,3.0,5.0,5.0,0,4,11.849584
312802.0,2.0,0,17,2,5,53.0,2,1,5.0,0.0,6.0,0,2,11.965567
312802.0,3.0,0,16,2,5,53.0,2,1,5.0,0.0,6.0,0,2,11.965567
312802.0,4.0,1,13,2,5,53.0,2,1,3.0,4.0,4.0,0,2,11.965567
312804.0,3.0,0,15,1,5,53.0,2,1,5.0,0.0,6.0,0,1,11.708788
312807.0,2.0,1,13,2,5,53.0,2,1,3.0,5.0,5.0,0,5,10.701017
312809.0,2.0,1,14,2,5,53.0,2,1,3.0,5.0,5.0,0,4,11.19101
312813.0,2.0,0,16,1,5,53.0,2,1,5.0,1.0,7.0,0,2,11.69638
312813.0,3.0,1,14,1,5,53.0,2,1,3.0,4.0,5.0,1,2,11.69638
312816.0,3.0,1,16,2,5,53.0,2,1,3.0,5.0,5.0,0,2,11.721775
312816.0,4.0,1,13,1,5,53.0,2,1,3.0,1.0,0.0,0,2,11.721775
312818.0,3.0,1,17,2,5,53.0,2,1,3.0,5.0,0.0,0,3,10.50441
312820.0,3.0,1,13,2,5,53.0,2,1,3.0,3.0,3.0,0,1,11.250924
312821.0,4.0,0,15,2,5,53.0,2,1,5.0,2.0,8.0,0,5,13.277281
312824.0,3.0,1,13,2,5,53.0,2,1,3.0,1.0,1.0,0,2,10.613394
312826.0,8.0,1,16,2,5,53.0,2,1,3.0,4.0,0.0,0,2,9.105091
312828.0,2.0,1,17,1,5,53.0,2,1,3.0,4.0,4.0,0,5,11.937873
312830.0,3.0,1,12,2,5,53.0,2,1,3.0,3.0,3.0,0,4,11.55743
312832.0,5.0,0,15,2,5,53.0,2,1,5.0,0.0,6.0,0,5,11.952058
312835.0,3.0,1,17,2,5,53.0,2,1,3.0,3.0,0.0,0,1,8.981053
312837.0,5.0,1,16,1,5,53.0,2,1,3.0,4.0,5.0,1,3,11.439828
312838.0,5.0,1,17,1,5,53.0,2,1,3.0,3.0,3.0,0,1,10.94334
312839.0,4.0,0,16,2,5,53.0,2,1,5.0,2.0,8.0,0,2,11.806236
312840.0,3.0,0,16,1,5,53.0,2,1,5.0,2.0,8.0,0,5,12.042441
312840.0,4.0,1,12,2,5,53.0,2,1,3.0,2.0,2.0,0,5,12.042441
312843.0,3.0,1,13,1,5,53.0,2,1,3.0,2.0,0.0,0,5,0.0
312844.0,2.0,1,13,1,5,53.0,2,1,3.0,3.0,4.0,1,5,11.47679
312844.0,3.0,1,12,1,5,53.0,2,1,3.0,1.0,2.0,1,5,11.47679
312845.0,3.0,1,12,2,5,53.0,2,1,3.0,4.0,4.0,0,2,11.305914
312853.0,3.0,1,17,1,5,53.0,2,1,3.0,4.0,4.0,0,1,11.790565
312853.0,4.0,1,13,1,5,53.0,2,1,3.0,3.0,4.0,1,1,11.790565
312853.0,5.0,1,12,2,5,53.0,2,1,3.0,2.0,2.0,0,1,11.790565
312854.0,5.0,1,15,2,5,53.0,2,1,3.0,5.0,5.0,0,2,12.07887
312855.0,4.0,1,13,2,5,53.0,2,1,3.0,2.0,2.0,0,3,11.456101
312855.0,5.0,1,13,2,5,53.0,2,1,3.0,2.0,3.0,0,3,11.456101
312858.0,3.0,1,16,2,5,53.0,2,1,3.0,4.0,5.0,1,3,11.901082
312858.0,4.0,1,15,2,5,53.0,2,1,3.0,4.0,4.0,0,3,11.901082
312863.0,3.0,0,14,2,5,53.0,2,1,5.0,0.0,6.0,0,4,12.237503
312865.0,3.0,1,12,2,5,53.0,2,1,3.0,0.0,0.0,0,1,10.596035
312868.0,5.0,1,13,2,5,53.0,2,1,3.0,3.0,3.0,0,1,11.85019
312869.0,5.0,1,15,1,5,53.0,2,1,3.0,3.0,4.0,1,3,12.8870735
312870.0,3.0,1,12,2,5,53.0,2,1,3.0,2.0,3.0,1,3,10.996685
312875.0,3.0,1,12,1,5,53.0,2,1,3.0,0.0,0.0,0,4,10.421567
312875.0,4.0,1,17,1,5,53.0,2,1,3.0,2.0,0.0,0,4,10.421567
312875.0,5.0,1,17,1,5,53.0,2,1,3.0,2.0,0.0,0,4,10.421567
312876.0,4.0,1,15,1,5,53.0,2,1,3.0,5.0,6.0,0,5,10.568775
312877.0,2.0,1,14,2,5,53.0,2,1,3.0,1.0,0.0,0,2,10.631664
312877.0,3.0,1,12,1,5,53.0,2,1,3.0,1.0,1.0,0,2,10.631664
312878.0,5.0,1,14,2,5,53.0,2,1,3.0,5.0,5.0,0,3,11.655519
312878.0,6.0,1,13,2,5,53.0,2,1,3.0,2.0,2.0,0,3,11.655519
312879.0,3.0,1,16,1,5,53.0,2,1,3.0,3.0,3.0,0,3,10.890721
312880.0,4.0,1,13,2,5,53.0,2,1,3.0,5.0,5.0,0,2,10.598533
312888.0,6.0,1,14,1,5,53.0,2,1,3.0,1.0,0.0,0,3,11.379977
312892.0,6.0,1,16,2,5,53.0,2,1,3.0,5.0,6.0,1,3,11.311434
312893.0,5.0,1,16,1,5,53.0,2,1,3.0,5.0,5.0,0,3,13.84355
312894.0,3.0,1,14,2,5,53.0,2,1,3.0,4.0,5.0,1,4,10.753125
312896.0,4.0,1,13,1,5,53.0,2,1,3.0,4.0,4.0,0,2,11.605286
312897.0,3.0,0,17,2,5,53.0,2,1,5.0,0.0,6.0,0,1,12.0633335
312897.0,4.0,1,16,2,5,53.0,2,1,3.0,3.0,3.0,0,1,12.0633335
312900.0,4.0,1,17,1,5,53.0,2,1,3.0,4.0,0.0,0,3,13.196284
312900.0,5.0,1,13,1,5,53.0,2,1,3.0,4.0,5.0,1,3,13.196284
312901.0,5.0,1,13,2,5,53.0,2,1,3.0,4.0,4.0,0,3,11.604237
312902.0,4.0,1,12,1,5,53.0,2,1,3.0,3.0,3.0,0,1,12.013252
312904.0,2.0,1,14,1,5,53.0,2,1,3.0,2.0,2.0,0,3,0.0
312905.0,3.0,0,17,1,5,53.0,2,1,6.0,0.0,9.0,0,5,13.812507
312905.0,4.0,1,13,1,5,53.0,2,1,3.0,4.0,4.0,0,5,13.812507
312907.0,3.0,1,13,1,5,53.0,2,1,3.0,2.0,0.0,0,1,10.507148
312908.0,4.0,1,17,2,5,53.0,2,1,3.0,5.0,5.0,0,4,13.920857
312908.0,5.0,0,13,1,5,53.0,2,1,5.0,0.0,6.0,0,4,13.920857
312910.0,6.0,1,17,2,5,53.0,2,1,3.0,2.0,0.0,0,5,12.441149
312913.0,9.0,0,15,2,5,53.0,2,1,5.0,1.0,7.0,0,5,14.444813
312914.0,3.0,1,12,2,5,53.0,1,1,3.0,4.0,4.0,0,5,11.565764
312917.0,3.0,1,14,2,5,53.0,1,1,3.0,4.0,5.0,1,2,11.880695
312919.0,5.0,0,17,2,5,53.0,1,1,6.0,1.0,10.0,0,1,12.848876
312921.0,2.0,0,15,2,5,53.0,1,1,5.0,1.0,7.0,0,4,10.892303
312925.0,4.0,0,15,1,5,53.0,2,1,5.0,2.0,8.0,0,5,12.447532
312925.0,5.0,0,13,2,5,53.0,2,1,5.0,0.0,6.0,0,5,12.447532
312929.0,3.0,1,17,1,5,53.0,2,1,3.0,3.0,0.0,0,3,10.373523
312929.0,4.0,1,14,1,5,53.0,2,1,3.0,1.0,0.0,0,3,10.373523
312932.0,3.0,0,15,1,5,53.0,2,1,5.0,0.0,6.0,0,3,12.251099
312932.0,4.0,1,13,1,5,53.0,2,1,3.0,4.0,4.0,0,3,12.251099
312933.0,3.0,1,12,2,5,53.0,2,1,3.0,3.0,3.0,0,4,10.850812
312935.0,3.0,1,14,1,5,53.0,2,1,3.0,4.0,4.0,0,4,13.963349
312935.0,7.0,1,15,1,5,53.0,2,1,3.0,1.0,1.0,0,4,13.963349
312936.0,2.0,0,17,2,5,53.0,2,1,5.0,2.0,8.0,0,5,13.52783
312936.0,3.0,0,13,1,5,53.0,2,1,5.0,0.0,6.0,0,5,13.52783
312938.0,2.0,1,14,2,5,53.0,2,1,3.0,5.0,5.0,0,5,13.021218
312938.0,3.0,1,12,2,5,53.0,2,1,3.0,3.0,3.0,0,5,13.021218
312939.0,3.0,1,15,1,5,53.0,2,1,3.0,4.0,5.0,1,2,12.002033
312940.0,3.0,0,17,1,5,53.0,2,1,5.0,1.0,8.0,1,3,12.192536
312940.0,4.0,1,14,1,5,53.0,2,1,3.0,4.0,5.0,1,3,12.192536
312948.0,4.0,0,17,2,5,53.0,2,1,5.0,1.0,7.0,0,3,12.38531
312948.0,5.0,1,13,2,5,53.0,2,1,3.0,4.0,4.0,0,3,12.38531
312949.0,3.0,1,13,1,5,53.0,2,1,3.0,2.0,3.0,1,4,10.591019
312951.0,2.0,1,13,1,5,53.0,2,1,3.0,1.0,0.0,0,4,11.461116
312953.0,4.0,1,16,2,5,53.0,2,1,3.0,3.0,0.0,0,5,0.0
312957.0,3.0,1,17,2,5,53.0,2,1,5.0,2.0,8.0,0,5,0.0
312965.0,3.0,1,14,1,5,53.0,2,1,3.0,2.0,2.0,0,2,11.407021
312968.0,5.0,1,14,1,5,53.0,1,1,3.0,5.0,5.0,0,5,13.427066
312969.0,3.0,0,17,1,5,53.0,1,1,5.0,0.0,6.0,0,3,12.818745
312969.0,4.0,0,16,1,5,53.0,1,1,5.0,0.0,6.0,0,3,12.818745
312969.0,5.0,1,13,1,5,53.0,1,1,3.0,2.0,3.0,1,3,12.818745
312971.0,5.0,1,17,1,5,53.0,1,1,3.0,5.0,5.0,1,4,13.391154
312971.0,6.0,1,15,2,5,53.0,1,1,3.0,5.0,5.0,0,4,13.391154
312973.0,5.0,0,16,1,5,53.0,1,1,5.0,1.0,7.0,1,4,12.789993
312973.0,6.0,1,13,1,5,53.0,1,1,3.0,4.0,4.0,0,4,12.789993
312974.0,3.0,0,15,1,5,53.0,1,1,5.0,0.0,6.0,0,3,10.580531
312975.0,4.0,0,13,2,5,53.0,1,1,5.0,0.0,6.0,0,5,13.423535
312978.0,4.0,1,17,2,5,53.0,2,1,3.0,6.0,0.0,0,5,11.25352
312978.0,5.0,1,12,2,5,53.0,2,1,3.0,2.0,3.0,1,5,11.25352
312981.0,5.0,1,15,1,5,53.0,2,1,3.0,0.0,1.0,1,4,10.274223
312982.0,2.0,1,14,2,5,53.0,2,1,3.0,2.0,0.0,0,3,0.0
312983.0,6.0,1,16,1,5,53.0,2,1,3.0,4.0,5.0,1,2,11.153046
312984.0,5.0,1,14,2,5,53.0,2,1,3.0,3.0,3.0,0,5,11.954633
312985.0,3.0,1,17,2,5,53.0,2,1,3.0,5.0,0.0,0,4,0.0
312986.0,2.0,1,15,1,5,53.0,2,1,3.0,4.0,5.0,1,4,10.490607
312988.0,3.0,1,17,1,5,53.0,2,1,3.0,6.0,0.0,0,4,13.444209
312988.0,4.0,0,13,1,5,53.0,2,1,5.0,0.0,6.0,0,4,13.444209
312990.0,3.0,1,17,1,5,53.0,2,1,3.0,5.0,5.0,0,5,12.099244
312993.0,2.0,1,15,1,5,53.0,2,1,3.0,3.0,4.0,1,4,11.166922
312993.0,3.0,1,12,1,5,53.0,2,1,3.0,2.0,2.0,0,4,11.166922
312997.0,3.0,0,14,2,5,53.0,2,1,5.0,0.0,6.0,0,3,12.087632
312998.0,2.0,1,12,2,5,53.0,2,1,3.0,2.0,2.0,0,2,11.211158
313001.0,6.0,1,17,1,5,53.0,2,1,3.0,5.0,0.0,0,2,0.0
313002.0,4.0,0,15,1,5,53.0,2,1,5.0,2.0,8.0,0,5,13.533441
313003.0,4.0,1,16,2,5,53.0,2,1,3.0,3.0,3.0,0,4,11.643305
313003.0,5.0,1,12,2,5,53.0,2,1,3.0,3.0,3.0,0,4,11.643305
313008.0,5.0,1,12,2,5,53.0,2,1,3.0,4.0,4.0,0,5,13.543683
313008.0,6.0,1,12,2,5,53.0,2,1,3.0,4.0,4.0,0,5,13.543683
313009.0,6.0,0,17,2,5,53.0,2,1,5.0,0.0,7.0,1,3,13.262362
313009.0,7.0,1,13,1,5,53.0,2,1,3.0,3.0,3.0,0,3,13.262362
313011.0,4.0,0,15,2,5,53.0,2,1,5.0,0.0,7.0,1,4,12.332137
313012.0,3.0,1,13,1,5,53.0,2,1,3.0,3.0,3.0,0,4,10.905974
313014.0,3.0,0,17,2,5,53.0,2,1,5.0,2.0,9.0,1,3,12.470631
313014.0,4.0,0,15,2,5,53.0,2,1,5.0,1.0,7.0,0,3,12.470631
313014.0,5.0,1,13,2,5,53.0,2,1,3.0,2.0,2.0,0,3,12.470631
313016.0,3.0,1,15,1,5,53.0,2,1,3.0,3.0,0.0,0,4,11.178515
313016.0,4.0,1,12,2,5,53.0,2,1,3.0,3.0,3.0,0,4,11.178515
313017.0,3.0,0,14,2,5,53.0,2,1,5.0,0.0,7.0,1,4,11.711046
313017.0,4.0,1,12,2,5,53.0,2,1,3.0,2.0,2.0,0,4,11.711046
313020.0,3.0,1,16,2,5,53.0,2,1,3.0,0.0,0.0,0,3,10.568132
313025.0,6.0,0,17,1,5,53.0,2,1,6.0,1.0,10.0,0,5,15.243331
313026.0,4.0,0,16,2,5,53.0,2,1,5.0,2.0,8.0,0,5,14.3037195
313026.0,7.0,1,14,2,5,53.0,2,1,3.0,4.0,4.0,0,5,14.3037195
313027.0,6.0,1,17,1,5,53.0,2,1,3.0,3.0,0.0,0,5,12.79525
313028.0,2.0,0,17,2,5,53.0,2,1,5.0,2.0,8.0,0,5,11.650607
313032.0,4.0,1,16,1,5,53.0,2,0,,,,0,4,10.439279
313032.0,5.0,1,13,2,5,53.0,2,1,3.0,2.0,2.0,0,4,10.439279
313033.0,3.0,1,13,1,5,53.0,2,1,3.0,2.0,2.0,0,4,11.6424265
313033.0,4.0,1,12,2,5,53.0,2,1,3.0,2.0,2.0,0,4,11.6424265
313033.0,5.0,1,12,2,5,53.0,2,1,3.0,1.0,1.0,0,4,11.6424265
313034.0,3.0,1,15,2,5,53.0,2,1,3.0,4.0,4.0,0,4,11.110596
313037.0,3.0,0,16,2,5,53.0,2,1,5.0,1.0,7.0,0,4,12.056621
313039.0,1.0,1,17,1,5,53.0,2,1,3.0,4.0,0.0,0,3,0.0
313040.0,3.0,1,17,2,5,53.0,2,1,3.0,3.0,0.0,0,1,11.113209
313040.0,4.0,1,14,1,5,53.0,2,1,3.0,2.0,3.0,1,1,11.113209
313041.0,4.0,1,16,1,5,53.0,2,1,3.0,4.0,4.0,0,3,11.333511
313041.0,5.0,1,12,2,5,53.0,2,1,3.0,3.0,3.0,0,3,11.333511
313042.0,3.0,1,14,1,5,53.0,2,1,3.0,1.0,1.0,0,5,11.298197
313043.0,3.0,1,13,2,5,53.0,2,1,3.0,2.0,2.0,0,4,10.43341
313044.0,3.0,1,17,2,5,53.0,2,1,3.0,5.0,0.0,0,2,11.6247
313044.0,4.0,1,15,1,5,53.0,2,1,3.0,3.0,3.0,0,2,11.6247
313049.0,3.0,1,15,2,5,53.0,2,1,3.0,1.0,0.0,0,1,0.0
313050.0,3.0,1,17,1,5,53.0,2,1,3.0,4.0,4.0,0,3,11.480929
313050.0,4.0,1,13,1,5,53.0,2,1,3.0,0.0,1.0,1,3,11.480929
313052.0,2.0,1,13,2,5,53.0,2,1,3.0,3.0,3.0,0,4,10.509878
313053.0,3.0,0,15,1,5,53.0,2,1,5.0,1.0,7.0,0,5,14.07944
313053.0,4.0,1,13,1,5,53.0,2,1,3.0,4.0,4.0,0,5,14.07944
313054.0,3.0,1,13,1,5,53.0,2,1,3.0,2.0,2.0,0,3,10.453803
313055.0,2.0,0,17,2,5,53.0,2,1,5.0,0.0,6.0,0,3,11.4223
313055.0,3.0,1,15,1,5,53.0,2,1,3.0,4.0,0.0,0,3,11.4223
313057.0,6.0,0,17,1,5,53.0,2,1,5.0,2.0,8.0,0,5,14.418129
313057.0,7.0,0,17,2,5,53.0,2,1,5.0,2.0,8.0,0,5,14.418129
313061.0,4.0,1,16,1,5,53.0,2,1,3.0,2.0,,0,3,11.599341
313062.0,3.0,1,12,1,5,53.0,2,1,3.0,3.0,,0,4,11.77472
313064.0,3.0,1,17,1,5,53.0,2,1,3.0,5.0,,0,3,11.955853
313064.0,4.0,1,13,1,5,53.0,2,1,3.0,2.0,,0,3,11.955853
313065.0,5.0,0,17,1,5,53.0,2,1,5.0,1.0,,0,4,13.170908
313065.0,6.0,1,14,2,5,53.0,2,1,3.0,5.0,,0,4,13.170908
313065.0,7.0,1,12,2,5,53.0,2,1,3.0,4.0,,0,4,13.170908
313066.0,5.0,1,12,2,5,53.0,2,1,3.0,2.0,,0,2,11.49579
313068.0,5.0,1,17,2,5,53.0,2,1,3.0,5.0,,0,2,10.984886
313068.0,6.0,1,16,1,5,53.0,2,1,3.0,4.0,,0,2,10.984886
313069.0,4.0,1,15,1,5,53.0,2,1,3.0,3.0,,0,4,12.451217
313070.0,2.0,1,14,1,5,53.0,2,1,3.0,4.0,,0,4,10.76798
313071.0,5.0,0,17,2,5,53.0,2,1,5.0,1.0,,0,2,11.454088
313078.0,3.0,1,17,1,5,53.0,2,1,3.0,3.0,,0,2,11.5796585
313078.0,4.0,1,12,2,5,53.0,2,1,3.0,2.0,,0,2,11.5796585
313079.0,3.0,1,16,1,5,53.0,2,1,3.0,4.0,,1,4,12.058883
313079.0,4.0,1,14,1,5,53.0,2,1,3.0,4.0,,1,4,12.058883
313087.0,2.0,1,15,1,5,53.0,2,1,3.0,2.0,,0,1,10.465272
313089.0,3.0,1,13,1,5,53.0,2,1,3.0,3.0,,0,3,10.695937
313090.0,3.0,0,17,2,5,53.0,2,1,6.0,0.0,,0,4,12.953794
313093.0,3.0,1,12,2,5,53.0,2,1,3.0,3.0,,0,1,11.60688
313094.0,4.0,0,15,2,5,53.0,2,1,5.0,2.0,,0,3,11.26088
313095.0,6.0,1,13,1,5,53.0,2,1,3.0,2.0,,0,4,12.0371275
313098.0,4.0,1,15,2,5,53.0,2,1,3.0,4.0,,0,4,13.277906
313098.0,5.0,1,14,1,5,53.0,2,1,3.0,4.0,,0,4,13.277906
313101.0,8.0,0,16,1,5,53.0,2,1,5.0,1.0,,0,2,13.585161
313102.0,3.0,1,16,1,5,53.0,2,1,3.0,4.0,,1,2,11.941626
313102.0,4.0,1,13,1,5,53.0,2,1,3.0,3.0,,0,2,11.941626
313105.0,3.0,0,16,1,5,53.0,2,1,5.0,1.0,,0,3,12.686123
313105.0,4.0,0,13,2,5,53.0,2,1,5.0,1.0,,0,3,12.686123
313105.0,6.0,1,13,1,5,53.0,2,1,3.0,4.0,,0,3,12.686123
313105.0,7.0,0,17,2,5,53.0,2,1,5.0,1.0,,0,3,12.686123
313107.0,3.0,0,15,1,5,53.0,2,1,5.0,2.0,,0,4,13.531816
313107.0,4.0,0,13,1,5,53.0,2,1,5.0,1.0,,0,4,13.531816
313108.0,4.0,0,15,1,5,53.0,2,1,5.0,2.0,,0,4,12.732932
313111.0,6.0,1,13,2,5,53.0,2,1,3.0,4.0,,0,4,10.5338545
313117.0,4.0,1,16,2,5,54.0,2,1,3.0,4.0,0.0,0,1,10.415592
313117.0,5.0,1,14,1,5,54.0,2,1,3.0,2.0,2.0,0,1,10.415592
313123.0,5.0,1,14,1,5,54.0,2,1,3.0,3.0,4.0,1,3,11.471697
313125.0,4.0,1,15,2,5,54.0,2,1,3.0,3.0,4.0,1,1,10.721636
313127.0,2.0,1,12,1,5,54.0,2,1,3.0,3.0,3.0,0,2,10.528784
313130.0,3.0,1,16,1,5,54.0,2,1,3.0,4.0,4.0,0,1,11.478862
313133.0,2.0,1,15,2,5,54.0,2,1,3.0,4.0,4.0,0,1,11.119898
313133.0,3.0,1,12,2,5,54.0,2,1,3.0,3.0,3.0,0,1,11.119898
313134.0,5.0,1,15,1,5,54.0,2,1,3.0,4.0,4.0,0,3,11.336797
313135.0,2.0,1,16,2,5,54.0,2,1,3.0,5.0,5.0,0,2,11.205734
313136.0,4.0,1,12,1,5,54.0,2,1,3.0,1.0,0.0,0,3,0.0
313140.0,6.0,1,17,1,5,54.0,2,1,3.0,5.0,5.0,0,1,11.573324
313140.0,7.0,1,16,1,5,54.0,2,1,3.0,5.0,5.0,0,1,11.573324
313144.0,3.0,1,14,1,5,54.0,2,1,3.0,1.0,0.0,0,1,10.321408
313144.0,4.0,1,12,2,5,54.0,2,1,3.0,2.0,2.0,0,1,10.321408
313146.0,2.0,1,13,1,5,54.0,2,1,3.0,1.0,1.0,0,1,10.906891
313146.0,3.0,1,12,1,5,54.0,2,1,3.0,0.0,0.0,0,1,10.906891
313147.0,5.0,1,17,1,5,54.0,2,1,3.0,5.0,5.0,0,1,11.490435
313147.0,6.0,1,13,1,5,54.0,2,1,3.0,4.0,4.0,0,1,11.490435
313148.0,3.0,1,16,2,5,54.0,2,1,3.0,2.0,0.0,0,4,10.507148
313150.0,3.0,1,17,1,5,54.0,2,1,3.0,5.0,0.0,0,2,10.852749
313150.0,4.0,1,16,2,5,54.0,2,1,5.0,2.0,8.0,0,2,10.852749
313155.0,2.0,0,17,2,5,54.0,2,1,5.0,2.0,8.0,0,1,11.824527
313155.0,3.0,1,17,2,5,54.0,2,1,3.0,3.0,0.0,0,1,11.824527
313155.0,4.0,1,13,2,5,54.0,2,1,3.0,3.0,3.0,0,1,11.824527
313155.0,5.0,1,13,2,5,54.0,2,1,3.0,4.0,4.0,0,1,11.824527
313156.0,5.0,1,14,2,5,54.0,2,1,3.0,4.0,4.0,0,4,12.578139
313156.0,6.0,0,16,1,5,54.0,2,1,5.0,0.0,6.0,0,4,12.578139
313158.0,5.0,1,17,1,5,54.0,1,1,5.0,1.0,0.0,0,1,0.0
313162.0,4.0,1,16,2,5,54.0,1,1,3.0,6.0,0.0,0,2,11.247018
313162.0,5.0,1,12,2,5,54.0,1,1,3.0,4.0,4.0,0,2,11.247018
313164.0,3.0,1,13,2,5,54.0,1,1,3.0,2.0,3.0,1,2,11.108725
313166.0,3.0,1,16,1,5,54.0,2,1,3.0,4.0,5.0,0,1,11.635373
313166.0,4.0,1,14,2,5,54.0,2,1,3.0,3.0,4.0,0,1,11.635373
313170.0,3.0,1,17,1,5,54.0,2,1,3.0,6.0,0.0,0,1,10.700454
313170.0,4.0,1,13,2,5,54.0,2,1,3.0,2.0,2.0,0,1,10.700454
313171.0,3.0,1,15,2,5,54.0,2,1,3.0,4.0,5.0,0,1,0.0
313172.0,4.0,0,17,1,5,54.0,2,1,5.0,2.0,8.0,0,2,12.095761
313173.0,3.0,1,16,1,5,54.0,2,1,3.0,3.0,0.0,0,1,10.397451
313175.0,4.0,1,17,2,5,54.0,2,1,3.0,4.0,4.0,0,1,11.458322
313175.0,5.0,0,16,2,5,54.0,2,1,5.0,0.0,7.0,1,1,11.458322
313176.0,4.0,0,17,2,5,54.0,2,1,5.0,0.0,7.0,1,2,12.137638
313176.0,5.0,1,14,2,5,54.0,2,1,3.0,4.0,4.0,0,2,12.137638
313177.0,7.0,1,15,2,5,54.0,2,1,3.0,5.0,5.0,0,3,12.100635
313177.0,9.0,1,13,1,5,54.0,2,1,3.0,2.0,2.0,1,3,12.100635
313179.0,3.0,0,14,2,5,54.0,2,1,5.0,1.0,7.0,0,2,12.649944
313179.0,4.0,1,13,1,5,54.0,2,1,3.0,5.0,5.0,0,2,12.649944
313180.0,5.0,0,16,2,5,54.0,2,1,5.0,2.0,8.0,0,4,13.497315
313181.0,4.0,1,16,2,5,54.0,2,1,3.0,6.0,6.0,0,1,10.986156
313184.0,3.0,1,17,2,5,54.0,1,1,3.0,5.0,5.0,0,2,0.0
313186.0,2.0,0,17,2,5,54.0,1,1,6.0,0.0,9.0,0,1,11.822878
313186.0,3.0,1,12,1,5,54.0,1,1,3.0,2.0,2.0,0,1,11.822878
313187.0,6.0,1,12,2,5,54.0,1,1,3.0,3.0,3.0,0,5,12.83335
313188.0,9.0,1,14,2,5,54.0,1,1,3.0,3.0,3.0,0,1,12.289821
313189.0,2.0,1,17,2,5,54.0,1,1,3.0,5.0,0.0,0,3,12.525293
313189.0,4.0,0,14,2,5,54.0,1,1,5.0,1.0,7.0,0,3,12.525293
313189.0,5.0,1,12,1,5,54.0,1,1,3.0,3.0,3.0,0,3,12.525293
313191.0,2.0,1,12,1,5,54.0,1,1,3.0,2.0,3.0,1,2,11.1947975
313191.0,4.0,1,15,2,5,54.0,1,1,3.0,5.0,5.0,0,2,11.1947975
313192.0,6.0,1,17,1,5,54.0,1,1,5.0,1.0,0.0,0,5,12.320967
313194.0,5.0,0,15,1,5,54.0,2,1,5.0,2.0,8.0,0,5,13.106632
313194.0,6.0,0,13,2,5,54.0,2,1,5.0,2.0,8.0,0,5,13.106632
313195.0,3.0,0,13,2,5,54.0,2,1,5.0,2.0,8.0,0,4,13.563017
313196.0,3.0,1,14,1,5,54.0,2,1,3.0,3.0,4.0,1,3,11.402564
313196.0,4.0,1,13,2,5,54.0,2,1,3.0,4.0,4.0,0,3,11.402564
313199.0,4.0,1,13,2,5,54.0,2,1,3.0,3.0,4.0,1,1,11.338525
313202.0,5.0,1,15,1,5,54.0,2,1,3.0,3.0,4.0,1,2,11.126542
313202.0,6.0,1,13,2,5,54.0,2,1,3.0,3.0,4.0,1,2,11.126542
313204.0,3.0,0,16,2,5,54.0,2,1,6.0,0.0,10.0,1,5,12.125139
313204.0,4.0,1,14,2,5,54.0,2,1,3.0,5.0,6.0,1,5,12.125139
313209.0,4.0,1,17,2,5,54.0,2,1,3.0,6.0,0.0,0,4,5.3033047
313211.0,9.0,1,17,2,5,54.0,2,1,5.0,2.0,0.0,0,4,11.71616
313211.0,10.0,0,13,1,5,54.0,2,1,5.0,0.0,7.0,1,4,11.71616
313213.0,3.0,1,17,2,5,54.0,2,1,3.0,6.0,0.0,0,5,11.120416
313213.0,4.0,0,15,2,5,54.0,2,1,5.0,0.0,7.0,1,5,11.120416
313214.0,3.0,0,17,1,5,54.0,2,1,5.0,1.0,8.0,1,1,11.126322
313216.0,5.0,1,12,1,5,54.0,2,1,3.0,2.0,2.0,1,1,10.635279
313221.0,3.0,1,12,1,5,54.0,2,1,3.0,2.0,2.0,0,1,10.239102
313222.0,4.0,0,17,2,5,54.0,2,1,6.0,1.0,10.0,0,2,11.698251
313224.0,2.0,1,12,1,5,54.0,2,1,3.0,3.0,3.0,0,4,11.430098
313228.0,3.0,1,14,1,5,54.0,2,1,3.0,2.0,2.0,0,4,11.18026
313234.0,8.0,1,16,1,5,54.0,1,1,5.0,1.0,0.0,0,1,11.217896
313239.0,4.0,1,15,2,5,54.0,2,1,3.0,4.0,4.0,0,3,11.34983
313240.0,3.0,0,17,2,5,54.0,2,1,5.0,1.0,7.0,0,1,11.702189
313242.0,6.0,0,14,2,5,54.0,2,1,5.0,0.0,6.0,0,5,12.296352
313242.0,7.0,1,12,1,5,54.0,2,1,3.0,1.0,1.0,1,5,12.296352
313244.0,5.0,1,17,1,5,54.0,2,1,3.0,5.0,5.0,0,2,10.682261
313245.0,3.0,0,14,2,5,54.0,2,1,5.0,1.0,7.0,0,4,12.985079
313246.0,3.0,1,13,1,5,54.0,2,1,3.0,4.0,5.0,1,2,11.570968
313247.0,3.0,1,17,1,5,54.0,2,1,3.0,5.0,0.0,0,1,10.829253
313247.0,4.0,1,15,1,5,54.0,2,1,3.0,3.0,4.0,1,1,10.829253
313248.0,3.0,1,14,1,5,54.0,2,1,3.0,4.0,4.0,0,1,11.65898
313251.0,5.0,1,16,2,5,54.0,2,1,3.0,5.0,5.0,0,2,12.512954
313251.0,6.0,1,13,2,5,54.0,2,1,3.0,4.0,4.0,0,2,12.512954
313253.0,4.0,1,14,1,5,54.0,2,1,3.0,6.0,0.0,0,1,0.0
313254.0,3.0,1,14,1,5,54.0,2,1,3.0,4.0,5.0,1,4,11.74186
313256.0,3.0,1,13,2,5,54.0,2,1,3.0,3.0,3.0,0,1,11.054866
313257.0,3.0,1,15,2,5,54.0,2,1,3.0,6.0,6.0,0,2,10.666067
313259.0,4.0,0,15,1,5,54.0,2,1,5.0,0.0,6.0,0,1,12.1110525
313260.0,2.0,1,13,2,5,54.0,2,1,3.0,3.0,3.0,0,4,10.713884
313267.0,3.0,1,17,2,5,54.0,2,1,3.0,3.0,0.0,0,1,10.397451
313267.0,4.0,1,12,2,5,54.0,2,1,3.0,4.0,4.0,0,1,10.397451
313269.0,4.0,1,14,2,5,54.0,2,1,3.0,4.0,4.0,0,1,10.534121
313276.0,3.0,1,15,1,5,54.0,2,1,3.0,3.0,4.0,1,4,11.851367
313276.0,4.0,1,12,2,5,54.0,2,1,3.0,5.0,5.0,0,4,11.851367
313276.0,6.0,1,12,2,5,54.0,2,1,3.0,4.0,4.0,0,4,11.851367
313276.0,7.0,1,17,2,5,54.0,2,1,3.0,3.0,0.0,0,4,11.851367
313278.0,3.0,1,17,2,5,54.0,2,1,3.0,4.0,0.0,0,5,0.0
313279.0,3.0,0,14,1,5,54.0,2,1,5.0,0.0,6.0,0,4,11.428032
313280.0,3.0,1,12,1,5,54.0,2,1,3.0,3.0,3.0,0,3,11.282896
313281.0,2.0,0,16,2,5,54.0,2,1,5.0,1.0,7.0,0,1,11.855884
313283.0,3.0,1,12,2,5,54.0,2,1,3.0,5.0,5.0,0,4,11.669724
313283.0,7.0,1,12,2,5,54.0,2,1,3.0,4.0,4.0,1,4,11.669724
313284.0,3.0,1,14,1,5,54.0,2,1,3.0,3.0,4.0,1,2,11.175366
313287.0,6.0,1,15,2,5,54.0,2,1,3.0,4.0,4.0,0,2,11.836284
313288.0,4.0,0,16,2,5,54.0,2,1,6.0,0.0,9.0,0,1,12.311765
313288.0,5.0,1,12,1,5,54.0,2,1,3.0,5.0,5.0,0,1,12.311765
313289.0,2.0,1,14,2,5,54.0,2,1,3.0,5.0,6.0,1,2,10.608464
313290.0,2.0,1,13,2,5,54.0,2,1,3.0,4.0,4.0,0,2,11.513435
313291.0,5.0,1,15,2,5,54.0,2,1,3.0,3.0,3.0,0,1,11.942569
313293.0,3.0,0,16,1,5,54.0,2,1,5.0,1.0,7.0,0,4,11.413779
313294.0,3.0,1,16,1,5,54.0,2,1,3.0,3.0,3.0,0,1,11.148376
313295.0,4.0,0,16,2,5,54.0,2,1,5.0,1.0,8.0,0,2,12.965022
313295.0,5.0,0,13,2,5,54.0,2,1,5.0,1.0,7.0,0,2,12.965022
313297.0,4.0,0,14,1,5,54.0,2,1,5.0,1.0,7.0,0,5,14.541462
313298.0,4.0,0,17,2,5,54.0,2,1,6.0,0.0,9.0,0,3,12.162414
313298.0,5.0,1,14,1,5,54.0,2,1,3.0,4.0,5.0,1,3,12.162414
313299.0,3.0,1,16,2,5,54.0,2,1,3.0,4.0,5.0,1,1,11.151253
313300.0,6.0,1,12,1,5,54.0,2,1,3.0,1.0,1.0,0,1,11.795666
313304.0,5.0,1,14,1,5,54.0,2,1,3.0,5.0,5.0,0,1,11.227255
313305.0,5.0,0,15,2,5,54.0,2,1,5.0,0.0,6.0,0,2,10.830144
313306.0,3.0,1,15,2,5,54.0,2,1,3.0,0.0,0.0,0,1,11.706237
313306.0,4.0,1,12,1,5,54.0,2,1,3.0,2.0,3.0,1,1,11.706237
313311.0,6.0,1,15,1,5,54.0,2,1,3.0,3.0,3.0,0,1,11.32721
313312.0,3.0,1,14,1,5,54.0,2,1,3.0,5.0,5.0,0,3,10.623179
313316.0,3.0,1,13,2,5,54.0,2,1,3.0,3.0,3.0,0,4,11.2954035
313317.0,3.0,0,17,2,5,54.0,2,1,5.0,0.0,6.0,0,3,10.287422
313318.0,2.0,0,14,1,5,54.0,2,1,5.0,0.0,6.0,0,4,12.645169
313324.0,6.0,1,17,2,5,54.0,1,1,3.0,6.0,6.0,0,1,11.961297
313324.0,7.0,1,12,1,5,54.0,1,1,3.0,1.0,2.0,1,1,11.961297
313326.0,4.0,1,17,2,5,54.0,1,1,3.0,5.0,0.0,0,5,13.610945
313327.0,3.0,0,17,1,5,54.0,2,1,5.0,2.0,8.0,0,3,10.806916
313328.0,4.0,0,17,2,5,54.0,2,1,5.0,0.0,6.0,0,3,12.710888
313329.0,7.0,1,14,2,5,54.0,2,1,3.0,3.0,3.0,0,4,12.066816
313332.0,4.0,0,17,2,5,54.0,2,1,5.0,0.0,6.0,0,4,11.920528
313332.0,5.0,0,16,2,5,54.0,2,1,5.0,1.0,7.0,0,4,11.920528
313335.0,2.0,1,16,1,5,54.0,2,1,5.0,1.0,7.0,0,3,11.903453
313335.0,3.0,1,13,2,5,54.0,2,1,3.0,5.0,5.0,0,3,11.903453
313336.0,2.0,1,13,1,5,54.0,2,1,3.0,5.0,5.0,0,2,12.098549
313336.0,4.0,0,14,2,5,54.0,2,1,5.0,0.0,6.0,0,2,12.098549
313337.0,6.0,1,17,2,5,54.0,2,1,3.0,6.0,0.0,0,5,12.23077
313342.0,5.0,1,17,1,5,54.0,2,1,3.0,5.0,5.0,0,2,11.279744
313342.0,6.0,1,14,1,5,54.0,2,1,3.0,4.0,4.0,0,2,11.279744
313345.0,4.0,0,17,2,5,54.0,2,1,5.0,1.0,8.0,1,2,12.030594
313345.0,5.0,1,14,1,5,54.0,2,1,3.0,3.0,4.0,1,2,12.030594
313348.0,3.0,0,17,1,5,54.0,2,1,5.0,0.0,6.0,0,2,11.078073
313349.0,3.0,0,17,1,5,54.0,2,1,5.0,1.0,8.0,1,2,11.558243
313349.0,4.0,1,12,1,5,54.0,2,1,3.0,3.0,4.0,1,2,11.558243
313350.0,4.0,0,17,2,5,54.0,2,1,5.0,1.0,7.0,0,2,11.637892
313350.0,5.0,1,14,2,5,54.0,2,1,3.0,4.0,4.0,0,2,11.637892
313352.0,3.0,1,17,1,5,54.0,2,1,3.0,5.0,5.0,0,1,11.1490965
313353.0,3.0,1,16,1,5,54.0,2,1,3.0,5.0,5.0,0,2,10.149409
313359.0,5.0,0,15,1,5,54.0,2,1,5.0,1.0,7.0,0,5,12.268677
313359.0,6.0,0,14,2,5,54.0,2,1,5.0,0.0,6.0,0,5,12.268677
313360.0,3.0,1,14,2,5,54.0,2,1,3.0,5.0,5.0,0,1,11.88914
313360.0,4.0,1,12,2,5,54.0,2,1,3.0,3.0,3.0,0,1,11.88914
313361.0,4.0,0,17,1,5,54.0,2,1,5.0,0.0,6.0,0,5,13.567025
313363.0,4.0,1,17,1,5,54.0,2,1,3.0,3.0,0.0,0,2,10.470958
313363.0,6.0,1,15,1,5,54.0,2,1,3.0,3.0,0.0,0,2,10.470958
313363.0,7.0,1,17,2,5,54.0,2,1,3.0,2.0,0.0,0,2,10.470958
313364.0,3.0,1,13,1,5,54.0,2,1,3.0,3.0,4.0,1,4,10.436349
313365.0,4.0,1,15,1,5,54.0,2,1,3.0,3.0,0.0,0,3,10.490607
313366.0,2.0,1,12,2,5,54.0,2,1,3.0,4.0,4.0,0,1,11.401446
313367.0,2.0,1,15,2,5,54.0,2,1,3.0,2.0,3.0,1,1,11.193422
313370.0,3.0,1,16,1,5,54.0,2,1,3.0,3.0,3.0,0,3,11.863836
313375.0,5.0,1,13,1,5,54.0,2,1,3.0,3.0,3.0,0,3,12.080005
313377.0,4.0,1,13,2,5,54.0,2,1,3.0,2.0,3.0,1,3,11.979806
313377.0,5.0,1,12,1,5,54.0,2,1,3.0,3.0,3.0,0,3,11.979806
313378.0,5.0,1,17,1,5,54.0,2,1,5.0,1.0,8.0,0,3,11.414772
313378.0,6.0,1,14,1,5,54.0,2,1,3.0,3.0,3.0,0,3,11.414772
313381.0,3.0,0,14,2,5,54.0,2,1,5.0,1.0,7.0,0,5,14.217109
313382.0,4.0,1,17,2,5,54.0,2,1,3.0,3.0,4.0,0,1,10.757392
313382.0,5.0,1,14,1,5,54.0,2,1,3.0,1.0,0.0,0,1,10.757392
313383.0,3.0,1,13,1,5,54.0,2,1,3.0,4.0,4.0,0,3,11.650302
313383.0,4.0,1,12,2,5,54.0,2,1,3.0,3.0,4.0,1,3,11.650302
313384.0,4.0,0,14,1,5,54.0,2,1,5.0,1.0,7.0,0,1,12.737909
313386.0,2.0,1,14,2,5,54.0,2,1,3.0,4.0,4.0,0,1,10.183994
313387.0,3.0,1,17,1,5,54.0,2,1,3.0,6.0,0.0,0,3,12.441484
313389.0,3.0,1,12,1,5,54.0,2,1,3.0,3.0,3.0,0,3,11.664152
313390.0,2.0,1,16,1,5,54.0,2,1,3.0,3.0,4.0,1,2,11.217896
313393.0,3.0,0,15,2,5,54.0,2,1,5.0,0.0,6.0,0,3,12.390313
313393.0,4.0,1,13,2,5,54.0,2,1,3.0,3.0,3.0,0,3,12.390313
313393.0,5.0,1,13,2,5,54.0,2,1,3.0,4.0,4.0,0,3,12.390313
313395.0,3.0,1,17,2,5,54.0,2,1,3.0,6.0,0.0,0,1,8.9620075
313396.0,2.0,0,17,2,5,54.0,2,1,5.0,0.0,6.0,0,2,11.987829
313397.0,3.0,1,14,1,5,54.0,2,1,3.0,3.0,4.0,1,1,11.527577
313398.0,3.0,1,12,1,5,54.0,2,1,3.0,2.0,0.0,0,1,0.0
313399.0,4.0,1,17,1,5,54.0,2,1,5.0,2.0,8.0,0,2,10.531456
313400.0,3.0,1,13,2,5,54.0,2,1,3.0,2.0,2.0,0,2,11.282896
313401.0,3.0,1,13,2,5,54.0,2,1,3.0,3.0,3.0,0,1,11.28541
313402.0,5.0,1,14,1,5,54.0,2,1,3.0,5.0,5.0,0,3,10.552578
313403.0,4.0,1,13,1,5,54.0,2,1,3.0,1.0,2.0,0,1,0.0
313404.0,3.0,1,16,2,5,54.0,2,1,3.0,5.0,0.0,0,1,10.255059
313404.0,4.0,1,15,2,5,54.0,2,1,3.0,3.0,0.0,0,1,10.255059
313407.0,3.0,1,14,2,5,54.0,2,1,3.0,5.0,5.0,0,3,11.489923
313408.0,4.0,1,15,2,5,54.0,2,1,3.0,3.0,4.0,1,2,11.141151
313409.0,3.0,1,12,2,5,54.0,2,1,3.0,3.0,4.0,1,1,11.593823
313410.0,2.0,1,16,2,5,54.0,2,1,5.0,1.0,0.0,0,4,0.0
313411.0,6.0,1,13,1,5,54.0,2,1,3.0,2.0,3.0,1,2,10.565557
313413.0,3.0,1,13,2,5,54.0,2,1,3.0,3.0,3.0,0,1,11.430641
313416.0,3.0,1,17,1,5,54.0,2,1,3.0,4.0,4.0,0,2,12.0384
313421.0,6.0,0,16,2,5,54.0,1,1,5.0,1.0,7.0,0,4,11.9783
313426.0,3.0,1,14,1,5,54.0,2,1,3.0,5.0,5.0,0,1,11.670152
313428.0,4.0,0,17,2,5,54.0,2,1,5.0,0.0,6.0,0,4,11.438859
313433.0,3.0,0,15,1,5,54.0,2,1,5.0,0.0,6.0,0,2,12.064572
313433.0,4.0,1,13,1,5,54.0,2,1,3.0,5.0,5.0,0,2,12.064572
313434.0,3.0,1,15,1,5,54.0,2,1,3.0,3.0,3.0,0,2,10.523418
313444.0,4.0,0,17,2,5,54.0,1,1,6.0,0.0,9.0,0,5,14.224304
313449.0,4.0,1,15,1,5,54.0,1,1,3.0,4.0,0.0,0,2,0.0
313450.0,4.0,1,17,1,5,54.0,1,1,3.0,4.0,0.0,0,1,10.35698
313451.0,2.0,1,14,1,5,54.0,1,1,3.0,5.0,5.0,0,2,11.320263
313454.0,3.0,1,14,1,5,54.0,2,1,3.0,4.0,4.0,0,2,11.462169
313455.0,3.0,1,12,2,5,54.0,2,1,3.0,3.0,3.0,0,4,11.001699
313456.0,4.0,0,15,1,5,54.0,2,1,5.0,2.0,8.0,0,4,13.29557
313456.0,6.0,1,12,1,5,54.0,2,1,3.0,1.0,0.0,0,4,13.29557
313457.0,3.0,0,15,1,5,54.0,2,1,5.0,1.0,7.0,0,3,12.170761
313457.0,4.0,1,12,1,5,54.0,2,1,3.0,3.0,3.0,0,3,12.170761
313462.0,3.0,1,12,2,5,54.0,2,1,3.0,5.0,5.0,0,4,11.736277
313463.0,2.0,1,14,2,5,54.0,2,1,3.0,5.0,5.0,0,4,10.757392
313464.0,4.0,1,16,1,5,54.0,2,1,3.0,2.0,3.0,1,2,11.616618
313464.0,5.0,1,14,1,5,54.0,2,1,3.0,3.0,3.0,0,2,11.616618
313465.0,6.0,1,13,2,5,54.0,2,1,3.0,5.0,5.0,0,1,10.877594
313466.0,5.0,1,16,1,5,54.0,2,1,3.0,3.0,4.0,1,1,11.812111
313466.0,6.0,1,13,1,5,54.0,2,1,3.0,2.0,3.0,1,1,11.812111
313468.0,3.0,0,16,1,5,54.0,2,1,5.0,1.0,7.0,0,4,11.999424
313469.0,5.0,0,17,1,5,54.0,2,1,5.0,2.0,8.0,0,4,12.307708
313471.0,5.0,1,14,2,5,54.0,2,1,3.0,3.0,3.0,0,5,11.840977
313473.0,5.0,0,15,2,5,54.0,2,1,5.0,2.0,8.0,0,3,12.770977
313473.0,6.0,1,14,1,5,54.0,2,1,3.0,4.0,4.0,1,3,12.770977
313474.0,5.0,0,16,2,5,54.0,2,1,5.0,0.0,6.0,0,3,12.659998
313474.0,6.0,1,14,2,5,54.0,2,1,3.0,4.0,4.0,0,3,12.659998
313474.0,7.0,1,12,2,5,54.0,2,1,3.0,3.0,4.0,1,3,12.659998
313475.0,3.0,0,14,2,5,54.0,2,1,5.0,0.0,6.0,0,5,11.565147
313477.0,3.0,1,15,2,5,54.0,2,1,3.0,5.0,5.0,0,2,11.125438
313487.0,3.0,1,15,1,5,54.0,2,1,3.0,4.0,4.0,0,1,10.596035
313490.0,3.0,1,16,1,5,54.0,2,1,3.0,4.0,4.0,0,2,11.979021
313490.0,4.0,1,14,2,5,54.0,2,1,3.0,4.0,4.0,0,2,11.979021
313495.0,2.0,1,13,1,5,54.0,2,1,3.0,2.0,2.0,0,2,11.18235
313496.0,3.0,1,12,2,5,54.0,2,1,3.0,2.0,2.0,0,3,11.274046
313497.0,3.0,1,13,2,5,54.0,2,1,3.0,2.0,2.0,0,1,10.520725
313499.0,2.0,0,17,1,5,54.0,2,1,5.0,2.0,8.0,0,4,11.587671
313499.0,3.0,1,12,2,5,54.0,2,1,3.0,4.0,4.0,0,4,11.587671
313504.0,3.0,1,12,2,5,54.0,2,1,3.0,5.0,5.0,0,2,11.476272
313505.0,5.0,0,15,2,5,54.0,2,1,5.0,2.0,8.0,0,3,10.015074
313506.0,5.0,1,16,1,5,54.0,2,1,3.0,4.0,0.0,0,2,10.53943
313506.0,6.0,1,12,2,5,54.0,2,1,3.0,4.0,4.0,0,2,10.53943
313508.0,3.0,1,15,1,5,54.0,2,1,3.0,2.0,0.0,0,3,8.699681
313509.0,4.0,1,17,1,5,54.0,2,1,3.0,5.0,0.0,0,1,10.549962
313511.0,3.0,1,13,1,5,54.0,2,1,3.0,3.0,3.0,0,2,11.430098
313512.0,3.0,1,17,1,5,54.0,2,1,3.0,5.0,5.0,0,1,11.512686
313512.0,4.0,1,13,1,5,54.0,2,1,3.0,4.0,4.0,0,1,11.512686
313514.0,6.0,0,15,2,5,54.0,2,1,5.0,1.0,7.0,0,3,10.933482
313515.0,3.0,0,14,2,5,54.0,2,1,5.0,1.0,7.0,0,1,11.680226
313515.0,4.0,1,12,1,5,54.0,2,1,3.0,3.0,3.0,0,1,11.680226
313516.0,7.0,1,12,1,5,54.0,2,0,,,,0,5,11.611422
313518.0,3.0,1,16,2,5,54.0,2,1,3.0,5.0,0.0,0,1,10.722738
313520.0,2.0,1,15,1,5,54.0,2,1,3.0,4.0,4.0,0,5,10.50441
313521.0,3.0,1,16,1,5,54.0,2,1,3.0,4.0,4.0,0,2,10.462418
313524.0,3.0,1,14,1,5,54.0,2,1,3.0,2.0,2.0,0,4,11.625593
313524.0,4.0,1,12,1,5,54.0,2,1,3.0,1.0,1.0,0,4,11.625593
313530.0,2.0,0,16,2,5,54.0,2,1,5.0,1.0,7.0,0,5,13.660564
313530.0,3.0,1,15,2,5,54.0,2,1,3.0,5.0,5.0,0,5,13.660564
313530.0,4.0,1,15,1,5,54.0,2,1,3.0,5.0,5.0,0,5,13.660564
313538.0,3.0,0,17,2,5,54.0,1,1,6.0,1.0,10.0,0,5,13.836779
313538.0,4.0,0,14,2,5,54.0,1,1,5.0,1.0,7.0,0,5,13.836779
313538.0,7.0,1,13,2,5,54.0,1,1,3.0,3.0,3.0,0,5,13.836779
313539.0,5.0,0,16,2,5,54.0,1,1,5.0,2.0,8.0,0,5,14.319445
313541.0,3.0,1,15,1,5,54.0,1,1,3.0,4.0,4.0,0,5,11.998747
313541.0,4.0,1,14,1,5,54.0,1,1,3.0,6.0,6.0,0,5,11.998747
313541.0,5.0,1,16,1,5,54.0,1,1,3.0,5.0,0.0,0,5,11.998747
313544.0,3.0,1,13,1,5,54.0,1,1,3.0,4.0,,0,2,11.715262
313544.0,4.0,1,12,2,5,54.0,1,1,3.0,4.0,,0,2,11.715262
313546.0,3.0,1,15,1,5,54.0,1,1,3.0,6.0,,0,3,11.330816
313546.0,4.0,1,13,1,5,54.0,1,1,3.0,2.0,,0,3,11.330816
313549.0,2.0,0,14,2,5,54.0,1,1,5.0,0.0,,0,4,12.3688755
313549.0,3.0,1,13,1,5,54.0,1,1,3.0,3.0,,0,4,12.3688755
313549.0,4.0,1,12,1,5,54.0,1,1,3.0,3.0,,0,4,12.3688755
313551.0,3.0,1,15,1,5,54.0,1,1,3.0,5.0,,0,1,10.632871
313552.0,3.0,0,15,2,5,54.0,2,1,5.0,1.0,,0,1,11.655388
313552.0,4.0,1,14,2,5,54.0,2,1,3.0,2.0,,0,1,11.655388
313555.0,3.0,0,16,1,5,54.0,2,1,5.0,1.0,,0,2,11.831278
313560.0,5.0,1,17,1,5,54.0,2,1,3.0,5.0,,0,4,10.886053
313561.0,2.0,1,12,2,5,54.0,2,1,3.0,4.0,,0,3,10.59353
313563.0,3.0,1,12,1,5,54.0,2,1,3.0,3.0,,0,4,10.805192
313566.0,3.0,1,14,1,5,54.0,2,1,3.0,4.0,,0,4,11.638685
313568.0,4.0,0,16,2,5,54.0,2,1,5.0,2.0,,0,4,13.108915
313572.0,5.0,1,15,2,5,54.0,2,1,3.0,4.0,,0,2,11.186517
313576.0,4.0,1,16,2,5,54.0,2,1,3.0,5.0,,0,1,0.0
313578.0,5.0,0,17,2,5,54.0,2,1,6.0,0.0,,0,2,11.449571
313580.0,3.0,0,16,2,5,54.0,2,1,6.0,0.0,,0,5,13.820956
313580.0,4.0,1,12,2,5,54.0,2,1,3.0,4.0,,0,5,13.820956
313581.0,3.0,0,17,2,5,54.0,2,1,5.0,2.0,,0,3,13.384298
313581.0,4.0,0,15,2,5,54.0,2,1,5.0,2.0,,0,3,13.384298
313582.0,4.0,0,17,2,5,54.0,2,1,6.0,2.0,,0,4,12.832815
313584.0,3.0,0,16,1,5,54.0,2,1,5.0,2.0,,0,4,13.286116
313584.0,4.0,1,13,2,5,54.0,2,1,3.0,5.0,,0,4,13.286116
313586.0,3.0,0,17,2,5,54.0,2,1,6.0,1.0,,0,2,12.494202
313586.0,4.0,1,16,1,5,54.0,2,1,3.0,4.0,,0,2,12.494202
313586.0,5.0,1,14,2,5,54.0,2,1,3.0,5.0,,0,2,12.494202
313589.0,2.0,1,12,2,5,54.0,2,1,3.0,3.0,,0,2,11.119157
313592.0,2.0,1,13,1,5,54.0,2,1,3.0,3.0,,0,1,10.453803
313596.0,3.0,1,14,1,5,54.0,2,0,,,,0,1,10.490607
313596.0,4.0,1,12,2,5,54.0,2,1,3.0,3.0,,0,1,10.490607
313597.0,4.0,1,15,1,5,55.0,2,1,3.0,4.0,4.0,0,1,11.930227
313598.0,2.0,1,16,2,5,55.0,2,1,3.0,5.0,0.0,0,3,7.6014023
313600.0,3.0,0,17,1,5,55.0,2,1,5.0,2.0,8.0,0,1,11.307818
313600.0,4.0,0,15,1,5,55.0,2,1,5.0,1.0,7.0,0,1,11.307818
313603.0,3.0,0,16,1,5,55.0,2,1,5.0,1.0,8.0,1,4,11.32341
313603.0,4.0,1,13,2,5,55.0,2,1,3.0,5.0,5.0,0,4,11.32341
313605.0,3.0,1,13,1,5,55.0,2,1,3.0,5.0,5.0,0,3,11.3471775
313608.0,4.0,1,17,1,5,55.0,2,1,5.0,2.0,0.0,0,2,12.678842
313608.0,5.0,1,14,1,5,55.0,2,1,3.0,3.0,4.0,1,2,12.678842
313612.0,5.0,1,16,1,5,55.0,2,1,3.0,5.0,0.0,0,3,0.0
313614.0,5.0,0,14,1,5,55.0,2,1,5.0,0.0,6.0,0,3,10.7987795
313615.0,2.0,0,12,1,5,55.0,2,1,5.0,0.0,6.0,0,5,11.14708
313616.0,4.0,0,13,2,5,55.0,2,1,5.0,0.0,6.0,0,3,11.202125
313623.0,3.0,0,16,2,5,55.0,2,1,5.0,1.0,7.0,0,2,11.333332
313624.0,4.0,0,15,2,5,55.0,2,1,5.0,0.0,6.0,0,3,11.961361
313625.0,4.0,1,16,1,5,55.0,2,1,3.0,5.0,0.0,0,1,11.493243
313625.0,5.0,1,14,2,5,55.0,2,1,3.0,4.0,4.0,0,1,11.493243
313627.0,4.0,0,17,2,5,55.0,2,1,5.0,0.0,6.0,0,4,11.453558
313627.0,5.0,1,14,1,5,55.0,2,1,3.0,1.0,2.0,1,4,11.453558
313628.0,3.0,1,14,1,5,55.0,2,1,3.0,1.0,1.0,0,1,11.119157
313630.0,3.0,1,13,1,5,55.0,2,1,3.0,4.0,4.0,0,3,10.663733
313631.0,5.0,1,14,2,5,55.0,2,1,5.0,0.0,6.0,0,3,11.742854
313631.0,6.0,1,12,2,5,55.0,2,1,3.0,3.0,3.0,0,3,11.742854
313637.0,4.0,1,16,2,5,55.0,1,1,3.0,5.0,0.0,0,2,11.211158
313640.0,4.0,1,16,1,5,55.0,1,1,3.0,4.0,0.0,0,1,10.436349
313641.0,3.0,1,13,1,5,55.0,1,1,3.0,4.0,4.0,0,1,11.52239
313644.0,3.0,1,14,2,5,55.0,2,1,3.0,3.0,3.0,0,3,11.986678
313645.0,2.0,1,12,2,5,55.0,2,1,3.0,4.0,4.0,0,5,10.544709
313651.0,5.0,1,17,2,5,55.0,2,1,3.0,5.0,0.0,0,2,0.0
313651.0,6.0,1,17,1,5,55.0,2,1,3.0,5.0,0.0,0,2,0.0
313656.0,2.0,1,14,1,5,55.0,2,1,3.0,4.0,5.0,1,1,11.484794
313658.0,5.0,0,17,2,5,55.0,2,1,5.0,0.0,6.0,0,1,12.166453
313658.0,6.0,0,16,1,5,55.0,2,1,5.0,1.0,7.0,0,1,12.166453
313658.0,7.0,1,14,2,5,55.0,2,1,3.0,4.0,4.0,0,1,12.166453
313658.0,9.0,0,15,2,5,55.0,2,1,5.0,0.0,6.0,0,1,12.166453
313659.0,3.0,1,17,1,5,55.0,2,1,3.0,6.0,0.0,0,3,10.531456
313659.0,4.0,1,12,1,5,55.0,2,1,3.0,1.0,1.0,0,3,10.531456
313660.0,3.0,0,15,1,5,55.0,2,1,5.0,2.0,8.0,0,3,12.964659
313660.0,4.0,1,13,2,5,55.0,2,1,3.0,3.0,3.0,0,3,12.964659
313663.0,3.0,1,12,1,5,55.0,2,1,3.0,4.0,5.0,1,4,11.994277
313668.0,5.0,1,17,1,5,55.0,2,1,3.0,5.0,5.0,0,3,12.117302
313668.0,6.0,1,14,2,5,55.0,2,1,3.0,4.0,4.0,0,3,12.117302
313669.0,6.0,1,15,1,5,55.0,2,1,3.0,4.0,0.0,0,3,12.008573
313670.0,3.0,1,15,2,5,55.0,2,1,3.0,4.0,4.0,0,4,11.845289
313672.0,5.0,1,12,1,5,55.0,2,1,3.0,4.0,5.0,1,2,11.368489
313673.0,4.0,1,16,2,5,55.0,2,1,3.0,5.0,5.0,0,2,11.466106
313673.0,5.0,1,12,2,5,55.0,2,1,3.0,4.0,5.0,1,2,11.466106
313677.0,4.0,0,17,1,5,55.0,2,1,6.0,0.0,9.0,0,3,13.397842
313677.0,5.0,0,15,2,5,55.0,2,1,5.0,0.0,6.0,0,3,13.397842
313678.0,2.0,1,15,1,5,55.0,2,1,3.0,3.0,3.0,0,3,12.08026
313678.0,3.0,0,14,2,5,55.0,2,1,5.0,2.0,8.0,0,3,12.08026
313678.0,4.0,1,12,2,5,55.0,2,1,3.0,4.0,4.0,0,3,12.08026
313686.0,3.0,0,13,2,5,55.0,2,1,5.0,0.0,7.0,1,2,11.043898
313687.0,4.0,0,17,1,5,55.0,1,1,5.0,2.0,8.0,0,4,10.86973
313688.0,2.0,1,12,2,5,55.0,1,1,3.0,3.0,3.0,0,4,10.905516
313690.0,3.0,1,15,2,5,55.0,1,1,3.0,4.0,4.0,0,5,10.580912
313691.0,3.0,1,12,1,5,55.0,1,1,3.0,4.0,4.0,0,3,11.314181
313692.0,3.0,1,17,1,5,55.0,1,1,3.0,5.0,0.0,0,1,11.229913
313692.0,4.0,1,15,2,5,55.0,1,1,3.0,4.0,4.0,0,1,11.229913
313694.0,4.0,1,16,2,5,55.0,1,1,3.0,4.0,0.0,0,4,11.415323
313696.0,4.0,1,14,2,5,55.0,2,1,3.0,3.0,3.0,0,3,12.45629
313697.0,4.0,0,16,1,5,55.0,2,1,5.0,0.0,7.0,1,4,12.793778
313700.0,4.0,0,14,2,5,55.0,2,1,5.0,0.0,6.0,0,3,11.090736
313701.0,3.0,1,17,1,5,55.0,2,1,3.0,6.0,0.0,0,2,10.763758
313701.0,4.0,1,13,2,5,55.0,2,1,3.0,5.0,5.0,0,2,10.763758
313702.0,3.0,1,17,2,5,55.0,2,1,5.0,0.0,0.0,0,3,9.230241
313703.0,2.0,1,12,2,5,55.0,2,1,3.0,1.0,1.0,0,4,11.032483
313704.0,3.0,0,14,1,5,55.0,2,1,5.0,0.0,6.0,0,2,12.036535
313704.0,4.0,1,12,1,5,55.0,2,1,3.0,2.0,2.0,0,2,12.036535
313705.0,3.0,0,17,1,5,55.0,2,1,5.0,2.0,8.0,0,5,10.826972
313708.0,2.0,0,16,2,5,55.0,2,1,5.0,1.0,8.0,1,4,11.403791
313712.0,3.0,0,16,2,5,55.0,2,1,5.0,1.0,7.0,0,4,12.037719
313712.0,4.0,1,13,2,5,55.0,2,1,3.0,5.0,5.0,0,4,12.037719
313713.0,3.0,1,12,1,5,55.0,2,1,3.0,2.0,2.0,0,2,10.490607
313715.0,4.0,0,16,2,5,55.0,2,1,5.0,0.0,6.0,0,3,11.940224
313716.0,3.0,1,15,1,5,55.0,2,1,3.0,4.0,0.0,0,4,0.0
313719.0,4.0,0,16,2,5,55.0,2,1,5.0,2.0,8.0,0,3,12.587829
313719.0,5.0,1,14,1,5,55.0,2,1,3.0,5.0,5.0,0,3,12.587829
313719.0,6.0,1,14,1,5,55.0,2,1,3.0,4.0,5.0,1,3,12.587829
313721.0,3.0,0,15,2,5,55.0,2,1,5.0,0.0,6.0,0,1,11.7019825
313721.0,4.0,1,13,2,5,55.0,2,1,3.0,2.0,2.0,0,1,11.7019825
313724.0,3.0,0,13,2,5,55.0,2,1,5.0,0.0,6.0,0,3,11.899282
313727.0,2.0,1,13,1,5,55.0,2,1,3.0,4.0,5.0,1,5,10.761641
313729.0,4.0,1,12,2,5,55.0,2,1,3.0,2.0,2.0,0,3,11.8854265
313730.0,5.0,1,16,1,5,55.0,2,1,3.0,4.0,5.0,1,1,11.209805
313731.0,4.0,0,17,2,5,55.0,2,1,5.0,2.0,8.0,0,3,12.905937
313731.0,5.0,1,15,1,5,55.0,2,1,3.0,5.0,5.0,0,3,12.905937
313735.0,4.0,1,17,1,5,55.0,2,1,3.0,1.0,2.0,1,2,11.606652
313735.0,5.0,1,12,1,5,55.0,2,1,3.0,1.0,2.0,1,2,11.606652
313737.0,3.0,1,13,1,5,55.0,2,1,3.0,4.0,4.0,0,3,11.450529
313738.0,4.0,1,17,1,5,55.0,2,1,3.0,4.0,0.0,0,3,11.68432
313738.0,5.0,0,16,2,5,55.0,2,1,5.0,1.0,7.0,0,3,11.68432
313738.0,6.0,0,14,2,5,55.0,2,1,5.0,1.0,7.0,0,3,11.68432
313740.0,4.0,0,17,1,5,55.0,2,1,5.0,2.0,8.0,0,4,12.044941
313740.0,5.0,1,13,1,5,55.0,2,1,3.0,4.0,5.0,1,4,12.044941
313741.0,3.0,1,12,2,5,55.0,2,1,3.0,4.0,4.0,0,3,10.729328
313743.0,3.0,1,15,1,5,55.0,2,1,3.0,3.0,3.0,1,4,11.201647
313746.0,3.0,1,15,2,5,55.0,2,1,3.0,4.0,5.0,1,2,11.833566
313746.0,4.0,1,14,2,5,55.0,2,1,3.0,3.0,3.0,0,2,11.833566
313746.0,5.0,1,12,1,5,55.0,2,1,3.0,1.0,2.0,1,2,11.833566
313747.0,3.0,1,17,1,5,55.0,2,1,3.0,4.0,4.0,0,3,11.8567
313747.0,4.0,1,13,2,5,55.0,2,1,3.0,5.0,5.0,0,3,11.8567
313750.0,4.0,0,16,1,5,55.0,2,1,5.0,0.0,6.0,0,1,11.444764
313752.0,3.0,1,15,2,5,55.0,2,1,3.0,3.0,3.0,0,2,11.673777
313755.0,5.0,1,16,1,5,55.0,2,1,3.0,5.0,5.0,0,3,11.990624
313757.0,4.0,0,17,1,5,55.0,2,1,5.0,1.0,8.0,1,2,11.8840475
313759.0,3.0,1,12,1,5,55.0,2,0,,,,0,5,0.0
313760.0,2.0,1,15,1,5,55.0,2,1,3.0,1.0,1.0,0,5,10.526105
313763.0,5.0,0,16,1,5,55.0,2,1,5.0,0.0,6.0,0,1,11.105498
313764.0,4.0,1,13,2,5,55.0,2,1,3.0,1.0,2.0,1,2,10.709428
313767.0,3.0,1,13,1,5,55.0,2,1,3.0,4.0,5.0,0,4,11.426834
313769.0,3.0,0,17,2,5,55.0,2,1,5.0,0.0,6.0,0,2,11.653001
313769.0,4.0,1,14,1,5,55.0,2,1,3.0,3.0,3.0,0,2,11.653001
313770.0,4.0,1,17,2,5,55.0,2,1,5.0,1.0,0.0,0,1,11.491201
313770.0,5.0,1,14,2,5,55.0,2,1,3.0,5.0,5.0,0,1,11.491201
313771.0,2.0,1,13,1,5,55.0,2,1,3.0,4.0,4.0,0,2,10.831232
313774.0,3.0,0,14,2,5,55.0,2,1,5.0,0.0,6.0,0,5,13.130601
313776.0,3.0,1,13,1,5,55.0,2,1,3.0,4.0,4.0,0,3,11.493243
313777.0,4.0,1,16,2,5,55.0,2,1,3.0,4.0,4.0,0,3,11.077532
313779.0,3.0,1,12,1,5,55.0,2,1,3.0,2.0,2.0,0,1,10.445114
313780.0,2.0,1,16,1,5,55.0,2,1,3.0,5.0,5.0,0,3,10.385173
313782.0,4.0,0,16,1,5,55.0,2,1,5.0,2.0,8.0,0,2,12.980422
313785.0,3.0,0,14,2,5,55.0,2,1,5.0,1.0,7.0,0,4,11.793099
313786.0,6.0,0,16,1,5,55.0,2,1,5.0,1.0,7.0,0,3,12.81709
313786.0,8.0,1,17,1,5,55.0,2,0,,,,0,3,12.81709
313790.0,4.0,0,15,2,5,55.0,2,1,5.0,1.0,7.0,0,3,12.028357
313791.0,3.0,1,15,1,5,55.0,2,1,3.0,5.0,5.0,0,4,11.780859
313793.0,3.0,1,14,2,5,55.0,2,1,3.0,5.0,6.0,1,4,12.174071
313793.0,4.0,1,12,2,5,55.0,2,1,3.0,3.0,4.0,1,4,12.174071
313794.0,6.0,1,15,1,5,55.0,2,1,3.0,5.0,6.0,0,2,10.8072195
313797.0,3.0,1,14,2,5,55.0,2,1,3.0,4.0,4.0,0,1,11.241786
313797.0,4.0,1,14,1,5,55.0,2,1,3.0,2.0,2.0,0,1,11.241786
313803.0,5.0,1,17,1,5,55.0,2,1,3.0,2.0,0.0,0,3,7.6014023
313803.0,6.0,1,15,2,5,55.0,2,1,3.0,4.0,0.0,0,3,7.6014023
313809.0,5.0,0,16,2,5,55.0,2,1,5.0,2.0,8.0,0,2,11.846794
313812.0,3.0,1,16,1,5,55.0,2,1,3.0,3.0,4.0,0,2,0.0
313815.0,2.0,1,13,1,5,55.0,2,1,3.0,3.0,3.0,0,4,11.1739645
313819.0,2.0,0,15,2,5,55.0,2,1,5.0,0.0,6.0,0,5,11.58744
313821.0,6.0,1,12,2,5,55.0,2,1,3.0,0.0,0.0,0,5,11.310209
313823.0,5.0,0,15,1,5,55.0,2,1,5.0,1.0,7.0,0,5,13.181945
313823.0,6.0,1,13,1,5,55.0,2,1,3.0,4.0,4.0,0,5,13.181945
313824.0,3.0,0,16,2,5,55.0,2,1,5.0,2.0,8.0,0,5,11.68571
313826.0,4.0,1,14,1,5,55.0,2,1,3.0,3.0,4.0,0,4,10.744537
313828.0,3.0,1,17,2,5,55.0,2,1,3.0,6.0,0.0,0,4,0.0
313831.0,4.0,0,16,1,5,55.0,2,1,5.0,1.0,7.0,0,3,11.492325
313832.0,3.0,0,17,2,5,55.0,2,1,5.0,0.0,7.0,1,3,10.501252
313833.0,3.0,1,15,2,5,55.0,2,1,3.0,4.0,5.0,1,4,10.7512
313836.0,5.0,1,15,1,5,55.0,2,1,3.0,3.0,4.0,1,3,12.51231
313836.0,6.0,1,13,1,5,55.0,2,1,3.0,3.0,4.0,1,3,12.51231
313839.0,3.0,1,17,1,5,55.0,2,1,3.0,1.0,2.0,1,2,11.22459
313839.0,4.0,1,15,1,5,55.0,2,1,3.0,1.0,2.0,1,2,11.22459
313840.0,4.0,1,16,1,5,55.0,2,1,3.0,1.0,2.0,1,1,11.7598715
313840.0,5.0,1,16,2,5,55.0,2,1,3.0,3.0,4.0,0,1,11.7598715
313841.0,4.0,0,16,2,5,55.0,2,1,5.0,0.0,7.0,1,4,11.093782
313842.0,2.0,1,13,1,5,55.0,2,1,3.0,2.0,3.0,1,4,10.375863
313847.0,4.0,1,15,2,5,55.0,2,1,3.0,4.0,5.0,1,3,11.225924
313849.0,2.0,0,17,1,5,55.0,2,1,5.0,1.0,8.0,1,5,11.059362
313850.0,3.0,1,16,2,5,55.0,2,1,3.0,2.0,0.0,0,5,12.933949
313850.0,4.0,0,15,2,5,55.0,2,1,5.0,0.0,6.0,0,5,12.933949
313851.0,2.0,1,13,2,5,55.0,2,1,3.0,4.0,5.0,1,2,11.7983
313852.0,2.0,0,17,1,5,55.0,2,1,5.0,0.0,6.0,0,3,12.624276
313852.0,3.0,1,15,2,5,55.0,2,1,3.0,5.0,5.0,0,3,12.624276
313852.0,4.0,1,14,2,5,55.0,2,1,3.0,5.0,5.0,0,3,12.624276
313852.0,5.0,1,12,1,5,55.0,2,1,3.0,3.0,3.0,0,3,12.624276
313853.0,2.0,1,12,2,5,55.0,2,1,3.0,1.0,2.0,1,4,10.536778
313854.0,3.0,1,17,2,5,55.0,2,1,3.0,5.0,0.0,0,2,11.925869
313854.0,4.0,1,16,1,5,55.0,2,1,3.0,3.0,3.0,0,2,11.925869
313854.0,5.0,1,13,2,5,55.0,2,1,3.0,3.0,3.0,0,2,11.925869
313855.0,3.0,1,12,2,5,55.0,2,1,3.0,3.0,3.0,0,5,11.370797
313857.0,3.0,0,15,2,5,55.0,2,1,5.0,1.0,7.0,0,3,11.883184
313857.0,4.0,1,13,1,5,55.0,2,1,3.0,3.0,3.0,0,3,11.883184
313860.0,2.0,0,15,2,5,55.0,2,1,5.0,1.0,8.0,1,2,11.265886
313862.0,2.0,1,17,1,5,55.0,2,1,3.0,4.0,0.0,0,1,0.0
313865.0,3.0,1,15,2,5,55.0,2,1,3.0,5.0,5.0,0,2,11.385387
313865.0,4.0,1,12,1,5,55.0,2,1,3.0,2.0,2.0,0,2,11.385387
313868.0,3.0,0,17,1,5,55.0,1,1,5.0,1.0,7.0,0,3,12.095426
313868.0,4.0,1,15,1,5,55.0,1,1,3.0,3.0,3.0,0,3,12.095426
313868.0,5.0,1,12,1,5,55.0,1,1,3.0,4.0,4.0,0,3,12.095426
313872.0,3.0,0,17,1,5,55.0,1,1,6.0,1.0,10.0,0,4,12.918044
313873.0,3.0,0,15,2,5,55.0,1,1,5.0,0.0,6.0,0,3,12.068166
313874.0,2.0,1,12,2,5,55.0,1,1,3.0,4.0,4.0,0,4,11.979492
313876.0,4.0,1,15,2,5,55.0,2,1,3.0,5.0,5.0,0,4,11.703843
313879.0,3.0,1,14,1,5,55.0,2,1,3.0,4.0,4.0,0,2,11.186517
313879.0,4.0,1,12,2,5,55.0,2,1,3.0,2.0,2.0,0,2,11.186517
313880.0,4.0,0,15,1,5,55.0,2,1,5.0,0.0,6.0,0,4,13.250221
313882.0,3.0,1,15,1,5,55.0,2,1,3.0,1.0,0.0,0,3,0.0
313884.0,4.0,1,14,1,5,55.0,2,1,3.0,5.0,5.0,0,4,11.845361
313887.0,3.0,1,14,2,5,55.0,2,1,3.0,1.0,0.0,0,2,11.030866
313890.0,4.0,1,17,1,5,55.0,2,1,3.0,3.0,0.0,0,2,11.085997
313890.0,5.0,1,15,2,5,55.0,2,1,3.0,3.0,4.0,0,2,11.085997
313890.0,6.0,1,12,2,5,55.0,2,1,3.0,2.0,2.0,0,2,11.085997
313892.0,3.0,1,12,2,5,55.0,2,1,3.0,2.0,3.0,1,4,11.250924
313896.0,5.0,0,15,1,5,55.0,2,1,5.0,0.0,6.0,0,4,13.147906
313896.0,8.0,1,17,2,5,55.0,2,1,5.0,0.0,0.0,0,4,13.147906
313898.0,4.0,1,13,1,5,55.0,2,1,3.0,5.0,5.0,0,4,12.647664
313901.0,3.0,1,17,1,5,55.0,2,1,3.0,6.0,0.0,0,2,11.590127
313901.0,4.0,1,16,1,5,55.0,2,1,3.0,4.0,5.0,1,2,11.590127
313903.0,4.0,1,17,1,5,55.0,2,1,5.0,0.0,0.0,0,3,0.0
313906.0,4.0,1,16,1,5,55.0,2,1,3.0,3.0,0.0,0,3,10.403535
313906.0,5.0,1,14,1,5,55.0,2,1,3.0,4.0,5.0,0,3,10.403535
313907.0,3.0,1,16,2,5,55.0,2,1,3.0,5.0,5.0,0,4,12.090668
313907.0,4.0,1,13,1,5,55.0,2,1,3.0,3.0,3.0,0,4,12.090668
313911.0,5.0,1,15,2,5,55.0,2,1,3.0,5.0,5.0,0,2,11.312472
313911.0,6.0,1,12,2,5,55.0,2,1,3.0,1.0,1.0,0,2,11.312472
313913.0,5.0,1,16,1,5,55.0,2,1,3.0,4.0,5.0,1,4,10.555187
313917.0,2.0,1,15,1,5,55.0,2,1,5.0,1.0,8.0,0,3,11.133873
313922.0,5.0,1,17,1,5,55.0,2,1,3.0,3.0,3.0,0,4,11.75136
313922.0,9.0,1,13,1,5,55.0,2,1,3.0,2.0,3.0,1,4,11.75136
313923.0,5.0,1,14,1,5,55.0,2,1,3.0,3.0,4.0,1,4,11.192045
313925.0,4.0,1,16,1,5,55.0,2,1,3.0,4.0,4.0,0,3,11.126542
313929.0,5.0,1,12,2,5,55.0,2,1,3.0,5.0,5.0,0,5,12.557208
313930.0,4.0,1,15,1,5,55.0,2,1,3.0,3.0,0.0,0,4,12.074317
313932.0,3.0,1,14,1,5,55.0,2,1,3.0,2.0,3.0,1,4,11.402564
313933.0,4.0,0,16,2,5,55.0,2,1,5.0,2.0,8.0,0,5,11.760067
313934.0,5.0,1,14,1,5,55.0,2,1,3.0,4.0,4.0,0,1,11.814591
313935.0,3.0,1,17,2,5,55.0,2,1,6.0,0.0,0.0,0,5,11.130215
313936.0,3.0,1,12,2,5,55.0,2,1,3.0,3.0,3.0,0,2,11.254815
313938.0,3.0,1,12,1,5,55.0,2,1,3.0,4.0,4.0,0,2,11.276583
313945.0,3.0,1,12,2,5,55.0,2,1,3.0,2.0,2.0,0,3,11.369644
313949.0,5.0,1,17,2,5,55.0,2,1,3.0,2.0,0.0,0,3,11.81033
313949.0,6.0,1,12,2,5,55.0,2,1,3.0,3.0,3.0,0,3,11.81033
313951.0,3.0,1,14,1,5,55.0,2,1,3.0,2.0,2.0,0,2,11.313877
313952.0,5.0,1,12,1,5,55.0,2,1,3.0,1.0,1.0,0,5,13.217011
313954.0,4.0,1,14,2,5,55.0,2,1,3.0,1.0,2.0,1,2,12.03535
313954.0,5.0,1,14,2,5,55.0,2,1,3.0,3.0,3.0,0,2,12.03535
313955.0,3.0,0,16,1,5,55.0,2,1,5.0,1.0,7.0,0,3,11.6458025
313956.0,3.0,1,12,1,5,55.0,2,1,3.0,3.0,3.0,0,4,11.55743
313959.0,2.0,1,16,2,5,55.0,2,1,3.0,3.0,0.0,0,4,10.485032
313963.0,2.0,1,13,2,5,55.0,2,1,3.0,4.0,4.0,0,5,11.232563
313964.0,2.0,1,17,1,5,55.0,2,1,3.0,4.0,0.0,0,4,11.221918
313964.0,3.0,1,12,1,5,55.0,2,1,3.0,1.0,2.0,1,4,11.221918
313966.0,6.0,1,12,2,5,55.0,2,1,3.0,3.0,3.0,0,3,11.4129505
313983.0,3.0,0,15,2,5,55.0,2,1,5.0,0.0,6.0,0,4,11.968678
313983.0,4.0,1,12,2,5,55.0,2,1,3.0,5.0,5.0,0,4,11.968678
313985.0,3.0,1,13,2,5,55.0,2,1,3.0,5.0,5.0,0,4,11.332015
313986.0,3.0,1,15,1,5,55.0,2,1,3.0,1.0,0.0,0,4,0.0
313991.0,4.0,1,16,2,5,55.0,2,1,3.0,5.0,5.0,0,3,10.753125
313996.0,5.0,0,15,2,5,55.0,2,1,5.0,1.0,7.0,0,3,11.827999
314002.0,6.0,0,15,2,5,55.0,2,1,5.0,0.0,6.0,0,5,13.782177
314002.0,7.0,1,13,1,5,55.0,2,1,3.0,5.0,5.0,0,5,13.782177
314006.0,4.0,0,16,2,5,55.0,2,1,5.0,1.0,8.0,1,5,12.50949
314009.0,3.0,1,13,2,5,55.0,2,1,3.0,4.0,4.0,0,4,11.262552
314011.0,3.0,1,12,1,5,55.0,2,1,3.0,4.0,4.0,0,5,10.794993
314012.0,2.0,1,12,1,5,55.0,2,1,3.0,2.0,2.0,0,5,11.263836
314014.0,6.0,0,15,1,5,55.0,2,1,5.0,0.0,6.0,0,5,12.70582
314015.0,3.0,0,17,1,5,55.0,2,1,5.0,2.0,8.0,0,5,14.450075
314015.0,4.0,0,16,1,5,55.0,2,1,5.0,2.0,8.0,0,5,14.450075
314015.0,6.0,1,17,2,5,55.0,2,1,3.0,6.0,0.0,0,5,14.450075
314015.0,7.0,1,16,1,5,55.0,2,1,5.0,2.0,0.0,0,5,14.450075
314026.0,4.0,1,16,1,5,55.0,2,1,3.0,4.0,4.0,0,4,10.695937
314028.0,3.0,1,17,2,5,55.0,2,1,3.0,6.0,0.0,0,3,11.872179
314028.0,4.0,1,13,2,5,55.0,2,1,3.0,3.0,3.0,0,3,11.872179
314032.0,3.0,1,16,2,5,55.0,2,1,5.0,2.0,,0,3,12.5772085
314032.0,4.0,1,14,1,5,55.0,2,1,3.0,4.0,,0,3,12.5772085
314036.0,3.0,1,12,1,5,55.0,2,1,3.0,3.0,,0,4,12.214541
314036.0,7.0,1,17,1,5,55.0,2,1,3.0,5.0,,0,4,12.214541
314037.0,3.0,0,16,1,5,55.0,2,1,5.0,1.0,,0,5,12.780917
314037.0,4.0,0,14,2,5,55.0,2,1,5.0,1.0,,0,5,12.780917
314038.0,5.0,1,12,1,5,55.0,2,1,3.0,5.0,,1,1,11.116187
314044.0,5.0,1,17,1,5,55.0,2,1,3.0,4.0,,0,3,11.034099
314047.0,3.0,1,13,2,5,55.0,2,1,3.0,4.0,,0,3,11.321172
314051.0,2.0,1,15,1,5,55.0,2,1,3.0,4.0,,1,2,11.241786
314052.0,3.0,1,17,1,5,55.0,2,1,3.0,4.0,,0,2,10.598533
314052.0,4.0,1,15,1,5,55.0,2,1,3.0,5.0,,0,2,10.598533
314055.0,2.0,1,16,2,5,55.0,2,1,3.0,4.0,,1,5,11.2378435
314057.0,4.0,0,17,1,5,55.0,2,1,5.0,1.0,,0,3,12.416661
314057.0,5.0,0,13,2,5,55.0,2,1,5.0,0.0,,0,3,12.416661
314058.0,2.0,1,16,1,5,55.0,2,1,3.0,2.0,,0,2,10.523418
314063.0,3.0,0,13,2,5,55.0,2,1,5.0,0.0,,0,2,12.104654
314071.0,4.0,0,16,1,5,55.0,2,1,5.0,1.0,,0,3,11.787796
314072.0,4.0,0,16,1,5,55.0,2,1,5.0,2.0,,0,2,12.86817
314072.0,5.0,1,13,1,5,55.0,2,1,3.0,5.0,,0,2,12.86817
314072.0,8.0,1,15,1,5,55.0,2,1,3.0,3.0,,0,2,12.86817
314072.0,9.0,1,16,1,5,55.0,2,1,3.0,2.0,,0,2,12.86817
314074.0,3.0,0,17,1,5,55.0,2,1,6.0,2.0,,0,4,13.240628
314074.0,4.0,0,15,1,5,55.0,2,1,5.0,1.0,,1,4,13.240628
314074.0,5.0,1,12,1,5,55.0,2,1,3.0,5.0,,0,4,13.240628
314075.0,3.0,1,12,1,5,55.0,2,1,3.0,4.0,,0,4,11.66951
314075.0,6.0,1,15,1,5,55.0,2,1,3.0,1.0,,0,4,11.66951
314076.0,2.0,1,15,2,5,55.0,2,1,3.0,5.0,,0,1,10.702705
314078.0,3.0,0,16,2,5,55.0,2,1,6.0,0.0,,0,4,12.685256
314078.0,4.0,1,12,2,5,55.0,2,1,3.0,5.0,,0,4,12.685256
314080.0,4.0,1,14,2,5,55.0,2,1,3.0,4.0,,1,3,11.511435
314080.0,5.0,1,14,2,5,55.0,2,1,3.0,3.0,,0,3,11.511435
314081.0,4.0,1,14,2,5,55.0,2,1,3.0,2.0,,0,3,10.450915
314083.0,4.0,1,17,1,5,56.0,1,0,,,,0,5,0.0
314088.0,4.0,1,14,2,5,56.0,1,1,3.0,3.0,3.0,0,1,10.8072195
314089.0,3.0,1,16,2,5,56.0,1,1,3.0,3.0,0.0,0,1,11.017825
314090.0,3.0,1,15,1,5,56.0,1,1,3.0,1.0,0.0,0,1,10.263816
314094.0,3.0,1,12,2,5,56.0,2,1,3.0,3.0,3.0,0,2,10.632871
314096.0,3.0,1,13,1,5,56.0,2,1,3.0,3.0,4.0,1,2,10.578369
314098.0,2.0,1,16,2,5,56.0,2,1,3.0,4.0,0.0,0,1,11.136791
314098.0,3.0,1,13,1,5,56.0,2,1,3.0,3.0,3.0,0,1,11.136791
314100.0,3.0,1,17,2,5,56.0,2,1,3.0,1.0,0.0,0,1,12.290349
314100.0,4.0,0,16,1,5,56.0,2,1,5.0,1.0,7.0,0,1,12.290349
314100.0,5.0,1,14,1,5,56.0,2,1,3.0,2.0,2.0,0,1,12.290349
314100.0,6.0,1,12,1,5,56.0,2,1,3.0,1.0,1.0,0,1,12.290349
314104.0,4.0,0,17,2,5,56.0,2,1,5.0,1.0,7.0,0,2,11.211293
314105.0,2.0,1,17,1,5,56.0,2,1,3.0,4.0,0.0,0,1,11.601953
314105.0,3.0,0,15,2,5,56.0,2,1,5.0,0.0,6.0,0,1,11.601953
314107.0,3.0,1,16,1,5,56.0,2,1,3.0,4.0,4.0,0,2,11.253325
314109.0,3.0,1,15,1,5,56.0,2,1,3.0,4.0,4.0,0,4,11.472374
314109.0,4.0,1,13,1,5,56.0,2,1,3.0,3.0,4.0,1,4,11.472374
314110.0,5.0,0,17,2,5,56.0,2,1,6.0,0.0,9.0,0,1,12.508234
314110.0,6.0,1,14,1,5,56.0,2,1,3.0,5.0,5.0,0,1,12.508234
314110.0,7.0,0,15,2,5,56.0,2,1,5.0,2.0,8.0,0,1,12.508234
314115.0,3.0,0,17,1,5,56.0,2,1,5.0,1.0,7.0,0,1,12.284242
314115.0,4.0,1,14,1,5,56.0,2,1,3.0,4.0,5.0,1,1,12.284242
314117.0,2.0,0,15,2,5,56.0,2,1,5.0,1.0,7.0,0,1,10.935533
314118.0,3.0,0,14,1,5,56.0,2,1,5.0,1.0,7.0,0,1,11.439667
314118.0,4.0,1,12,1,5,56.0,2,1,3.0,2.0,2.0,0,1,11.439667
314119.0,2.0,1,12,1,5,56.0,2,1,3.0,3.0,3.0,0,5,10.750985
314122.0,4.0,0,16,2,5,56.0,2,1,6.0,0.0,9.0,0,3,13.225572
314128.0,3.0,1,12,2,5,56.0,2,1,3.0,3.0,3.0,0,4,11.307756
314128.0,5.0,1,15,1,5,56.0,2,1,3.0,2.0,0.0,0,4,11.307756
314129.0,6.0,0,17,1,5,56.0,2,1,5.0,1.0,7.0,0,1,11.656991
314130.0,3.0,1,17,2,5,56.0,2,1,3.0,1.0,0.0,0,1,11.18026
314130.0,5.0,1,15,1,5,56.0,2,1,3.0,1.0,1.0,0,1,11.18026
314133.0,7.0,1,17,1,5,56.0,2,1,3.0,2.0,0.0,0,3,13.606468
314136.0,7.0,1,16,1,5,56.0,2,1,3.0,6.0,0.0,0,4,11.405741
314136.0,8.0,0,14,2,5,56.0,2,1,5.0,0.0,6.0,0,4,11.405741
314139.0,5.0,1,14,2,5,56.0,2,1,3.0,0.0,0.0,0,5,12.412176
314144.0,6.0,1,17,1,5,56.0,2,1,3.0,4.0,0.0,0,1,0.0
314144.0,7.0,1,14,1,5,56.0,2,1,3.0,2.0,0.0,0,1,0.0
314145.0,4.0,1,17,2,5,56.0,2,1,3.0,5.0,0.0,0,3,11.186517
314145.0,5.0,1,13,2,5,56.0,2,1,3.0,4.0,5.0,1,3,11.186517
314146.0,3.0,1,13,2,5,56.0,2,1,3.0,5.0,5.0,0,2,11.665011
314152.0,5.0,1,17,1,5,56.0,2,0,,,,0,5,10.713884
314153.0,5.0,1,17,1,5,56.0,2,1,3.0,5.0,0.0,0,2,0.0
314154.0,2.0,1,12,2,5,56.0,2,1,3.0,2.0,2.0,0,2,10.640078
314155.0,7.0,0,16,1,5,56.0,2,1,5.0,2.0,8.0,0,3,12.962197
314158.0,2.0,1,13,2,5,56.0,2,1,3.0,3.0,4.0,1,5,11.621116
314160.0,5.0,0,17,1,5,56.0,2,1,6.0,1.0,10.0,0,3,12.696372
314164.0,3.0,1,13,1,5,56.0,2,1,3.0,4.0,4.0,0,3,11.720151
314165.0,3.0,1,12,1,5,56.0,2,1,3.0,4.0,4.0,0,4,11.7917
314170.0,3.0,0,14,2,5,56.0,2,1,5.0,2.0,8.0,0,4,12.342006
314170.0,4.0,0,16,2,5,56.0,2,1,6.0,0.0,9.0,0,4,12.342006
314172.0,3.0,1,17,2,5,56.0,2,1,3.0,4.0,0.0,0,1,8.378161
314175.0,2.0,1,17,2,5,56.0,1,1,3.0,5.0,0.0,0,2,10.596035
314175.0,3.0,1,14,1,5,56.0,1,1,3.0,2.0,0.0,0,2,10.596035
314177.0,4.0,0,12,2,5,56.0,1,1,5.0,0.0,7.0,1,4,11.050271
314180.0,3.0,1,13,1,5,56.0,1,1,3.0,5.0,6.0,1,4,11.045733
314182.0,5.0,0,15,2,5,56.0,2,1,6.0,0.0,9.0,0,5,14.634434
314182.0,6.0,1,12,2,5,56.0,2,1,3.0,4.0,4.0,0,5,14.634434
314182.0,7.0,0,17,2,5,56.0,2,1,5.0,0.0,6.0,0,5,14.634434
314182.0,11.0,0,17,2,5,56.0,2,1,5.0,1.0,7.0,0,5,14.634434
314182.0,12.0,1,13,1,5,56.0,2,1,3.0,2.0,2.0,0,5,14.634434
314183.0,3.0,1,14,1,5,56.0,2,1,3.0,5.0,5.0,0,3,11.042538
314184.0,3.0,1,13,1,5,56.0,2,1,3.0,2.0,2.0,0,2,11.248322
314187.0,3.0,1,13,1,5,56.0,2,1,3.0,4.0,4.0,1,5,12.845228
314189.0,2.0,1,15,2,5,56.0,2,1,3.0,5.0,5.0,0,3,10.6280365
314191.0,4.0,1,17,2,5,56.0,2,1,5.0,3.0,0.0,0,5,12.225881
314194.0,6.0,1,13,2,5,56.0,2,1,3.0,4.0,5.0,1,1,12.018543
314194.0,9.0,1,16,2,5,56.0,2,1,3.0,4.0,4.0,0,1,12.018543
314196.0,4.0,0,16,2,5,56.0,2,1,5.0,1.0,7.0,0,2,11.235339
314199.0,2.0,1,15,1,5,56.0,2,1,3.0,4.0,5.0,1,2,11.64943
314199.0,3.0,1,12,2,5,56.0,2,1,3.0,4.0,4.0,0,2,11.64943
314200.0,3.0,1,16,1,5,56.0,2,1,3.0,3.0,0.0,0,1,11.45663
314200.0,4.0,1,13,2,5,56.0,2,1,3.0,2.0,2.0,0,1,11.45663
314207.0,2.0,1,16,2,5,56.0,2,0,,,,0,2,0.0
314208.0,3.0,1,16,2,5,56.0,2,1,3.0,4.0,4.0,0,2,11.114699
314208.0,4.0,1,14,2,5,56.0,2,1,3.0,2.0,2.0,0,2,11.114699
314210.0,2.0,1,12,1,5,56.0,2,1,3.0,2.0,0.0,0,1,0.0
314215.0,3.0,1,15,2,5,56.0,2,1,3.0,5.0,5.0,0,1,11.476531
314216.0,3.0,0,17,1,5,56.0,2,1,5.0,1.0,7.0,0,1,11.811629
314216.0,4.0,1,14,1,5,56.0,2,1,3.0,3.0,4.0,1,1,11.811629
314218.0,2.0,0,14,1,5,56.0,2,1,5.0,1.0,7.0,0,3,11.564911
314219.0,4.0,0,17,1,5,56.0,2,1,5.0,1.0,7.0,0,3,10.879197
314220.0,6.0,0,17,1,5,56.0,2,1,5.0,1.0,8.0,1,5,12.514608
314222.0,4.0,1,13,1,5,56.0,2,1,3.0,3.0,3.0,0,1,11.300364
314224.0,4.0,1,16,1,5,56.0,2,1,3.0,2.0,0.0,0,4,10.632871
314224.0,5.0,1,14,2,5,56.0,2,1,3.0,2.0,2.0,0,4,10.632871
314228.0,3.0,1,14,1,5,56.0,2,1,3.0,6.0,6.0,0,1,11.530038
314228.0,4.0,1,12,1,5,56.0,2,1,3.0,2.0,2.0,0,1,11.530038
314232.0,3.0,1,16,2,5,56.0,2,1,3.0,5.0,0.0,0,4,9.323758
314234.0,3.0,1,16,1,5,56.0,2,1,3.0,2.0,0.0,0,1,10.281102
314234.0,4.0,1,12,2,5,56.0,2,1,3.0,1.0,1.0,0,1,10.281102
314235.0,3.0,1,13,2,5,56.0,2,1,3.0,3.0,3.0,0,2,11.610515
314236.0,3.0,1,15,2,5,56.0,1,1,3.0,2.0,3.0,1,3,11.449197
314236.0,4.0,1,12,1,5,56.0,1,1,3.0,1.0,2.0,1,3,11.449197
314240.0,5.0,1,16,1,5,56.0,1,1,3.0,1.0,1.0,0,3,11.263836
314240.0,6.0,1,12,1,5,56.0,1,1,3.0,1.0,1.0,0,3,11.263836
314241.0,2.0,1,16,2,5,56.0,1,1,3.0,2.0,0.0,0,4,0.0
314242.0,4.0,1,13,2,5,56.0,1,1,3.0,4.0,4.0,0,1,11.762991
314242.0,5.0,1,13,1,5,56.0,1,1,3.0,2.0,2.0,0,1,11.762991
314243.0,5.0,1,16,1,5,56.0,1,1,3.0,5.0,5.0,0,2,12.118312
314245.0,4.0,1,17,1,5,56.0,2,1,3.0,5.0,0.0,0,3,13.054429
314245.0,5.0,1,15,1,5,56.0,2,1,3.0,4.0,5.0,1,3,13.054429
314245.0,6.0,1,12,2,5,56.0,2,1,3.0,5.0,5.0,0,3,13.054429
314247.0,6.0,0,16,2,5,56.0,2,1,5.0,0.0,6.0,0,2,11.64427
314248.0,5.0,0,15,2,5,56.0,2,1,5.0,1.0,7.0,0,5,11.377804
314250.0,3.0,1,14,1,5,56.0,2,1,3.0,2.0,2.0,0,3,11.12507
314255.0,4.0,1,17,1,5,56.0,2,1,3.0,3.0,0.0,0,3,10.601025
314256.0,4.0,1,15,2,5,56.0,2,1,3.0,1.0,1.0,0,4,10.526105
314257.0,4.0,1,16,1,5,56.0,2,1,3.0,4.0,0.0,0,3,10.531456
314259.0,3.0,1,16,2,5,56.0,2,1,3.0,2.0,0.0,0,1,10.88652
314259.0,4.0,1,14,2,5,56.0,2,1,3.0,1.0,2.0,0,1,10.88652
314261.0,3.0,1,12,2,5,56.0,2,1,3.0,1.0,1.0,0,3,10.281102
314262.0,3.0,1,15,1,5,56.0,2,1,3.0,0.0,0.0,0,1,0.0
314265.0,5.0,1,15,1,5,56.0,2,1,3.0,4.0,4.0,0,2,11.306344
314266.0,3.0,1,16,2,5,56.0,2,1,3.0,5.0,0.0,0,3,10.848871
314266.0,4.0,1,13,2,5,56.0,2,1,3.0,2.0,3.0,1,3,10.848871
314267.0,5.0,1,12,1,5,56.0,2,1,3.0,2.0,2.0,0,3,10.794993
314269.0,3.0,1,16,2,5,56.0,2,1,3.0,1.0,1.0,0,2,10.999614
314272.0,5.0,1,13,1,5,56.0,2,1,3.0,1.0,1.0,0,1,11.101206
314277.0,4.0,1,17,2,5,56.0,2,1,3.0,3.0,0.0,0,1,10.462418
314277.0,5.0,1,15,1,5,56.0,2,1,3.0,2.0,2.0,0,1,10.462418
314278.0,7.0,1,16,1,5,56.0,2,1,3.0,3.0,0.0,0,1,0.0
314279.0,2.0,1,17,1,5,56.0,2,1,3.0,3.0,0.0,0,1,0.0
314281.0,5.0,1,12,1,5,56.0,2,1,3.0,3.0,3.0,0,3,11.332015
314282.0,3.0,1,14,1,5,56.0,2,1,3.0,2.0,2.0,0,2,11.085997
314285.0,4.0,1,16,2,5,56.0,2,1,3.0,2.0,2.0,0,1,11.166922
314286.0,3.0,1,15,1,5,56.0,2,1,3.0,2.0,2.0,0,1,11.5151825
314286.0,4.0,1,12,1,5,56.0,2,1,3.0,0.0,1.0,1,1,11.5151825
314290.0,3.0,1,12,1,5,56.0,2,1,3.0,2.0,2.0,0,1,11.165507
314291.0,3.0,1,17,2,5,56.0,2,1,3.0,5.0,0.0,0,1,11.168334
314291.0,4.0,1,13,1,5,56.0,2,1,3.0,2.0,2.0,0,1,11.168334
314296.0,6.0,1,14,1,5,56.0,2,1,3.0,2.0,2.0,0,1,10.436349
314298.0,4.0,1,15,2,5,56.0,2,1,3.0,2.0,3.0,1,2,10.9776535
314300.0,2.0,1,17,1,5,56.0,2,1,3.0,5.0,0.0,0,3,0.0
314301.0,6.0,0,17,2,5,56.0,2,1,6.0,0.0,9.0,0,2,13.196396
314301.0,7.0,0,15,2,5,56.0,2,1,6.0,0.0,9.0,0,2,13.196396
314302.0,2.0,1,15,1,5,56.0,2,1,3.0,3.0,3.0,0,2,10.6280365
314303.0,6.0,1,15,2,5,56.0,2,1,3.0,5.0,5.0,0,4,12.8575535
314305.0,5.0,1,17,2,5,56.0,2,1,3.0,3.0,3.0,0,2,11.22459
314308.0,4.0,1,14,2,5,56.0,2,1,3.0,4.0,5.0,1,1,11.130947
314309.0,4.0,1,15,2,5,56.0,2,1,3.0,5.0,5.0,0,4,12.750172
314311.0,4.0,0,17,2,5,56.0,2,1,5.0,1.0,7.0,0,3,11.203148
314313.0,4.0,0,17,1,5,56.0,2,1,5.0,1.0,7.0,0,3,11.909827
314314.0,5.0,1,16,1,5,56.0,2,1,3.0,5.0,5.0,0,3,12.440239
314314.0,6.0,1,12,1,5,56.0,2,1,3.0,3.0,3.0,0,3,12.440239
314318.0,5.0,1,17,1,5,56.0,2,1,5.0,1.0,0.0,0,3,9.350189
314320.0,3.0,0,14,2,5,56.0,2,1,5.0,1.0,7.0,0,2,11.596678
314324.0,3.0,1,15,2,5,56.0,2,1,3.0,5.0,5.0,0,2,11.580827
314326.0,6.0,0,16,1,5,56.0,2,1,5.0,1.0,7.0,0,4,11.75065
314329.0,3.0,1,15,1,5,56.0,2,1,3.0,2.0,3.0,1,4,11.211158
314331.0,4.0,1,15,2,5,56.0,2,1,3.0,3.0,4.0,1,1,10.518024
314335.0,3.0,1,17,1,5,56.0,2,1,3.0,5.0,0.0,0,2,11.74186
314335.0,4.0,1,13,2,5,56.0,2,1,3.0,4.0,5.0,0,2,11.74186
314335.0,6.0,1,13,2,5,56.0,2,1,3.0,4.0,5.0,0,2,11.74186
314339.0,3.0,1,16,2,5,56.0,2,1,3.0,3.0,3.0,0,2,11.522142
314339.0,4.0,1,13,2,5,56.0,2,1,3.0,2.0,2.0,0,2,11.522142
314344.0,3.0,1,13,1,5,56.0,2,1,3.0,4.0,4.0,0,4,10.644854
314347.0,4.0,1,13,1,5,56.0,2,1,3.0,3.0,4.0,1,2,10.848871
314348.0,3.0,0,17,2,5,56.0,2,1,6.0,0.0,9.0,0,5,11.476894
314349.0,2.0,0,14,1,5,56.0,2,1,5.0,0.0,6.0,0,5,11.642734
314352.0,7.0,1,12,1,5,56.0,2,1,3.0,3.0,3.0,0,2,11.289169
314352.0,8.0,1,15,1,5,56.0,2,1,3.0,5.0,5.0,0,2,11.289169
314353.0,5.0,1,17,2,5,56.0,2,1,3.0,4.0,0.0,0,2,11.211158
314353.0,7.0,1,15,1,5,56.0,2,1,3.0,3.0,3.0,0,2,11.211158
314353.0,8.0,1,13,1,5,56.0,2,1,3.0,2.0,2.0,0,2,11.211158
314354.0,4.0,1,12,1,5,56.0,2,1,3.0,2.0,2.0,0,5,11.0689945
314355.0,5.0,0,17,1,5,56.0,2,1,5.0,1.0,7.0,0,4,13.50409
314355.0,7.0,1,12,2,5,56.0,2,1,3.0,4.0,4.0,0,4,13.50409
314355.0,9.0,1,14,1,5,56.0,2,1,3.0,3.0,3.0,0,4,13.50409
314357.0,2.0,0,16,2,5,56.0,2,1,5.0,0.0,6.0,0,3,10.277152
314359.0,2.0,0,17,2,5,56.0,2,1,5.0,0.0,7.0,1,4,12.305855
314359.0,4.0,1,13,1,5,56.0,2,1,3.0,5.0,5.0,0,4,12.305855
314362.0,3.0,1,14,2,5,56.0,2,1,3.0,2.0,2.0,0,1,11.491967
314363.0,6.0,0,17,2,5,56.0,2,1,6.0,0.0,9.0,0,4,12.873546
314364.0,4.0,1,16,1,5,56.0,2,1,3.0,3.0,3.0,0,2,10.580912
314369.0,3.0,1,16,2,5,56.0,2,1,3.0,5.0,0.0,0,3,10.993328
314373.0,3.0,1,15,1,5,56.0,2,1,3.0,2.0,2.0,0,2,11.122117
314377.0,2.0,1,17,2,5,56.0,2,0,,,,0,3,10.950385
314381.0,4.0,1,14,1,5,56.0,2,1,3.0,3.0,3.0,0,4,10.534121
314386.0,3.0,1,17,1,5,56.0,2,1,3.0,4.0,5.0,1,4,11.716079
314386.0,4.0,1,13,2,5,56.0,2,1,3.0,3.0,3.0,0,4,11.716079
314387.0,2.0,1,12,2,5,56.0,2,1,3.0,5.0,5.0,0,4,10.950385
314388.0,2.0,0,16,1,5,56.0,2,1,5.0,0.0,6.0,0,5,11.230045
314390.0,4.0,0,17,2,5,56.0,1,1,5.0,2.0,8.0,0,5,14.125728
314391.0,6.0,1,15,1,5,56.0,1,1,3.0,5.0,0.0,0,5,14.880911
314393.0,2.0,0,15,2,5,56.0,1,1,5.0,0.0,6.0,0,4,10.976799
314394.0,4.0,0,17,1,5,56.0,1,1,6.0,0.0,9.0,0,5,14.094112
314394.0,5.0,0,13,2,5,56.0,1,1,5.0,1.0,7.0,0,5,14.094112
314407.0,2.0,1,17,1,5,56.0,2,1,3.0,1.0,0.0,0,5,0.0
314407.0,3.0,1,13,1,5,56.0,2,1,3.0,0.0,0.0,0,5,0.0
314408.0,3.0,0,14,2,5,56.0,2,1,5.0,0.0,6.0,0,4,11.895026
314408.0,4.0,1,12,1,5,56.0,2,1,3.0,4.0,4.0,0,4,11.895026
314410.0,2.0,1,12,2,5,56.0,2,1,3.0,2.0,2.0,0,2,12.324571
314410.0,5.0,1,13,2,5,56.0,2,1,3.0,2.0,2.0,0,2,12.324571
314416.0,3.0,1,17,2,5,56.0,2,1,3.0,6.0,0.0,0,3,0.0
314417.0,5.0,1,15,1,5,56.0,2,1,3.0,5.0,0.0,0,5,0.0
314418.0,4.0,1,16,1,5,56.0,2,1,3.0,4.0,4.0,0,2,12.28632
314418.0,5.0,0,15,1,5,56.0,2,1,5.0,0.0,6.0,0,2,12.28632
314419.0,4.0,1,17,1,5,56.0,2,1,3.0,6.0,0.0,0,1,10.337734
314423.0,3.0,0,15,2,5,56.0,2,1,5.0,0.0,6.0,0,2,11.555612
314424.0,5.0,1,17,1,5,56.0,2,1,3.0,5.0,5.0,0,4,13.091071
314425.0,3.0,1,15,1,5,56.0,2,1,3.0,4.0,4.0,0,2,11.708706
314425.0,4.0,1,12,1,5,56.0,2,1,3.0,3.0,3.0,0,2,11.708706
314426.0,4.0,1,17,2,5,56.0,2,1,3.0,5.0,5.0,0,5,11.830113
314426.0,5.0,1,14,1,5,56.0,2,1,3.0,3.0,3.0,0,5,11.830113
314426.0,6.0,1,12,2,5,56.0,2,1,3.0,3.0,3.0,0,5,11.830113
314426.0,8.0,1,17,2,5,56.0,2,1,3.0,5.0,5.0,0,5,11.830113
314430.0,3.0,1,15,2,5,56.0,2,1,3.0,0.0,1.0,0,1,10.967353
314435.0,3.0,0,16,2,5,56.0,2,1,5.0,1.0,7.0,1,2,12.00906
314435.0,4.0,1,13,2,5,56.0,2,1,3.0,1.0,1.0,0,2,12.00906
314435.0,5.0,1,13,2,5,56.0,2,1,3.0,4.0,4.0,0,2,12.00906
314437.0,3.0,0,14,2,5,56.0,2,1,5.0,1.0,7.0,1,1,11.62925
314443.0,3.0,1,15,1,5,56.0,2,1,3.0,1.0,2.0,1,3,11.593823
314443.0,4.0,1,12,2,5,56.0,2,1,3.0,2.0,3.0,1,3,11.593823
314444.0,3.0,1,14,2,5,56.0,2,1,3.0,4.0,4.0,0,3,11.207093
314445.0,3.0,1,14,1,5,56.0,2,1,3.0,5.0,5.0,0,4,11.559103
314445.0,4.0,1,12,1,5,56.0,2,1,3.0,5.0,5.0,0,4,11.559103
314446.0,3.0,0,14,1,5,56.0,2,1,5.0,1.0,7.0,0,3,12.606311
314446.0,4.0,1,12,1,5,56.0,2,1,3.0,4.0,4.0,0,3,12.606311
314448.0,5.0,1,17,2,5,56.0,2,1,3.0,4.0,0.0,0,2,11.075598
314448.0,6.0,1,13,1,5,56.0,2,1,3.0,2.0,2.0,0,2,11.075598
314450.0,3.0,0,15,1,5,56.0,2,1,5.0,0.0,6.0,0,1,12.543601
314450.0,4.0,1,13,1,5,56.0,2,1,3.0,3.0,3.0,0,1,12.543601
314451.0,2.0,1,15,1,5,56.0,2,1,3.0,5.0,5.0,0,2,10.914652
314452.0,3.0,1,14,1,5,56.0,1,1,3.0,0.0,0.0,0,1,0.0
314456.0,6.0,1,14,2,5,56.0,1,1,3.0,4.0,4.0,0,2,11.22459
314456.0,7.0,1,12,1,5,56.0,1,1,3.0,1.0,1.0,0,2,11.22459
314457.0,2.0,1,16,1,5,56.0,1,1,3.0,2.0,3.0,0,3,0.0
314458.0,4.0,1,16,1,5,56.0,1,1,3.0,6.0,0.0,0,1,10.809243
314458.0,5.0,1,14,1,5,56.0,1,1,3.0,5.0,5.0,0,1,10.809243
314459.0,3.0,1,14,2,5,56.0,1,1,3.0,4.0,4.0,0,2,11.450529
314460.0,5.0,1,15,1,5,56.0,1,1,3.0,3.0,0.0,0,2,0.0
314461.0,2.0,1,13,1,5,56.0,2,1,3.0,4.0,4.0,0,2,11.450529
314461.0,3.0,1,12,2,5,56.0,2,1,3.0,2.0,2.0,0,2,11.450529
314462.0,2.0,1,13,2,5,56.0,2,1,3.0,3.0,3.0,0,5,11.68141
314464.0,5.0,0,16,1,5,56.0,2,1,5.0,1.0,7.0,0,2,12.256746
314468.0,3.0,1,15,1,5,56.0,2,1,3.0,3.0,3.0,0,4,12.088561
314472.0,3.0,0,15,2,5,56.0,2,1,5.0,1.0,7.0,0,3,12.102855
314472.0,4.0,1,13,2,5,56.0,2,1,3.0,4.0,4.0,0,3,12.102855
314474.0,4.0,1,17,1,5,56.0,2,1,3.0,5.0,0.0,0,1,0.0
314475.0,3.0,0,15,2,5,56.0,2,1,5.0,1.0,7.0,0,4,11.475597
314479.0,6.0,1,14,1,5,56.0,2,1,3.0,5.0,5.0,0,3,10.702705
314480.0,3.0,1,14,2,5,56.0,2,1,3.0,3.0,3.0,0,3,11.371949
314480.0,4.0,1,13,1,5,56.0,2,1,3.0,2.0,2.0,0,3,11.371949
314486.0,2.0,1,16,2,5,56.0,2,1,3.0,2.0,0.0,0,1,0.0
314487.0,3.0,1,16,2,5,56.0,2,1,3.0,4.0,0.0,0,3,11.259979
314487.0,4.0,1,13,2,5,56.0,2,1,3.0,4.0,4.0,0,3,11.259979
314488.0,2.0,1,14,2,5,56.0,2,1,3.0,4.0,5.0,1,4,10.666067
314490.0,2.0,1,13,1,5,56.0,2,1,3.0,0.0,0.0,0,1,0.0
314492.0,4.0,1,16,1,5,56.0,2,1,3.0,3.0,0.0,0,2,12.765791
314492.0,5.0,1,12,1,5,56.0,2,1,3.0,2.0,2.0,0,2,12.765791
314493.0,2.0,1,17,2,5,56.0,2,1,3.0,5.0,0.0,0,4,0.0
314494.0,3.0,1,13,2,5,56.0,2,1,3.0,1.0,2.0,1,2,11.011241
314495.0,6.0,1,16,1,5,56.0,2,1,3.0,2.0,2.0,0,3,10.523418
314496.0,4.0,1,17,1,5,56.0,2,1,3.0,2.0,0.0,0,1,10.385173
314496.0,5.0,1,15,1,5,56.0,2,1,3.0,6.0,0.0,0,1,10.385173
314496.0,6.0,1,12,2,5,56.0,2,1,3.0,3.0,3.0,0,1,10.385173
314496.0,7.0,1,15,1,5,56.0,2,1,3.0,2.0,0.0,0,1,10.385173
314498.0,4.0,1,17,1,5,56.0,2,1,3.0,2.0,0.0,0,1,0.0
314500.0,5.0,0,14,1,5,56.0,2,1,5.0,0.0,6.0,0,5,13.923038
314501.0,2.0,1,16,1,5,56.0,2,1,3.0,3.0,0.0,0,3,10.716105
314502.0,4.0,1,12,2,5,56.0,2,1,3.0,1.0,2.0,0,2,0.0
314505.0,4.0,0,16,2,5,56.0,2,1,5.0,0.0,6.0,0,4,11.734756
314505.0,5.0,1,13,2,5,56.0,2,1,3.0,4.0,4.0,0,4,11.734756
314508.0,4.0,1,17,2,5,56.0,2,1,3.0,5.0,0.0,0,3,11.649517
314508.0,5.0,1,13,1,5,56.0,2,1,3.0,2.0,2.0,0,3,11.649517
314509.0,4.0,0,15,1,5,56.0,2,1,5.0,0.0,7.0,1,1,11.536993
314513.0,4.0,1,14,2,5,56.0,2,1,3.0,3.0,0.0,0,4,10.755261
314514.0,4.0,1,14,2,5,56.0,2,1,3.0,4.0,3.0,0,2,11.876429
314516.0,3.0,0,14,2,5,56.0,2,1,5.0,1.0,,0,4,11.363973
314521.0,3.0,0,17,2,5,56.0,2,1,6.0,0.0,,0,1,12.720978
314525.0,4.0,1,13,1,5,56.0,2,1,3.0,5.0,,0,3,11.814037
314526.0,6.0,1,16,2,5,56.0,2,1,3.0,5.0,,0,3,10.923435
314526.0,7.0,0,12,1,5,56.0,2,1,5.0,0.0,,0,3,10.923435
314532.0,2.0,1,14,2,5,56.0,2,1,3.0,4.0,,0,2,10.848871
314534.0,2.0,1,12,2,5,56.0,2,1,3.0,4.0,,0,5,10.596035
314538.0,5.0,0,16,2,5,56.0,2,1,5.0,2.0,,0,2,11.892806
314538.0,6.0,1,13,2,5,56.0,2,1,3.0,3.0,,0,2,11.892806
314539.0,3.0,1,14,1,5,56.0,2,1,3.0,0.0,,1,3,10.542073
314540.0,3.0,0,17,2,5,56.0,2,1,5.0,2.0,,0,2,12.233668
314540.0,4.0,0,15,2,5,56.0,2,1,5.0,1.0,,0,2,12.233668
314544.0,4.0,1,16,2,5,56.0,2,1,3.0,3.0,,0,2,11.217896
314547.0,3.0,1,12,1,5,56.0,2,1,3.0,0.0,,0,2,11.287918
314549.0,4.0,0,17,1,5,56.0,2,1,5.0,2.0,,0,1,11.30419
314550.0,2.0,0,14,2,5,56.0,2,1,5.0,0.0,,0,1,11.16671
314551.0,4.0,0,17,1,5,56.0,2,1,6.0,1.0,,0,5,12.698743
314555.0,3.0,1,12,2,5,56.0,2,1,3.0,3.0,,0,3,11.549508
314558.0,2.0,0,16,1,5,56.0,2,1,6.0,0.0,,0,1,12.985824
314558.0,3.0,1,14,1,5,56.0,2,1,3.0,4.0,,1,1,12.985824
314559.0,4.0,0,14,2,5,56.0,2,1,5.0,2.0,,0,2,11.040295
314561.0,4.0,0,14,2,5,56.0,2,1,5.0,0.0,,0,4,13.187019
314562.0,2.0,1,14,2,5,56.0,2,1,3.0,3.0,,0,1,10.618299
314563.0,3.0,1,15,1,5,56.0,2,1,3.0,4.0,,0,1,0.0
314567.0,6.0,0,17,2,5,56.0,2,1,6.0,0.0,,0,2,12.119485
314568.0,3.0,1,13,1,5,56.0,2,1,3.0,2.0,,0,1,10.596035
314570.0,4.0,1,16,2,5,57.0,1,1,3.0,4.0,0.0,0,2,0.0
314571.0,3.0,0,13,2,5,57.0,1,1,5.0,0.0,6.0,0,5,13.169544
314575.0,4.0,1,15,2,5,57.0,1,1,3.0,5.0,5.0,0,2,11.828401
314575.0,5.0,1,13,2,5,57.0,1,1,3.0,3.0,3.0,0,2,11.828401
314576.0,6.0,1,17,1,5,57.0,1,1,3.0,6.0,6.0,0,4,14.717048
314576.0,7.0,1,15,1,5,57.0,1,1,3.0,5.0,5.0,0,4,14.717048
314578.0,3.0,1,17,2,5,57.0,2,1,3.0,4.0,0.0,0,3,12.629741
314578.0,4.0,0,15,1,5,57.0,2,1,5.0,0.0,6.0,0,3,12.629741
314578.0,5.0,1,12,2,5,57.0,2,1,3.0,4.0,4.0,0,3,12.629741
314579.0,4.0,1,15,2,5,57.0,2,1,3.0,5.0,5.0,0,1,11.664152
314579.0,5.0,1,13,2,5,57.0,2,1,3.0,2.0,2.0,0,1,11.664152
314580.0,5.0,1,14,2,5,57.0,2,1,3.0,3.0,4.0,1,3,13.495369
314580.0,6.0,1,14,1,5,57.0,2,1,3.0,4.0,5.0,1,3,13.495369
314582.0,5.0,1,17,1,5,57.0,2,1,3.0,4.0,0.0,0,4,13.833828
314582.0,6.0,0,15,1,5,57.0,2,1,5.0,1.0,7.0,0,4,13.833828
314583.0,2.0,0,14,2,5,57.0,2,1,5.0,1.0,8.0,1,4,11.972601
314583.0,3.0,1,13,2,5,57.0,2,1,5.0,0.0,6.0,0,4,11.972601
314585.0,5.0,0,15,2,5,57.0,2,1,5.0,0.0,6.0,0,2,11.499445
314587.0,7.0,1,16,1,5,57.0,1,1,3.0,3.0,0.0,0,5,14.147689
314589.0,3.0,0,15,1,5,57.0,1,1,5.0,1.0,7.0,0,5,14.476651
314589.0,6.0,1,16,1,5,57.0,1,1,3.0,2.0,0.0,0,5,14.476651
314592.0,7.0,0,16,2,5,57.0,1,1,6.0,1.0,10.0,0,4,14.899668
314592.0,8.0,1,13,1,5,57.0,1,1,5.0,0.0,6.0,0,4,14.899668
314592.0,9.0,1,12,2,5,57.0,1,1,3.0,5.0,5.0,0,4,14.899668
314595.0,4.0,0,15,2,5,57.0,1,1,5.0,0.0,6.0,0,4,11.598287
314597.0,3.0,1,14,1,5,57.0,1,1,3.0,1.0,2.0,1,2,12.01507
314600.0,4.0,1,13,2,5,57.0,1,1,3.0,4.0,4.0,0,5,12.317283
314601.0,3.0,0,17,2,5,57.0,1,1,6.0,1.0,10.0,0,2,12.865291
314601.0,4.0,0,15,2,5,57.0,1,1,6.0,0.0,9.0,0,2,12.865291
314601.0,5.0,1,13,2,5,57.0,1,1,3.0,3.0,4.0,1,2,12.865291
314601.0,7.0,0,17,2,5,57.0,1,1,5.0,1.0,8.0,1,2,12.865291
314602.0,3.0,0,15,1,5,57.0,1,1,5.0,2.0,8.0,0,1,12.3215685
314602.0,4.0,1,13,1,5,57.0,1,1,3.0,4.0,4.0,0,1,12.3215685
314602.0,5.0,1,12,1,5,57.0,1,1,3.0,2.0,3.0,1,1,12.3215685
314603.0,2.0,1,14,2,5,57.0,1,1,3.0,5.0,6.0,0,4,12.390583
314603.0,4.0,1,14,2,5,57.0,1,1,3.0,4.0,4.0,0,4,12.390583
314603.0,5.0,1,12,1,5,57.0,1,1,3.0,4.0,4.0,0,4,12.390583
314604.0,3.0,0,17,2,5,57.0,1,1,5.0,2.0,8.0,0,5,11.618735
314606.0,2.0,1,15,1,5,57.0,2,1,3.0,3.0,3.0,0,4,11.185476
314607.0,3.0,1,16,1,5,57.0,2,1,3.0,2.0,0.0,0,2,11.704793
314607.0,4.0,1,14,2,5,57.0,2,1,3.0,5.0,5.0,0,2,11.704793
314608.0,3.0,1,17,2,5,57.0,2,1,3.0,4.0,0.0,0,5,11.902776
314608.0,4.0,1,15,1,5,57.0,2,1,3.0,3.0,3.0,0,5,11.902776
314608.0,5.0,1,12,1,5,57.0,2,1,3.0,3.0,3.0,0,5,11.902776
314609.0,3.0,1,13,2,5,57.0,2,1,3.0,0.0,1.0,1,3,11.396403
314612.0,5.0,1,13,2,5,57.0,2,1,3.0,4.0,4.0,0,5,11.537628
314617.0,3.0,0,16,1,5,57.0,2,1,5.0,1.0,8.0,1,5,12.075457
314617.0,4.0,1,14,1,5,57.0,2,1,3.0,5.0,5.0,0,5,12.075457
314619.0,2.0,1,12,1,5,57.0,2,1,3.0,1.0,2.0,1,3,9.561068
314622.0,2.0,1,16,1,5,57.0,2,1,3.0,1.0,0.0,0,1,0.0
314626.0,3.0,1,17,1,5,57.0,1,1,3.0,5.0,5.0,0,3,12.228451
314626.0,4.0,1,15,2,5,57.0,1,1,5.0,0.0,6.0,0,3,12.228451
314626.0,5.0,1,14,2,5,57.0,1,1,3.0,4.0,4.0,0,3,12.228451
314626.0,6.0,1,12,2,5,57.0,1,1,3.0,3.0,3.0,0,3,12.228451
314628.0,4.0,1,15,2,5,57.0,1,1,3.0,4.0,5.0,0,5,10.911008
314631.0,5.0,0,16,2,5,57.0,1,1,5.0,2.0,8.0,0,5,12.793195
314632.0,5.0,1,16,1,5,57.0,2,1,3.0,2.0,0.0,0,3,10.729328
314634.0,6.0,1,13,2,5,57.0,2,1,3.0,3.0,3.0,0,3,10.959123
314635.0,3.0,1,13,1,5,57.0,2,1,3.0,2.0,3.0,0,1,11.310209
314637.0,3.0,1,15,1,5,57.0,2,1,3.0,5.0,5.0,0,3,13.393498
314637.0,4.0,1,12,1,5,57.0,2,1,3.0,3.0,3.0,0,3,13.393498
314642.0,2.0,0,15,2,5,57.0,2,1,5.0,0.0,6.0,0,2,11.848226
314643.0,3.0,1,12,2,5,57.0,2,1,3.0,2.0,2.0,0,2,11.526345
314645.0,3.0,1,16,1,5,57.0,2,1,3.0,5.0,6.0,0,3,10.842049
314645.0,4.0,1,15,2,5,57.0,2,1,3.0,2.0,3.0,1,3,10.842049
314645.0,5.0,1,13,1,5,57.0,2,1,3.0,1.0,2.0,1,3,10.842049
314646.0,2.0,1,17,1,5,57.0,2,1,3.0,4.0,0.0,0,3,10.697972
314649.0,3.0,1,12,2,5,57.0,2,1,3.0,3.0,4.0,1,4,10.9344635
314650.0,3.0,1,17,1,5,57.0,2,1,3.0,5.0,5.0,0,1,11.683099
314653.0,6.0,0,14,2,5,57.0,2,1,5.0,0.0,6.0,0,4,12.692229
314654.0,5.0,1,14,2,5,57.0,2,1,3.0,4.0,4.0,0,3,12.942569
314655.0,2.0,0,16,1,5,57.0,2,1,5.0,1.0,7.0,0,4,12.019959
314655.0,3.0,1,12,2,5,57.0,2,1,3.0,5.0,5.0,0,4,12.019959
314657.0,2.0,0,15,2,5,57.0,2,1,5.0,1.0,7.0,0,5,12.527144
314657.0,3.0,0,14,2,5,57.0,2,1,5.0,1.0,7.0,0,5,12.527144
314663.0,3.0,0,15,2,5,57.0,1,1,5.0,1.0,7.0,0,4,11.340487
314663.0,4.0,1,16,2,5,57.0,1,1,3.0,6.0,0.0,0,4,11.340487
314664.0,5.0,0,17,2,5,57.0,1,1,5.0,2.0,8.0,0,5,14.063863
314668.0,4.0,1,14,1,5,57.0,1,1,3.0,4.0,4.0,0,2,11.8949585
314668.0,5.0,1,12,2,5,57.0,1,1,3.0,3.0,3.0,0,2,11.8949585
314670.0,3.0,1,16,1,5,57.0,1,1,3.0,4.0,5.0,1,1,11.615942
314671.0,3.0,1,16,1,5,57.0,1,1,3.0,5.0,5.0,0,3,13.184373
314673.0,4.0,0,17,1,5,57.0,1,1,6.0,2.0,11.0,0,5,14.9657345
314673.0,5.0,0,16,1,5,57.0,1,1,6.0,0.0,9.0,0,5,14.9657345
314673.0,6.0,0,16,1,5,57.0,1,1,6.0,0.0,9.0,0,5,14.9657345
314676.0,4.0,0,17,1,5,57.0,1,1,6.0,1.0,10.0,0,5,13.928983
314676.0,5.0,0,14,2,5,57.0,1,1,5.0,2.0,8.0,0,5,13.928983
314677.0,3.0,1,12,1,5,57.0,2,1,3.0,3.0,4.0,1,3,11.394716
314679.0,3.0,1,14,1,5,57.0,2,1,3.0,3.0,3.0,0,2,11.956335
314679.0,4.0,1,12,1,5,57.0,2,1,3.0,4.0,4.0,0,2,11.956335
314680.0,4.0,1,14,2,5,57.0,2,1,3.0,5.0,5.0,0,3,11.401446
314681.0,3.0,1,12,2,5,57.0,2,1,3.0,2.0,2.0,0,2,10.821297
314682.0,2.0,1,14,2,5,57.0,2,1,3.0,5.0,5.0,0,2,11.50061
314683.0,2.0,1,12,1,5,57.0,2,1,3.0,1.0,1.0,0,3,10.462418
314685.0,3.0,1,17,1,5,57.0,2,1,3.0,6.0,0.0,0,4,0.0
314687.0,6.0,0,16,1,5,57.0,2,1,5.0,0.0,6.0,0,2,12.016793
314690.0,4.0,1,13,1,5,57.0,2,0,,,,0,1,0.0
314692.0,3.0,1,13,1,5,57.0,2,1,3.0,3.0,3.0,0,3,11.725259
314693.0,3.0,0,16,2,5,57.0,2,1,6.0,0.0,9.0,0,3,12.010884
314693.0,4.0,1,14,1,5,57.0,2,1,3.0,6.0,6.0,0,3,12.010884
314695.0,2.0,0,16,2,5,57.0,1,1,5.0,2.0,8.0,0,5,11.785514
314699.0,3.0,1,15,2,5,57.0,1,1,3.0,4.0,4.0,0,2,11.311434
314699.0,4.0,1,12,2,5,57.0,1,1,3.0,2.0,2.0,0,2,11.311434
314700.0,4.0,1,12,2,5,57.0,1,1,3.0,5.0,5.0,0,1,10.462704
314704.0,3.0,1,15,1,5,57.0,2,1,3.0,3.0,4.0,1,1,11.384535
314705.0,3.0,1,17,2,5,57.0,2,1,3.0,5.0,6.0,1,3,10.738048
314706.0,4.0,1,16,2,5,57.0,2,1,3.0,5.0,5.0,0,1,11.545886
314706.0,5.0,1,12,2,5,57.0,2,1,3.0,4.0,4.0,0,1,11.545886
314709.0,4.0,1,16,2,5,57.0,2,1,3.0,5.0,5.0,0,1,11.189284
314711.0,3.0,1,17,1,5,57.0,2,1,3.0,2.0,0.0,0,1,11.151253
314711.0,4.0,1,14,1,5,57.0,2,1,3.0,4.0,4.0,0,1,11.151253
314717.0,2.0,0,14,2,5,57.0,1,1,5.0,0.0,6.0,0,5,12.698819
314723.0,4.0,1,17,1,5,57.0,2,1,3.0,6.0,6.0,0,2,12.086647
314723.0,5.0,1,14,2,5,57.0,2,1,3.0,5.0,5.0,0,2,12.086647
314727.0,3.0,0,17,1,5,57.0,2,1,5.0,2.0,8.0,0,1,11.990159
314727.0,4.0,1,16,1,5,57.0,2,1,3.0,5.0,5.0,0,1,11.990159
314727.0,5.0,1,13,2,5,57.0,2,1,3.0,4.0,4.0,0,1,11.990159
314732.0,3.0,0,13,2,5,57.0,1,1,5.0,0.0,6.0,0,5,14.367302
314741.0,3.0,1,16,2,5,57.0,2,1,3.0,5.0,0.0,0,1,11.371949
314741.0,4.0,1,13,2,5,57.0,2,1,3.0,4.0,4.0,0,1,11.371949
314742.0,3.0,0,13,2,5,57.0,2,1,5.0,0.0,6.0,0,3,11.934992
314745.0,3.0,1,15,2,5,57.0,2,1,3.0,5.0,5.0,0,3,10.549962
314746.0,3.0,1,15,2,5,57.0,2,1,3.0,4.0,5.0,1,1,11.025995
314747.0,3.0,1,14,1,5,57.0,2,1,3.0,4.0,5.0,1,2,11.618645
314748.0,4.0,1,17,1,5,57.0,2,1,3.0,4.0,4.0,0,1,12.431857
314748.0,5.0,1,15,2,5,57.0,2,1,3.0,4.0,4.0,0,1,12.431857
314748.0,6.0,1,12,1,5,57.0,2,1,3.0,2.0,2.0,0,1,12.431857
314749.0,2.0,0,14,2,5,57.0,2,1,5.0,0.0,6.0,0,3,13.071966
314749.0,3.0,1,12,1,5,57.0,2,1,3.0,3.0,3.0,0,3,13.071966
314750.0,3.0,1,13,1,5,57.0,2,1,3.0,4.0,4.0,0,1,10.848871
314757.0,3.0,0,16,1,5,57.0,2,1,5.0,0.0,6.0,0,4,13.640009
314757.0,4.0,0,16,2,5,57.0,2,1,5.0,2.0,8.0,0,4,13.640009
314757.0,5.0,1,16,2,5,57.0,2,1,3.0,5.0,5.0,0,4,13.640009
314758.0,6.0,0,15,2,5,57.0,1,1,5.0,2.0,8.0,0,5,13.10203
314762.0,4.0,0,15,2,5,57.0,1,1,5.0,1.0,7.0,0,1,10.593154
314765.0,4.0,1,12,2,5,57.0,1,1,3.0,2.0,2.0,0,3,10.578369
314766.0,2.0,0,17,2,5,57.0,1,1,6.0,0.0,9.0,0,3,12.048313
314766.0,3.0,1,15,2,5,57.0,1,1,3.0,5.0,5.0,0,3,12.048313
314766.0,4.0,1,12,1,5,57.0,1,1,3.0,3.0,3.0,0,3,12.048313
314767.0,3.0,1,16,1,5,57.0,2,1,3.0,5.0,5.0,0,2,12.014313
314771.0,3.0,1,13,2,5,57.0,2,1,3.0,3.0,3.0,0,2,11.436055
314774.0,4.0,1,16,2,5,57.0,2,1,3.0,6.0,7.0,0,3,12.953616
314779.0,2.0,1,17,2,5,57.0,2,1,3.0,6.0,0.0,0,2,10.624395
314779.0,3.0,1,15,1,5,57.0,2,1,3.0,2.0,0.0,0,2,10.624395
314781.0,3.0,0,16,1,5,57.0,2,1,5.0,1.0,7.0,0,2,11.521251
314781.0,4.0,1,12,1,5,57.0,2,1,3.0,2.0,2.0,0,2,11.521251
314783.0,5.0,1,17,2,5,57.0,2,1,3.0,4.0,0.0,0,1,0.0
314784.0,4.0,1,16,2,5,57.0,2,1,3.0,4.0,5.0,0,1,12.063218
314784.0,5.0,1,13,1,5,57.0,2,1,3.0,3.0,3.0,0,1,12.063218
314785.0,3.0,0,17,1,5,57.0,2,1,5.0,0.0,6.0,0,3,12.426857
314785.0,4.0,1,15,2,5,57.0,2,1,3.0,5.0,5.0,0,3,12.426857
314786.0,5.0,0,17,2,5,57.0,2,1,5.0,0.0,6.0,0,4,13.824962
314786.0,6.0,0,13,2,5,57.0,2,1,5.0,0.0,6.0,0,4,13.824962
314786.0,7.0,1,12,1,5,57.0,2,1,3.0,4.0,5.0,1,4,13.824962
314788.0,3.0,1,13,2,5,57.0,2,1,3.0,3.0,3.0,0,1,11.011241
314789.0,3.0,0,16,1,5,57.0,2,1,5.0,0.0,7.0,1,2,10.897868
314791.0,4.0,0,15,2,5,57.0,2,1,5.0,1.0,7.0,0,5,13.633084
314791.0,5.0,0,15,1,5,57.0,2,1,5.0,1.0,7.0,0,5,13.633084
314792.0,2.0,0,17,2,5,57.0,2,1,6.0,0.0,9.0,0,4,12.804665
314792.0,3.0,1,14,1,5,57.0,2,1,3.0,4.0,4.0,0,4,12.804665
314794.0,5.0,1,17,1,5,57.0,2,1,3.0,1.0,0.0,0,5,12.393738
314794.0,6.0,1,13,2,5,57.0,2,1,3.0,1.0,1.0,0,5,12.393738
314794.0,7.0,1,13,1,5,57.0,2,1,3.0,1.0,1.0,0,5,12.393738
314796.0,3.0,0,17,2,5,57.0,2,1,5.0,2.0,8.0,0,5,11.779595
314797.0,4.0,1,16,2,5,57.0,2,1,3.0,5.0,5.0,0,3,13.10529
314800.0,4.0,1,12,2,5,57.0,2,1,3.0,4.0,4.0,0,4,11.2954035
314801.0,3.0,1,15,2,5,57.0,2,1,3.0,4.0,4.0,0,1,10.700454
314802.0,4.0,0,17,2,5,57.0,2,1,6.0,1.0,10.0,0,4,12.515801
314802.0,5.0,1,12,2,5,57.0,2,1,3.0,5.0,5.0,0,4,12.515801
314803.0,3.0,1,12,1,5,57.0,2,1,3.0,3.0,3.0,0,2,11.713627
314804.0,5.0,0,15,2,5,57.0,2,1,5.0,1.0,7.0,0,3,12.593564
314805.0,4.0,1,16,1,5,57.0,2,1,3.0,5.0,0.0,0,2,10.560386
314806.0,4.0,1,17,2,5,57.0,2,1,3.0,5.0,0.0,0,1,10.397451
314806.0,6.0,1,12,2,5,57.0,2,1,3.0,0.0,1.0,0,1,10.397451
314807.0,3.0,1,13,1,5,57.0,2,1,3.0,4.0,5.0,1,3,11.570024
314810.0,3.0,1,12,1,5,57.0,2,1,3.0,3.0,3.0,0,3,10.518024
314814.0,2.0,1,15,2,5,57.0,1,1,3.0,6.0,0.0,0,5,10.498912
314815.0,3.0,1,13,2,5,57.0,1,1,3.0,3.0,4.0,1,3,11.709528
314816.0,4.0,0,17,2,5,57.0,1,1,5.0,2.0,8.0,0,2,11.775452
314818.0,2.0,0,17,1,5,57.0,1,1,6.0,0.0,9.0,0,4,12.825468
314825.0,3.0,1,17,2,5,57.0,2,1,5.0,3.0,0.0,0,4,10.989116
314827.0,3.0,1,13,1,5,57.0,2,1,3.0,4.0,4.0,0,4,11.596816
314828.0,4.0,1,12,2,5,57.0,2,1,3.0,1.0,2.0,1,1,10.45236
314833.0,2.0,1,14,2,5,57.0,1,1,3.0,4.0,4.0,0,3,11.896322
314837.0,7.0,0,14,2,5,57.0,1,1,5.0,0.0,6.0,0,2,12.038813
314840.0,3.0,1,15,2,5,57.0,1,1,3.0,5.0,5.0,0,2,11.312655
314841.0,3.0,1,12,2,5,57.0,1,1,3.0,5.0,5.0,0,5,13.781541
314844.0,3.0,1,14,1,5,57.0,1,1,3.0,4.0,5.0,1,4,12.47448
314844.0,5.0,1,16,2,5,57.0,1,1,5.0,1.0,8.0,0,4,12.47448
314847.0,5.0,1,17,2,5,57.0,1,1,3.0,4.0,0.0,0,4,12.273736
314851.0,6.0,0,13,2,5,57.0,1,1,5.0,0.0,6.0,0,4,13.685813
314852.0,6.0,0,15,2,5,57.0,1,1,5.0,0.0,6.0,0,5,13.602764
314854.0,2.0,1,17,2,5,57.0,1,1,5.0,1.0,0.0,0,5,0.0
314856.0,4.0,1,17,2,5,57.0,1,1,5.0,0.0,7.0,0,5,0.0
314857.0,3.0,0,15,1,5,57.0,2,1,5.0,1.0,7.0,0,4,13.498263
314858.0,4.0,0,15,1,5,57.0,2,1,5.0,0.0,6.0,0,3,12.235199
314858.0,5.0,1,13,2,5,57.0,2,1,3.0,4.0,4.0,0,3,12.235199
314861.0,4.0,1,13,1,5,57.0,2,1,3.0,4.0,4.0,0,2,12.055982
314861.0,9.0,1,17,1,5,57.0,2,1,3.0,4.0,4.0,0,2,12.055982
314865.0,5.0,1,13,2,5,57.0,2,1,3.0,5.0,5.0,0,5,13.660265
314866.0,4.0,0,17,1,5,57.0,2,1,5.0,1.0,7.0,0,3,11.569174
314868.0,4.0,1,16,1,5,57.0,2,1,3.0,4.0,4.0,0,5,10.421567
314868.0,5.0,1,14,1,5,57.0,2,1,3.0,2.0,0.0,0,5,10.421567
314869.0,5.0,1,16,1,5,57.0,2,1,3.0,3.0,3.0,0,3,11.149816
314870.0,4.0,1,16,2,5,57.0,2,1,3.0,2.0,3.0,0,2,0.0
314871.0,6.0,1,16,1,5,57.0,2,1,3.0,4.0,4.0,0,1,11.282267
314872.0,4.0,0,17,2,5,57.0,2,1,5.0,1.0,8.0,0,4,13.25191
314872.0,5.0,0,15,1,5,57.0,2,1,5.0,0.0,6.0,0,4,13.25191
314872.0,8.0,1,15,1,5,57.0,2,1,3.0,0.0,0.0,0,4,13.25191
314874.0,4.0,1,16,1,5,57.0,2,1,3.0,2.0,2.0,0,2,11.704793
314874.0,5.0,1,13,2,5,57.0,2,1,3.0,1.0,2.0,1,2,11.704793
314877.0,7.0,1,15,2,5,57.0,1,1,3.0,2.0,0.0,0,5,13.744042
314883.0,2.0,1,13,2,5,57.0,1,1,3.0,3.0,3.0,0,3,11.549267
314885.0,2.0,1,12,1,5,57.0,2,1,3.0,1.0,2.0,1,1,11.158405
314886.0,2.0,0,16,2,5,57.0,2,1,5.0,1.0,7.0,0,4,11.505508
314888.0,3.0,1,16,2,5,57.0,2,1,3.0,4.0,4.0,0,2,13.112265
314889.0,7.0,0,16,1,5,57.0,2,1,5.0,0.0,6.0,0,1,12.0644865
314890.0,5.0,0,15,2,5,57.0,2,1,5.0,0.0,6.0,0,3,12.408344
314892.0,3.0,1,13,1,5,57.0,2,1,3.0,1.0,2.0,1,3,10.936245
314894.0,4.0,0,17,1,5,57.0,1,1,5.0,1.0,7.0,0,1,11.712891
314894.0,5.0,1,14,2,5,57.0,1,1,3.0,6.0,6.0,0,1,11.712891
314899.0,2.0,1,13,2,5,57.0,1,1,3.0,4.0,4.0,0,2,11.375398
314912.0,3.0,1,13,2,5,57.0,1,1,3.0,5.0,5.0,0,5,11.326005
314914.0,5.0,1,17,1,5,57.0,1,1,5.0,2.0,0.0,0,4,14.449585
314914.0,6.0,1,14,1,5,57.0,1,1,3.0,4.0,5.0,0,4,14.449585
314917.0,3.0,0,15,1,5,57.0,1,1,5.0,1.0,7.0,0,5,10.921631
314918.0,3.0,0,14,1,5,57.0,1,1,5.0,0.0,6.0,0,4,12.391871
314920.0,3.0,1,16,1,5,57.0,2,1,3.0,3.0,0.0,0,4,0.0
314924.0,4.0,1,15,2,5,57.0,2,1,3.0,4.0,4.0,0,4,12.005796
314924.0,5.0,1,13,2,5,57.0,2,1,3.0,2.0,2.0,0,4,12.005796
314925.0,3.0,0,17,1,5,57.0,2,1,6.0,1.0,10.0,0,5,13.560717
314926.0,3.0,0,14,2,5,57.0,2,1,5.0,2.0,8.0,0,3,12.222541
314926.0,4.0,0,13,1,5,57.0,2,1,5.0,1.0,7.0,0,3,12.222541
314927.0,5.0,1,17,2,5,57.0,2,1,3.0,6.0,0.0,0,4,13.228273
314929.0,5.0,1,17,1,5,57.0,2,1,3.0,4.0,0.0,0,4,10.44001
314932.0,3.0,1,13,2,5,57.0,2,1,3.0,4.0,4.0,0,5,11.694422
314932.0,4.0,1,12,2,5,57.0,2,1,3.0,3.0,3.0,0,5,11.694422
314935.0,4.0,1,15,1,5,57.0,2,1,3.0,4.0,4.0,0,4,11.625816
314936.0,3.0,1,13,1,5,57.0,2,1,3.0,5.0,5.0,0,4,11.434434
314938.0,3.0,1,14,1,5,57.0,2,1,3.0,4.0,5.0,1,4,11.726633
314938.0,4.0,1,13,2,5,57.0,2,1,3.0,4.0,4.0,0,4,11.726633
314939.0,2.0,1,16,1,5,57.0,2,1,3.0,5.0,5.0,0,5,11.891369
314939.0,3.0,1,14,1,5,57.0,2,1,3.0,0.0,1.0,1,5,11.891369
314939.0,8.0,1,14,2,5,57.0,2,1,3.0,2.0,3.0,1,5,11.891369
314941.0,3.0,0,17,1,5,57.0,2,1,5.0,1.0,7.0,0,5,12.604131
314941.0,4.0,1,13,2,5,57.0,2,1,3.0,4.0,4.0,0,5,12.604131
314943.0,3.0,1,14,1,5,57.0,2,1,3.0,0.0,1.0,1,3,11.089057
314944.0,8.0,0,15,1,5,57.0,2,1,5.0,0.0,6.0,0,2,11.814037
314944.0,9.0,1,12,2,5,57.0,2,1,3.0,4.0,4.0,0,2,11.814037
314944.0,10.0,1,13,1,5,57.0,2,1,3.0,0.0,0.0,0,2,11.814037
314946.0,4.0,0,16,2,5,57.0,2,1,5.0,0.0,6.0,0,4,12.768601
314946.0,5.0,1,13,1,5,57.0,2,1,3.0,3.0,3.0,0,4,12.768601
314948.0,3.0,1,14,2,5,57.0,2,1,3.0,2.0,0.0,0,1,6.908755
314950.0,2.0,1,15,1,5,57.0,2,1,3.0,1.0,0.0,0,2,7.696667
314950.0,3.0,1,14,2,5,57.0,2,1,3.0,1.0,0.0,0,2,7.696667
314951.0,6.0,1,14,1,5,57.0,2,1,3.0,5.0,0.0,0,2,10.43341
314954.0,5.0,1,17,2,5,57.0,2,1,3.0,3.0,0.0,0,1,0.0
314959.0,5.0,0,17,1,5,57.0,1,1,5.0,2.0,8.0,0,5,14.630582
314959.0,6.0,0,16,2,5,57.0,1,1,5.0,1.0,7.0,0,5,14.630582
314959.0,7.0,0,15,1,5,57.0,1,1,5.0,0.0,6.0,0,5,14.630582
314965.0,5.0,1,16,2,5,57.0,2,1,3.0,0.0,0.0,0,4,11.058417
314968.0,4.0,1,17,1,5,57.0,2,1,5.0,1.0,8.0,0,3,11.425852
314968.0,5.0,0,14,2,5,57.0,2,1,5.0,0.0,6.0,0,3,11.425852
314974.0,5.0,1,16,1,5,57.0,2,1,5.0,0.0,7.0,0,1,11.398087
314974.0,6.0,1,14,2,5,57.0,2,1,3.0,2.0,0.0,0,1,11.398087
314975.0,3.0,1,12,1,5,57.0,2,1,3.0,4.0,4.0,0,3,11.407021
314976.0,6.0,1,16,1,5,57.0,2,1,3.0,5.0,5.0,0,5,12.187455
314976.0,7.0,0,16,1,5,57.0,2,1,5.0,0.0,6.0,0,5,12.187455
314981.0,3.0,0,17,2,5,57.0,2,1,6.0,0.0,9.0,0,1,11.458849
314986.0,6.0,1,15,1,5,57.0,1,1,3.0,2.0,3.0,0,2,10.974403
314991.0,4.0,0,17,2,5,57.0,1,1,5.0,2.0,8.0,0,2,11.735557
314991.0,5.0,1,14,1,5,57.0,1,1,3.0,2.0,2.0,0,2,11.735557
314993.0,3.0,0,14,1,5,57.0,2,1,5.0,0.0,6.0,0,2,11.865243
314994.0,3.0,1,17,1,5,57.0,2,1,3.0,2.0,0.0,0,2,10.274223
315002.0,4.0,1,12,1,5,57.0,2,1,3.0,3.0,,0,1,11.042137
315006.0,2.0,1,15,1,5,57.0,2,1,3.0,5.0,,0,2,11.235207
315007.0,4.0,1,12,2,5,57.0,2,1,3.0,4.0,,0,4,10.647233
315008.0,3.0,1,17,2,5,57.0,2,1,3.0,4.0,,0,3,11.965917
315008.0,4.0,1,13,2,5,57.0,2,1,3.0,3.0,,0,3,11.965917
315008.0,6.0,1,12,1,5,57.0,2,1,3.0,3.0,,0,3,11.965917
315009.0,5.0,0,17,2,5,57.0,2,1,5.0,2.0,,0,1,11.699704
315010.0,2.0,1,14,2,5,57.0,2,1,3.0,2.0,,0,1,11.190666
315011.0,3.0,1,16,2,5,57.0,2,1,5.0,0.0,,0,4,11.764858
315016.0,5.0,0,16,2,5,57.0,2,1,6.0,0.0,,0,3,13.682586
315016.0,6.0,1,12,1,5,57.0,2,1,3.0,3.0,,0,3,13.682586
315018.0,2.0,1,17,2,5,57.0,2,1,3.0,3.0,,0,4,11.3868065
315018.0,3.0,1,13,1,5,57.0,2,1,3.0,2.0,,0,4,11.3868065
315021.0,3.0,1,12,1,5,57.0,2,1,3.0,4.0,,0,1,11.516679
315025.0,2.0,1,17,1,5,57.0,2,1,3.0,2.0,,0,2,10.448019
315025.0,3.0,1,15,1,5,57.0,2,1,3.0,2.0,,0,2,10.448019
315026.0,4.0,1,16,1,5,57.0,2,1,3.0,3.0,,0,1,11.436595
315027.0,4.0,1,14,2,5,57.0,2,1,3.0,5.0,,0,1,12.351626
315028.0,4.0,1,14,1,5,57.0,2,1,3.0,4.0,,1,3,12.331872
315028.0,5.0,1,14,1,5,57.0,2,1,5.0,0.0,,0,3,12.331872
315029.0,4.0,1,13,2,5,57.0,2,1,3.0,2.0,,0,3,12.849442
315034.0,4.0,1,16,1,5,57.0,2,1,3.0,4.0,,0,3,11.622103
315035.0,3.0,1,13,2,5,57.0,2,1,3.0,4.0,,0,5,11.5878105
315036.0,2.0,1,13,1,5,57.0,2,1,3.0,4.0,,0,3,11.419175
315042.0,4.0,1,16,2,5,57.0,1,1,3.0,4.0,,0,5,0.0
315046.0,3.0,1,15,1,5,57.0,1,1,3.0,5.0,,0,3,11.627825
315046.0,4.0,1,12,1,5,57.0,1,1,3.0,2.0,,0,3,11.627825
315047.0,5.0,0,16,2,5,57.0,1,1,5.0,2.0,,0,2,13.337121
315048.0,4.0,1,13,2,5,57.0,1,1,3.0,1.0,,1,3,10.704951
315049.0,4.0,1,16,1,5,57.0,1,1,3.0,1.0,,0,3,11.496298
315049.0,5.0,1,14,2,5,57.0,1,1,3.0,3.0,,0,3,11.496298
315049.0,6.0,1,12,1,5,57.0,1,1,3.0,1.0,,0,3,11.496298
315050.0,2.0,1,15,2,5,57.0,1,1,3.0,5.0,,0,1,11.201647
315052.0,3.0,1,13,1,5,57.0,1,1,3.0,2.0,,0,2,11.23916
315054.0,4.0,0,17,1,5,57.0,1,1,5.0,1.0,,1,5,11.55958
